doc_id,origin,title,normalized_title,source_url,source_slug,fallback_slug,canonical_slug,section_or_category,local_path
new:builder,academy,Builder,builder,https://academy.bricksbuilder.io/builder/,builder,builder,builder,builder,
new:builder/dynamic-content/dynamic-data,academy,Dynamic Data,dynamic data,https://academy.bricksbuilder.io/builder/dynamic-content/dynamic-data/,dynamic-data,dynamic-data,dynamic-data,builder/dynamic-content,
new:builder/dynamic-content/global-queries-query-manager,academy,Global Queries & Query Manager,global queries and query manager,https://academy.bricksbuilder.io/builder/dynamic-content/global-queries-query-manager/,global-queries-query-manager,global-queries-query-manager,global-queries-query-manager,builder/dynamic-content,
new:builder/dynamic-content/query-data-from-apis,academy,Query Data from APIs,query data from apis,https://academy.bricksbuilder.io/builder/dynamic-content/query-data-from-apis/,query-data-from-apis,query-data-from-apis,query-data-from-apis,builder/dynamic-content,
new:builder/dynamic-content/query-filters,academy,"Query Sort, Filter & Live Search",query sort filter and live search,https://academy.bricksbuilder.io/builder/dynamic-content/query-filters/,query-filters,query-filters,query-filters,builder/dynamic-content,
new:builder/dynamic-content/query-loop,academy,Query Loop,query loop,https://academy.bricksbuilder.io/builder/dynamic-content/query-loop/,query-loop,query-loop,query-loop,builder/dynamic-content,
new:builder/elements,academy,Elements,elements,https://academy.bricksbuilder.io/builder/elements/,elements,elements,elements,builder/elements,
new:builder/elements/basic/button,academy,Button,button,https://academy.bricksbuilder.io/builder/elements/basic/button/,button,button,button,builder/elements,
new:builder/elements/basic/heading,academy,Heading,heading,https://academy.bricksbuilder.io/builder/elements/basic/heading/,heading,heading,heading,builder/elements,
new:builder/elements/basic/icon,academy,Icon,icon,https://academy.bricksbuilder.io/builder/elements/basic/icon/,icon,icon,icon,builder/elements,
new:builder/elements/basic/image,academy,Image,image,https://academy.bricksbuilder.io/builder/elements/basic/image/,image,image,image,builder/elements,
new:builder/elements/basic/text-basic,academy,Text basic,text basic,https://academy.bricksbuilder.io/builder/elements/basic/text-basic/,text-basic,text-basic,text-basic,builder/elements,
new:builder/elements/basic/text-link,academy,Text Link,text link,https://academy.bricksbuilder.io/builder/elements/basic/text-link/,text-link,text-link,text-link,builder/elements,
new:builder/elements/basic/text,academy,Rich text,rich text,https://academy.bricksbuilder.io/builder/elements/basic/text/,text,text,text,builder/elements,
new:builder/elements/basic/video,academy,Video,video,https://academy.bricksbuilder.io/builder/elements/basic/video/,video,video,video,builder/elements,
new:builder/elements/filter/filter-active-filters,academy,Filter active filters,filter active filters,https://academy.bricksbuilder.io/builder/elements/filter/filter-active-filters/,filter-active-filters,filter-active-filters,active-filters,builder/elements,
new:builder/elements/filter/filter-checkbox,academy,Filter checkbox,filter checkbox,https://academy.bricksbuilder.io/builder/elements/filter/filter-checkbox/,filter-checkbox,filter-checkbox,checkbox,builder/elements,
new:builder/elements/filter/filter-datepicker,academy,Filter datepicker,filter datepicker,https://academy.bricksbuilder.io/builder/elements/filter/filter-datepicker/,filter-datepicker,filter-datepicker,datepicker,builder/elements,
new:builder/elements/filter/filter-radio,academy,Filter radio,filter radio,https://academy.bricksbuilder.io/builder/elements/filter/filter-radio/,filter-radio,filter-radio,radio,builder/elements,
new:builder/elements/filter/filter-range,academy,Filter range,filter range,https://academy.bricksbuilder.io/builder/elements/filter/filter-range/,filter-range,filter-range,range,builder/elements,
new:builder/elements/filter/filter-search,academy,Filter search,filter search,https://academy.bricksbuilder.io/builder/elements/filter/filter-search/,filter-search,filter-search,search,builder/elements,
new:builder/elements/filter/filter-select,academy,Filter select,filter select,https://academy.bricksbuilder.io/builder/elements/filter/filter-select/,filter-select,filter-select,select,builder/elements,
new:builder/elements/filter/filter-submit,academy,Filter submit,filter submit,https://academy.bricksbuilder.io/builder/elements/filter/filter-submit/,filter-submit,filter-submit,submit,builder/elements,
new:builder/elements/general/accordion-nested,academy,Accordion (nestable),accordion nestable,https://academy.bricksbuilder.io/builder/elements/general/accordion-nested/,accordion-nested,accordion-nested,accordion-nested,builder/elements,
new:builder/elements/general/accordion,academy,Accordion,accordion,https://academy.bricksbuilder.io/builder/elements/general/accordion/,accordion,accordion,accordion,builder/elements,
new:builder/elements/general/alert,academy,Alert,alert,https://academy.bricksbuilder.io/builder/elements/general/alert/,alert,alert,alert,builder/elements,
new:builder/elements/general/animated-typing,academy,Animated typing,animated typing,https://academy.bricksbuilder.io/builder/elements/general/animated-typing/,animated-typing,animated-typing,animated-typing,builder/elements,
new:builder/elements/general/back-to-top,academy,Back to Top,back to top,https://academy.bricksbuilder.io/builder/elements/general/back-to-top/,back-to-top,back-to-top,back-to-top,builder/elements,
new:builder/elements/general/breadcrumbs,academy,Breadcrumbs,breadcrumbs,https://academy.bricksbuilder.io/builder/elements/general/breadcrumbs/,breadcrumbs,breadcrumbs,breadcrumbs,builder/elements,
new:builder/elements/general/code,academy,Code,code,https://academy.bricksbuilder.io/builder/elements/general/code/,code,code,code,builder/elements,
new:builder/elements/general/countdown,academy,Countdown,countdown,https://academy.bricksbuilder.io/builder/elements/general/countdown/,countdown,countdown,countdown,builder/elements,
new:builder/elements/general/counter,academy,Counter,counter,https://academy.bricksbuilder.io/builder/elements/general/counter/,counter,counter,counter,builder/elements,
new:builder/elements/general/dropdown,academy,Dropdown,dropdown,https://academy.bricksbuilder.io/builder/elements/general/dropdown/,dropdown,dropdown,dropdown,builder/elements,
new:builder/elements/general/facebook-page,academy,Facebook page,facebook page,https://academy.bricksbuilder.io/builder/elements/general/facebook-page/,facebook-page,facebook-page,facebook-page,builder/elements,
new:builder/elements/general/form,academy,Form,form,https://academy.bricksbuilder.io/builder/elements/general/form/,form,form,form,builder/elements,
new:builder/elements/general/html,academy,HTML,html,https://academy.bricksbuilder.io/builder/elements/general/html/,html,html,html,builder/elements,
new:builder/elements/general/icon-box,academy,Icon box,icon box,https://academy.bricksbuilder.io/builder/elements/general/icon-box/,icon-box,icon-box,icon-box,builder/elements,
new:builder/elements/general/icon-list,academy,Icon list,icon list,https://academy.bricksbuilder.io/builder/elements/general/icon-list/,icon-list,icon-list,icon-list,builder/elements,
new:builder/elements/general/map-connector,academy,Map Connector,map connector,https://academy.bricksbuilder.io/builder/elements/general/map-connector/,map-connector,map-connector,map-connector,builder/elements,
new:builder/elements/general/map-leaflet,academy,Map (Leaflet),map leaflet,https://academy.bricksbuilder.io/builder/elements/general/map-leaflet/,map-leaflet,map-leaflet,map-leaflet,builder/elements,
new:builder/elements/general/map,academy,Map,map,https://academy.bricksbuilder.io/builder/elements/general/map/,map,map,map,builder/elements,
new:builder/elements/general/nav-nested,academy,Nav (Nestable),nav nestable,https://academy.bricksbuilder.io/builder/elements/general/nav-nested/,nav-nested,nav-nested,nav-nested,builder/elements,
new:builder/elements/general/offcanvas,academy,Offcanvas,offcanvas,https://academy.bricksbuilder.io/builder/elements/general/offcanvas/,offcanvas,offcanvas,offcanvas,builder/elements,
new:builder/elements/general/pie-chart,academy,Pie chart,pie chart,https://academy.bricksbuilder.io/builder/elements/general/pie-chart/,pie-chart,pie-chart,pie-chart,builder/elements,
new:builder/elements/general/pricing-tables,academy,Pricing tables,pricing tables,https://academy.bricksbuilder.io/builder/elements/general/pricing-tables/,pricing-tables,pricing-tables,pricing-tables,builder/elements,
new:builder/elements/general/progress-bar,academy,Progress bar,progress bar,https://academy.bricksbuilder.io/builder/elements/general/progress-bar/,progress-bar,progress-bar,progress-bar,builder/elements,
new:builder/elements/general/rating,academy,Rating,rating,https://academy.bricksbuilder.io/builder/elements/general/rating/,rating,rating,rating,builder/elements,
new:builder/elements/general/slot,academy,Slot,slot,https://academy.bricksbuilder.io/builder/elements/general/slot/,slot,slot,slot,builder/elements,
new:builder/elements/general/tabs-nested,academy,Tabs (nestable),tabs nestable,https://academy.bricksbuilder.io/builder/elements/general/tabs-nested/,tabs-nested,tabs-nested,tabs-nested,builder/elements,
new:builder/elements/general/tabs,academy,Tabs,tabs,https://academy.bricksbuilder.io/builder/elements/general/tabs/,tabs,tabs,tabs,builder/elements,
new:builder/elements/general/team-members,academy,Team members,team members,https://academy.bricksbuilder.io/builder/elements/general/team-members/,team-members,team-members,team-members,builder/elements,
new:builder/elements/general/template,academy,Template,template,https://academy.bricksbuilder.io/builder/elements/general/template/,template,template,template,builder/elements,
new:builder/elements/general/testimonials,academy,Testimonials,testimonials,https://academy.bricksbuilder.io/builder/elements/general/testimonials/,testimonials,testimonials,testimonials,builder/elements,
new:builder/elements/general/toggle-mode,academy,Toggle - Mode,toggle mode,https://academy.bricksbuilder.io/builder/elements/general/toggle-mode/,toggle-mode,toggle-mode,toggle-mode,builder/elements,
new:builder/elements/general/toggle,academy,Toggle,toggle,https://academy.bricksbuilder.io/builder/elements/general/toggle/,toggle,toggle,toggle,builder/elements,
new:builder/elements/layout/block,academy,Block,block,https://academy.bricksbuilder.io/builder/elements/layout/block/,block,block,block,builder/elements,
new:builder/elements/layout/container,academy,Container,container,https://academy.bricksbuilder.io/builder/elements/layout/container/,container,container,container,builder/elements,
new:builder/elements/layout/div,academy,Div,div,https://academy.bricksbuilder.io/builder/elements/layout/div/,div,div,div,builder/elements,
new:builder/elements/layout/divider,academy,Divider,divider,https://academy.bricksbuilder.io/builder/elements/layout/divider/,divider,divider,divider,builder/elements,
new:builder/elements/layout/list,academy,List,list,https://academy.bricksbuilder.io/builder/elements/layout/list/,list,list,list,builder/elements,
new:builder/elements/layout/section,academy,Section,section,https://academy.bricksbuilder.io/builder/elements/layout/section/,section,section,section,builder/elements,
new:builder/elements/media/audio,academy,Audio,audio,https://academy.bricksbuilder.io/builder/elements/media/audio/,audio,audio,audio,builder/elements,
new:builder/elements/media/carousel,academy,Carousel,carousel,https://academy.bricksbuilder.io/builder/elements/media/carousel/,carousel,carousel,carousel,builder/elements,
new:builder/elements/media/file,academy,File,file,https://academy.bricksbuilder.io/builder/elements/media/file/,file,file,file,builder/elements,
new:builder/elements/media/image-gallery,academy,Image gallery,image gallery,https://academy.bricksbuilder.io/builder/elements/media/image-gallery/,image-gallery,image-gallery,image-gallery,builder/elements,
new:builder/elements/media/instagram-feed,academy,Instagram feed,instagram feed,https://academy.bricksbuilder.io/builder/elements/media/instagram-feed/,instagram-feed,instagram-feed,instagram-feed,builder/elements,
new:builder/elements/media/logo,academy,Logo,logo,https://academy.bricksbuilder.io/builder/elements/media/logo/,logo,logo,logo,builder/elements,
new:builder/elements/media/slider-nested,academy,Slider (nestable),slider nestable,https://academy.bricksbuilder.io/builder/elements/media/slider-nested/,slider-nested,slider-nested,slider-nested,builder/elements,
new:builder/elements/media/slider,academy,Slider,slider,https://academy.bricksbuilder.io/builder/elements/media/slider/,slider,slider,slider,builder/elements,
new:builder/elements/media/svg,academy,SVG,svg,https://academy.bricksbuilder.io/builder/elements/media/svg/,svg,svg,svg,builder/elements,
new:builder/elements/product/product-add-to-cart,academy,Add to cart,add to cart,https://academy.bricksbuilder.io/builder/elements/product/product-add-to-cart/,product-add-to-cart,product-add-to-cart,product-add-to-cart,builder/elements,
new:builder/elements/product/product-additional-information,academy,Product additional information,product additional information,https://academy.bricksbuilder.io/builder/elements/product/product-additional-information/,product-additional-information,product-additional-information,product-additional-information,builder/elements,
new:builder/elements/product/product-content,academy,Product content,product content,https://academy.bricksbuilder.io/builder/elements/product/product-content/,product-content,product-content,product-content,builder/elements,
new:builder/elements/product/product-gallery,academy,Product gallery,product gallery,https://academy.bricksbuilder.io/builder/elements/product/product-gallery/,product-gallery,product-gallery,product-gallery,builder/elements,
new:builder/elements/product/product-meta,academy,Product meta,product meta,https://academy.bricksbuilder.io/builder/elements/product/product-meta/,product-meta,product-meta,product-meta,builder/elements,
new:builder/elements/product/product-price,academy,Product price,product price,https://academy.bricksbuilder.io/builder/elements/product/product-price/,product-price,product-price,product-price,builder/elements,
new:builder/elements/product/product-rating,academy,Product rating,product rating,https://academy.bricksbuilder.io/builder/elements/product/product-rating/,product-rating,product-rating,product-rating,builder/elements,
new:builder/elements/product/product-related,academy,Related products,related products,https://academy.bricksbuilder.io/builder/elements/product/product-related/,product-related,product-related,product-related,builder/elements,
new:builder/elements/product/product-reviews,academy,Product reviews,product reviews,https://academy.bricksbuilder.io/builder/elements/product/product-reviews/,product-reviews,product-reviews,product-reviews,builder/elements,
new:builder/elements/product/product-short-description,academy,Product short description,product short description,https://academy.bricksbuilder.io/builder/elements/product/product-short-description/,product-short-description,product-short-description,product-short-description,builder/elements,
new:builder/elements/product/product-stock,academy,Product stock,product stock,https://academy.bricksbuilder.io/builder/elements/product/product-stock/,product-stock,product-stock,product-stock,builder/elements,
new:builder/elements/product/product-tabs,academy,Product tabs,product tabs,https://academy.bricksbuilder.io/builder/elements/product/product-tabs/,product-tabs,product-tabs,product-tabs,builder/elements,
new:builder/elements/product/product-title,academy,Product title,product title,https://academy.bricksbuilder.io/builder/elements/product/product-title/,product-title,product-title,product-title,builder/elements,
new:builder/elements/product/product-upsells,academy,Product up/cross-sells,product up/cross sells,https://academy.bricksbuilder.io/builder/elements/product/product-upsells/,product-upsells,product-upsells,product-upsells,builder/elements,
new:builder/elements/query/query-results-summary,academy,Query results summary,query results summary,https://academy.bricksbuilder.io/builder/elements/query/query-results-summary/,query-results-summary,query-results-summary,query-results-summary,builder/elements,
new:builder/elements/single/author,academy,Author,author,https://academy.bricksbuilder.io/builder/elements/single/author/,author,author,author,builder/elements,
new:builder/elements/single/comments,academy,Comments,comments,https://academy.bricksbuilder.io/builder/elements/single/comments/,comments,comments,comments,builder/elements,
new:builder/elements/single/excerpt,academy,Excerpt,excerpt,https://academy.bricksbuilder.io/builder/elements/single/excerpt/,excerpt,excerpt,excerpt,builder/elements,
new:builder/elements/single/meta-data,academy,Meta data,meta data,https://academy.bricksbuilder.io/builder/elements/single/meta-data/,meta-data,meta-data,meta-data,builder/elements,
new:builder/elements/single/post-content,academy,Post content,post content,https://academy.bricksbuilder.io/builder/elements/single/post-content/,post-content,post-content,post-content,builder/elements,
new:builder/elements/single/post-navigation,academy,Post navigation,post navigation,https://academy.bricksbuilder.io/builder/elements/single/post-navigation/,post-navigation,post-navigation,post-navigation,builder/elements,
new:builder/elements/single/post-reading-progress-bar,academy,Post reading progress bar,post reading progress bar,https://academy.bricksbuilder.io/builder/elements/single/post-reading-progress-bar/,post-reading-progress-bar,post-reading-progress-bar,post-reading-progress-bar,builder/elements,
new:builder/elements/single/post-reading-time,academy,Post reading time,post reading time,https://academy.bricksbuilder.io/builder/elements/single/post-reading-time/,post-reading-time,post-reading-time,post-reading-time,builder/elements,
new:builder/elements/single/post-title,academy,Post title,post title,https://academy.bricksbuilder.io/builder/elements/single/post-title/,post-title,post-title,post-title,builder/elements,
new:builder/elements/single/post-toc,academy,Post table of contents,post table of contents,https://academy.bricksbuilder.io/builder/elements/single/post-toc/,post-toc,post-toc,post-toc,builder/elements,
new:builder/elements/single/related-posts,academy,Related posts,related posts,https://academy.bricksbuilder.io/builder/elements/single/related-posts/,related-posts,related-posts,related-posts,builder/elements,
new:builder/elements/single/social-sharing,academy,Social sharing,social sharing,https://academy.bricksbuilder.io/builder/elements/single/social-sharing/,social-sharing,social-sharing,social-sharing,builder/elements,
new:builder/elements/single/taxonomy,academy,Taxonomy,taxonomy,https://academy.bricksbuilder.io/builder/elements/single/taxonomy/,taxonomy,taxonomy,taxonomy,builder/elements,
new:builder/elements/woocommerce/account-add-payment-method,academy,Account - Add payment method,account add payment method,https://academy.bricksbuilder.io/builder/elements/woocommerce/account-add-payment-method/,account-add-payment-method,account-add-payment-method,account-add-payment-method,builder/elements,
new:builder/elements/woocommerce/account-addresses,academy,Account - Addresses,account addresses,https://academy.bricksbuilder.io/builder/elements/woocommerce/account-addresses/,account-addresses,account-addresses,account-addresses,builder/elements,
new:builder/elements/woocommerce/account-downloads,academy,Account - Downloads,account downloads,https://academy.bricksbuilder.io/builder/elements/woocommerce/account-downloads/,account-downloads,account-downloads,account-downloads,builder/elements,
new:builder/elements/woocommerce/account-form-edit-account,academy,Account - Edit account,account edit account,https://academy.bricksbuilder.io/builder/elements/woocommerce/account-form-edit-account/,account-form-edit-account,account-form-edit-account,account-form-edit-account,builder/elements,
new:builder/elements/woocommerce/account-form-edit-address,academy,Account - Edit address,account edit address,https://academy.bricksbuilder.io/builder/elements/woocommerce/account-form-edit-address/,account-form-edit-address,account-form-edit-address,account-form-edit-address,builder/elements,
new:builder/elements/woocommerce/account-form-login,academy,Account - Login form,account login form,https://academy.bricksbuilder.io/builder/elements/woocommerce/account-form-login/,account-form-login,account-form-login,account-form-login,builder/elements,
new:builder/elements/woocommerce/account-form-lost-password,academy,Account - Lost password,account lost password,https://academy.bricksbuilder.io/builder/elements/woocommerce/account-form-lost-password/,account-form-lost-password,account-form-lost-password,account-form-lost-password,builder/elements,
new:builder/elements/woocommerce/account-form-register,academy,Account - Register form,account register form,https://academy.bricksbuilder.io/builder/elements/woocommerce/account-form-register/,account-form-register,account-form-register,account-form-register,builder/elements,
new:builder/elements/woocommerce/account-form-reset-password,academy,Account - Reset password,account reset password,https://academy.bricksbuilder.io/builder/elements/woocommerce/account-form-reset-password/,account-form-reset-password,account-form-reset-password,account-form-reset-password,builder/elements,
new:builder/elements/woocommerce/account-orders,academy,Account - Orders,account orders,https://academy.bricksbuilder.io/builder/elements/woocommerce/account-orders/,account-orders,account-orders,account-orders,builder/elements,
new:builder/elements/woocommerce/account-page-v2,academy,Account - Page v2,account page v2,https://academy.bricksbuilder.io/builder/elements/woocommerce/account-page-v2/,account-page-v2,account-page-v2,account-page-v2,builder/elements,
new:builder/elements/woocommerce/account-page,academy,Account - Page,account page,https://academy.bricksbuilder.io/builder/elements/woocommerce/account-page/,account-page,account-page,account-page,builder/elements,
new:builder/elements/woocommerce/account-payment-methods,academy,Account - Payment methods,account payment methods,https://academy.bricksbuilder.io/builder/elements/woocommerce/account-payment-methods/,account-payment-methods,account-payment-methods,account-payment-methods,builder/elements,
new:builder/elements/woocommerce/account-view-order,academy,Account - View order,account view order,https://academy.bricksbuilder.io/builder/elements/woocommerce/account-view-order/,account-view-order,account-view-order,account-view-order,builder/elements,
new:builder/elements/woocommerce/breadcrumbs,academy,WooCommerce Breadcrumbs,woocommerce breadcrumbs,https://academy.bricksbuilder.io/builder/elements/woocommerce/breadcrumbs/,breadcrumbs,breadcrumbs,breadcrumbs,builder/elements,
new:builder/elements/woocommerce/cart-collaterals,academy,Cart totals,cart totals,https://academy.bricksbuilder.io/builder/elements/woocommerce/cart-collaterals/,cart-collaterals,cart-collaterals,cart-collaterals,builder/elements,
new:builder/elements/woocommerce/cart-coupon,academy,Cart coupon,cart coupon,https://academy.bricksbuilder.io/builder/elements/woocommerce/cart-coupon/,cart-coupon,cart-coupon,cart-coupon,builder/elements,
new:builder/elements/woocommerce/cart-items,academy,Cart items,cart items,https://academy.bricksbuilder.io/builder/elements/woocommerce/cart-items/,cart-items,cart-items,cart-items,builder/elements,
new:builder/elements/woocommerce/cart-v2,academy,Cart v2,cart v2,https://academy.bricksbuilder.io/builder/elements/woocommerce/cart-v2/,cart-v2,cart-v2,cart-v2,builder/elements,
new:builder/elements/woocommerce/checkout-coupon,academy,Checkout coupon,checkout coupon,https://academy.bricksbuilder.io/builder/elements/woocommerce/checkout-coupon/,checkout-coupon,checkout-coupon,checkout-coupon,builder/elements,
new:builder/elements/woocommerce/checkout-customer-details,academy,Checkout customer details,checkout customer details,https://academy.bricksbuilder.io/builder/elements/woocommerce/checkout-customer-details/,checkout-customer-details,checkout-customer-details,checkout-customer-details,builder/elements,
new:builder/elements/woocommerce/checkout-login,academy,Checkout login,checkout login,https://academy.bricksbuilder.io/builder/elements/woocommerce/checkout-login/,checkout-login,checkout-login,checkout-login,builder/elements,
new:builder/elements/woocommerce/checkout-order-payment,academy,Checkout order payment,checkout order payment,https://academy.bricksbuilder.io/builder/elements/woocommerce/checkout-order-payment/,checkout-order-payment,checkout-order-payment,checkout-order-payment,builder/elements,
new:builder/elements/woocommerce/checkout-order-review,academy,Checkout order review,checkout order review,https://academy.bricksbuilder.io/builder/elements/woocommerce/checkout-order-review/,checkout-order-review,checkout-order-review,checkout-order-review,builder/elements,
new:builder/elements/woocommerce/checkout-order-table,academy,Checkout order table,checkout order table,https://academy.bricksbuilder.io/builder/elements/woocommerce/checkout-order-table/,checkout-order-table,checkout-order-table,checkout-order-table,builder/elements,
new:builder/elements/woocommerce/checkout-thankyou,academy,Checkout thank you,checkout thank you,https://academy.bricksbuilder.io/builder/elements/woocommerce/checkout-thankyou/,checkout-thankyou,checkout-thankyou,checkout-thankyou,builder/elements,
new:builder/elements/woocommerce/checkout-v2,academy,Checkout v2,checkout v2,https://academy.bricksbuilder.io/builder/elements/woocommerce/checkout-v2/,checkout-v2,checkout-v2,checkout-v2,builder/elements,
new:builder/elements/woocommerce/dynamic-fragment,academy,Dynamic fragment,dynamic fragment,https://academy.bricksbuilder.io/builder/elements/woocommerce/dynamic-fragment/,dynamic-fragment,dynamic-fragment,dynamic-fragment,builder/elements,
new:builder/elements/woocommerce/mini-cart,academy,Mini cart,mini cart,https://academy.bricksbuilder.io/builder/elements/woocommerce/mini-cart/,mini-cart,mini-cart,mini-cart,builder/elements,
new:builder/elements/woocommerce/notice,academy,Notice,notice,https://academy.bricksbuilder.io/builder/elements/woocommerce/notice/,notice,notice,notice,builder/elements,
new:builder/elements/woocommerce/products-archive-description,academy,Products archive description,products archive description,https://academy.bricksbuilder.io/builder/elements/woocommerce/products-archive-description/,products-archive-description,products-archive-description,products-archive-description,builder/elements,
new:builder/elements/woocommerce/products-filter,academy,Products filter,products filter,https://academy.bricksbuilder.io/builder/elements/woocommerce/products-filter/,products-filter,products-filter,products-filter,builder/elements,
new:builder/elements/woocommerce/products-orderby,academy,Products orderby,products orderby,https://academy.bricksbuilder.io/builder/elements/woocommerce/products-orderby/,products-orderby,products-orderby,products-orderby,builder/elements,
new:builder/elements/woocommerce/products-pagination,academy,Products pagination,products pagination,https://academy.bricksbuilder.io/builder/elements/woocommerce/products-pagination/,products-pagination,products-pagination,products-pagination,builder/elements,
new:builder/elements/woocommerce/products-total-results,academy,Products total results,products total results,https://academy.bricksbuilder.io/builder/elements/woocommerce/products-total-results/,products-total-results,products-total-results,products-total-results,builder/elements,
new:builder/elements/woocommerce/products,academy,Products,products,https://academy.bricksbuilder.io/builder/elements/woocommerce/products/,products,products,products,builder/elements,
new:builder/elements/woocommerce/template-hook,academy,WooCommerce Template Hook,woocommerce template hook,https://academy.bricksbuilder.io/builder/elements/woocommerce/template-hook/,template-hook,template-hook,template-hook,builder/elements,
new:builder/elements/wordpress/nav-menu,academy,Nav menu,nav menu,https://academy.bricksbuilder.io/builder/elements/wordpress/nav-menu/,nav-menu,nav-menu,nav-menu,builder/elements,
new:builder/elements/wordpress/pagination,academy,Pagination,pagination,https://academy.bricksbuilder.io/builder/elements/wordpress/pagination/,pagination,pagination,pagination,builder/elements,
new:builder/elements/wordpress/posts,academy,Posts,posts,https://academy.bricksbuilder.io/builder/elements/wordpress/posts/,posts,posts,posts,builder/elements,
new:builder/elements/wordpress/search,academy,Search,search,https://academy.bricksbuilder.io/builder/elements/wordpress/search/,search,search,search,builder/elements,
new:builder/elements/wordpress/shortcode,academy,Shortcode,shortcode,https://academy.bricksbuilder.io/builder/elements/wordpress/shortcode/,shortcode,shortcode,shortcode,builder/elements,
new:builder/elements/wordpress/sidebar,academy,Sidebar,sidebar,https://academy.bricksbuilder.io/builder/elements/wordpress/sidebar/,sidebar,sidebar,sidebar,builder/elements,
new:builder/elements/wordpress/wordpress,academy,WordPress,wordpress,https://academy.bricksbuilder.io/builder/elements/wordpress/wordpress/,wordpress,wordpress,wordpress,builder/elements,
new:builder/features,academy,Features,features,https://academy.bricksbuilder.io/builder/features/,features,features,features,builder/features,
new:builder/features/accessibility,academy,Accessibility,accessibility,https://academy.bricksbuilder.io/builder/features/accessibility/,accessibility,accessibility,accessibility,builder/features,
new:builder/features/add-custom-animation-to-interaction,academy,How to add a custom animation in interaction,how to add a custom animation in interaction,https://academy.bricksbuilder.io/builder/features/add-custom-animation-to-interaction/,add-custom-animation-to-interaction,add-custom-animation-to-interaction,add-custom-animation-to-interaction,builder/features,
new:builder/features/ai-abilities-and-skills,academy,AI Abilities and Skills,ai abilities and skills,https://academy.bricksbuilder.io/builder/features/ai-abilities-and-skills/,ai-abilities-and-skills,ai-abilities-and-skills,ai-abilities-and-skills,builder/features,
new:builder/features/an-intro-to-templates,academy,An Intro To Templates,an intro to templates,https://academy.bricksbuilder.io/builder/features/an-intro-to-templates/,an-intro-to-templates,an-intro-to-templates,an-intro-to-templates,builder/features,
new:builder/features/builder-browser,academy,Builder Browser,builder browser,https://academy.bricksbuilder.io/builder/features/builder-browser/,builder-browser,builder-browser,builder-browser,builder/features,
new:builder/features/code-review,academy,Code review,code review,https://academy.bricksbuilder.io/builder/features/code-review/,code-review,code-review,code-review,builder/features,
new:builder/features/code-signatures,academy,Code signatures,code signatures,https://academy.bricksbuilder.io/builder/features/code-signatures/,code-signatures,code-signatures,code-signatures,builder/features,
new:builder/features/color-manager,academy,Color Manager,color manager,https://academy.bricksbuilder.io/builder/features/color-manager/,color-manager,color-manager,color-manager,builder/features,
new:builder/features/components,academy,Components,components,https://academy.bricksbuilder.io/builder/features/components/,components,components,components,builder/features,
new:builder/features/create-template,academy,Creating Your First Template,creating your first template,https://academy.bricksbuilder.io/builder/features/create-template/,create-template,create-template,create-template,builder/features,
new:builder/features/create-update-posts-on-the-frontend,academy,Create & Update Posts on the Frontend,create and update posts on the frontend,https://academy.bricksbuilder.io/builder/features/create-update-posts-on-the-frontend/,create-update-posts-on-the-frontend,create-update-posts-on-the-frontend,create-update-posts-on-the-frontend,builder/features,
new:builder/features/custom-attributes,academy,Custom Attributes,custom attributes,https://academy.bricksbuilder.io/builder/features/custom-attributes/,custom-attributes,custom-attributes,custom-attributes,builder/features,
new:builder/features/custom-authentication-pages,academy,Custom Authentication Pages,custom authentication pages,https://academy.bricksbuilder.io/builder/features/custom-authentication-pages/,custom-authentication-pages,custom-authentication-pages,custom-authentication-pages,builder/features,
new:builder/features/custom-code,academy,Custom Code,custom code,https://academy.bricksbuilder.io/builder/features/custom-code/,custom-code,custom-code,custom-code,builder/features,
new:builder/features/element-conditions,academy,Element Conditions,element conditions,https://academy.bricksbuilder.io/builder/features/element-conditions/,element-conditions,element-conditions,element-conditions,builder/features,
new:builder/features/global-import-export,academy,Global Import / Export,global import / export,https://academy.bricksbuilder.io/builder/features/global-import-export/,global-import-export,global-import-export,global-import-export,builder/features,
new:builder/features/html-css-to-bricks,academy,HTML & CSS to Bricks,html and css to bricks,https://academy.bricksbuilder.io/builder/features/html-css-to-bricks/,html-css-to-bricks,html-css-to-bricks,html-css-to-bricks,builder/features,
new:builder/features/icon-manager,academy,Icon Manager,icon manager,https://academy.bricksbuilder.io/builder/features/icon-manager/,icon-manager,icon-manager,icon-manager,builder/features,
new:builder/features/interactions,academy,Interactions,interactions,https://academy.bricksbuilder.io/builder/features/interactions/,interactions,interactions,interactions,builder/features,
new:builder/features/maintenance-mode,academy,Maintenance Mode,maintenance mode,https://academy.bricksbuilder.io/builder/features/maintenance-mode/,maintenance-mode,maintenance-mode,maintenance-mode,builder/features,
new:builder/features/media-browser,academy,Media Browser,media browser,https://academy.bricksbuilder.io/builder/features/media-browser/,media-browser,media-browser,media-browser,builder/features,
new:builder/features/menu-builder,academy,Menu Builder,menu builder,https://academy.bricksbuilder.io/builder/features/menu-builder/,menu-builder,menu-builder,menu-builder,builder/features,
new:builder/features/nestable-slider-instance,academy,Nestable Slider: Customization via JavaScript,nestable slider customization via javascript,https://academy.bricksbuilder.io/builder/features/nestable-slider-instance/,nestable-slider-instance,nestable-slider-instance,nestable-slider-instance,builder/features,
new:builder/features/password-protection,academy,Password Protection,password protection,https://academy.bricksbuilder.io/builder/features/password-protection/,password-protection,password-protection,password-protection,builder/features,
new:builder/features/popup-builder,academy,Popup Builder,popup builder,https://academy.bricksbuilder.io/builder/features/popup-builder/,popup-builder,popup-builder,popup-builder,builder/features,
new:builder/features/remote-components,academy,Remote Components,remote components,https://academy.bricksbuilder.io/builder/features/remote-components/,remote-components,remote-components,remote-components,builder/features,
new:builder/features/remote-templates,academy,Remote Templates,remote templates,https://academy.bricksbuilder.io/builder/features/remote-templates/,remote-templates,remote-templates,remote-templates,builder/features,
new:builder/features/save-form-submissions,academy,Save Form Submissions,save form submissions,https://academy.bricksbuilder.io/builder/features/save-form-submissions/,save-form-submissions,save-form-submissions,save-form-submissions,builder/features,
new:builder/features/search-criteria,academy,Search Criteria,search criteria,https://academy.bricksbuilder.io/builder/features/search-criteria/,search-criteria,search-criteria,search-criteria,builder/features,
new:builder/features/sidebars,academy,Create Your Own Sidebars,create your own sidebars,https://academy.bricksbuilder.io/builder/features/sidebars/,sidebars,sidebars,sidebars,builder/features,
new:builder/features/style-manager,academy,Style Manager,style manager,https://academy.bricksbuilder.io/builder/features/style-manager/,style-manager,style-manager,style-manager,builder/features,
new:builder/features/svg-uploads,academy,SVG Uploads,svg uploads,https://academy.bricksbuilder.io/builder/features/svg-uploads/,svg-uploads,svg-uploads,svg-uploads,builder/features,
new:builder/features/template-library,academy,Template Library,template library,https://academy.bricksbuilder.io/builder/features/template-library/,template-library,template-library,template-library,builder/features,
new:builder/features/template-settings,academy,Template Settings,template settings,https://academy.bricksbuilder.io/builder/features/template-settings/,template-settings,template-settings,template-settings,builder/features,
new:builder/features/user-activation,academy,User activation,user activation,https://academy.bricksbuilder.io/builder/features/user-activation/,user-activation,user-activation,user-activation,builder/features,
new:builder/features/visual-grid-builder,academy,Visual Grid Builder,visual grid builder,https://academy.bricksbuilder.io/builder/features/visual-grid-builder/,visual-grid-builder,visual-grid-builder,visual-grid-builder,builder/features,
new:builder/features/wireframe-templates,academy,Wireframe Templates,wireframe templates,https://academy.bricksbuilder.io/builder/features/wireframe-templates/,wireframe-templates,wireframe-templates,wireframe-templates,builder/features,
new:builder/interface/builder-access,academy,Builder Access & Capabilities,builder access and capabilities,https://academy.bricksbuilder.io/builder/interface/builder-access/,builder-access,builder-access,builder-access,builder/interface,
new:builder/interface/builder-interface-customiser-profiles,academy,Builder Interface Customiser and Profiles,builder interface customiser and profiles,https://academy.bricksbuilder.io/builder/interface/builder-interface-customiser-profiles/,builder-interface-customiser-profiles,builder-interface-customiser-profiles,builder-interface-customiser-profiles,builder/interface,
new:builder/interface/builder-mode,academy,Builder Mode (Custom),builder mode custom,https://academy.bricksbuilder.io/builder/interface/builder-mode/,builder-mode,builder-mode,builder-mode,builder/interface,
new:builder/interface/command-palette,academy,Command Palette,command palette,https://academy.bricksbuilder.io/builder/interface/command-palette/,command-palette,command-palette,command-palette,builder/interface,
new:builder/interface/context-menu,academy,Context Menu,context menu,https://academy.bricksbuilder.io/builder/interface/context-menu/,context-menu,context-menu,context-menu,builder/interface,
new:builder/interface/editing-elements,academy,Adding & Editing Elements,adding and editing elements,https://academy.bricksbuilder.io/builder/interface/editing-elements/,editing-elements,editing-elements,editing-elements,builder/interface,
new:builder/interface/editing-with-bricks,academy,Start Editing With Bricks,start editing with bricks,https://academy.bricksbuilder.io/builder/interface/editing-with-bricks/,editing-with-bricks,editing-with-bricks,editing-with-bricks,builder/interface,
new:builder/interface/keyboard-shortcuts,academy,Keyboard Shortcuts,keyboard shortcuts,https://academy.bricksbuilder.io/builder/interface/keyboard-shortcuts/,keyboard-shortcuts,keyboard-shortcuts,keyboard-shortcuts,builder/interface,
new:builder/interface/page-settings,academy,Page Settings,page settings,https://academy.bricksbuilder.io/builder/interface/page-settings/,page-settings,page-settings,page-settings,builder/interface,
new:builder/interface/responsive-editing,academy,Responsive Editing,responsive editing,https://academy.bricksbuilder.io/builder/interface/responsive-editing/,responsive-editing,responsive-editing,responsive-editing,builder/interface,
new:builder/interface/revisions,academy,Revisions,revisions,https://academy.bricksbuilder.io/builder/interface/revisions/,revisions,revisions,revisions,builder/interface,
new:builder/interface/save-publish,academy,Save & Publish,save and publish,https://academy.bricksbuilder.io/builder/interface/save-publish/,save-publish,save-publish,save-publish,builder/interface,
new:builder/license/license-and-updates,academy,"License, updates, and your account",license updates and your account,https://academy.bricksbuilder.io/builder/license/license-and-updates/,license-and-updates,license-and-updates,license-and-updates,builder/license,
new:builder/license/restrict-license-key-usage,academy,Restrict License Key Usage,restrict license key usage,https://academy.bricksbuilder.io/builder/license/restrict-license-key-usage/,restrict-license-key-usage,restrict-license-key-usage,restrict-license-key-usage,builder/license,
new:builder/setup/known-issues,academy,Known issues,known issues,https://academy.bricksbuilder.io/builder/setup/known-issues/,known-issues,known-issues,known-issues,builder/setup,
new:builder/setup/requirements,academy,Requirements,requirements,https://academy.bricksbuilder.io/builder/setup/requirements/,requirements,requirements,requirements,builder/setup,
new:builder/setup/settings,academy,Bricks Settings,bricks settings,https://academy.bricksbuilder.io/builder/setup/settings/,settings,settings,settings,builder/setup,
new:builder/setup/troubleshooting,academy,Troubleshooting a Bricks Website,troubleshooting a bricks website,https://academy.bricksbuilder.io/builder/setup/troubleshooting/,troubleshooting,troubleshooting,troubleshooting,builder/setup,
new:builder/styling/adobe-fonts,academy,Integration: Adobe Fonts,integration adobe fonts,https://academy.bricksbuilder.io/builder/styling/adobe-fonts/,adobe-fonts,adobe-fonts,adobe-fonts,builder/styling,
new:builder/styling/cascade-layer,academy,Cascade layer,cascade layer,https://academy.bricksbuilder.io/builder/styling/cascade-layer/,cascade-layer,cascade-layer,cascade-layer,builder/styling,
new:builder/styling/contextual-spacing,academy,Contextual Spacing,contextual spacing,https://academy.bricksbuilder.io/builder/styling/contextual-spacing/,contextual-spacing,contextual-spacing,contextual-spacing,builder/styling,
new:builder/styling/css-grid-layout,academy,CSS Grid Layout,css grid layout,https://academy.bricksbuilder.io/builder/styling/css-grid-layout/,css-grid-layout,css-grid-layout,css-grid-layout,builder/styling,
new:builder/styling/custom-fonts,academy,Custom Fonts,custom fonts,https://academy.bricksbuilder.io/builder/styling/custom-fonts/,custom-fonts,custom-fonts,custom-fonts,builder/styling,
new:builder/styling/fluid-typography,academy,Fluid Typography,fluid typography,https://academy.bricksbuilder.io/builder/styling/fluid-typography/,fluid-typography,fluid-typography,fluid-typography,builder/styling,
new:builder/styling/font-manager,academy,Font Manager,font manager,https://academy.bricksbuilder.io/builder/styling/font-manager/,font-manager,font-manager,font-manager,builder/styling,
new:builder/styling/global-class-import-manager,academy,Global class import manager,global class import manager,https://academy.bricksbuilder.io/builder/styling/global-class-import-manager/,global-class-import-manager,global-class-import-manager,global-class-import-manager,builder/styling,
new:builder/styling/global-class-manager,academy,Global Class Manager,global class manager,https://academy.bricksbuilder.io/builder/styling/global-class-manager/,global-class-manager,global-class-manager,global-class-manager,builder/styling,
new:builder/styling/global-css-classes,academy,Global CSS Classes,global css classes,https://academy.bricksbuilder.io/builder/styling/global-css-classes/,global-css-classes,global-css-classes,global-css-classes,builder/styling,
new:builder/styling/global-variables-manager,academy,Global Variables Manager,global variables manager,https://academy.bricksbuilder.io/builder/styling/global-variables-manager/,global-variables-manager,global-variables-manager,global-variables-manager,builder/styling,
new:builder/styling/gradients-overlays,academy,Gradients & Overlays,gradients and overlays,https://academy.bricksbuilder.io/builder/styling/gradients-overlays/,gradients-overlays,gradients-overlays,gradients-overlays,builder/styling,
new:builder/styling/hover-styles,academy,Hover Styles,hover styles,https://academy.bricksbuilder.io/builder/styling/hover-styles/,hover-styles,hover-styles,hover-styles,builder/styling,
new:builder/styling/layout,academy,Understanding The Layout,understanding the layout,https://academy.bricksbuilder.io/builder/styling/layout/,layout,layout,layout,builder/styling,
new:builder/styling/masonry-layout,academy,Masonry Layout,masonry layout,https://academy.bricksbuilder.io/builder/styling/masonry-layout/,masonry-layout,masonry-layout,masonry-layout,builder/styling,
new:builder/styling/pseudo-classes,academy,Styling Element States & Parts,styling element states and parts,https://academy.bricksbuilder.io/builder/styling/pseudo-classes/,pseudo-classes,pseudo-classes,pseudo-classes,builder/styling,
new:builder/styling/scroll-snap,academy,Scroll Snap,scroll snap,https://academy.bricksbuilder.io/builder/styling/scroll-snap/,scroll-snap,scroll-snap,scroll-snap,builder/styling,
new:builder/styling/shape-dividers,academy,Shape Dividers,shape dividers,https://academy.bricksbuilder.io/builder/styling/shape-dividers/,shape-dividers,shape-dividers,shape-dividers,builder/styling,
new:builder/styling/theme-styles,academy,Theme Styles,theme styles,https://academy.bricksbuilder.io/builder/styling/theme-styles/,theme-styles,theme-styles,theme-styles,builder/styling,
new:builder/templates,academy,Templates,templates,https://academy.bricksbuilder.io/builder/templates/,templates,templates,templates,builder/templates,
new:developer,academy,Developer,developer,https://academy.bricksbuilder.io/developer/,developer,developer,developer,developer,
new:developer/controls,academy,Controls,controls,https://academy.bricksbuilder.io/developer/controls/,controls,controls,controls,developer/controls,
new:developer/controls/align-items-control,academy,Align Items Control (Flexbox),align items control flexbox,https://academy.bricksbuilder.io/developer/controls/align-items-control/,align-items-control,align-items-control,align-items-control,developer/controls,
new:developer/controls/apply-control,academy,Apply Control,apply control,https://academy.bricksbuilder.io/developer/controls/apply-control/,apply-control,apply-control,apply-control,developer/controls,
new:developer/controls/audio-control,academy,Audio Control,audio control,https://academy.bricksbuilder.io/developer/controls/audio-control/,audio-control,audio-control,audio-control,developer/controls,
new:developer/controls/background-control,academy,Background Control,background control,https://academy.bricksbuilder.io/developer/controls/background-control/,background-control,background-control,background-control,developer/controls,
new:developer/controls/border-control,academy,Border Control,border control,https://academy.bricksbuilder.io/developer/controls/border-control/,border-control,border-control,border-control,developer/controls,
new:developer/controls/box-shadow-control,academy,Box Shadow Control,box shadow control,https://academy.bricksbuilder.io/developer/controls/box-shadow-control/,box-shadow-control,box-shadow-control,box-shadow-control,developer/controls,
new:developer/controls/checkbox-control,academy,Checkbox Control,checkbox control,https://academy.bricksbuilder.io/developer/controls/checkbox-control/,checkbox-control,checkbox-control,checkbox-control,developer/controls,
new:developer/controls/code-control,academy,Code Control,code control,https://academy.bricksbuilder.io/developer/controls/code-control/,code-control,code-control,code-control,developer/controls,
new:developer/controls/color-control,academy,Color Control,color control,https://academy.bricksbuilder.io/developer/controls/color-control/,color-control,color-control,color-control,developer/controls,
new:developer/controls/datepicker-control,academy,Datepicker Control,datepicker control,https://academy.bricksbuilder.io/developer/controls/datepicker-control/,datepicker-control,datepicker-control,datepicker-control,developer/controls,
new:developer/controls/dimensions-control,academy,Dimensions Control,dimensions control,https://academy.bricksbuilder.io/developer/controls/dimensions-control/,dimensions-control,dimensions-control,dimensions-control,developer/controls,
new:developer/controls/direction-control,academy,Direction Control (Flexbox),direction control flexbox,https://academy.bricksbuilder.io/developer/controls/direction-control/,direction-control,direction-control,direction-control,developer/controls,
new:developer/controls/editor-control,academy,Editor Control,editor control,https://academy.bricksbuilder.io/developer/controls/editor-control/,editor-control,editor-control,editor-control,developer/controls,
new:developer/controls/element-controls,academy,Element Controls,element controls,https://academy.bricksbuilder.io/developer/controls/element-controls/,element-controls,element-controls,element-controls,developer/controls,
new:developer/controls/filters-control,academy,Filters Control,filters control,https://academy.bricksbuilder.io/developer/controls/filters-control/,filters-control,filters-control,filters-control,developer/controls,
new:developer/controls/gradient-control,academy,Gradient Control,gradient control,https://academy.bricksbuilder.io/developer/controls/gradient-control/,gradient-control,gradient-control,gradient-control,developer/controls,
new:developer/controls/icon-control,academy,Icon Control,icon control,https://academy.bricksbuilder.io/developer/controls/icon-control/,icon-control,icon-control,icon-control,developer/controls,
new:developer/controls/image-control,academy,Image Control,image control,https://academy.bricksbuilder.io/developer/controls/image-control/,image-control,image-control,image-control,developer/controls,
new:developer/controls/image-gallery-control,academy,Image Gallery Control,image gallery control,https://academy.bricksbuilder.io/developer/controls/image-gallery-control/,image-gallery-control,image-gallery-control,image-gallery-control,developer/controls,
new:developer/controls/info-control,academy,Info Control,info control,https://academy.bricksbuilder.io/developer/controls/info-control/,info-control,info-control,info-control,developer/controls,
new:developer/controls/justify-content-control,academy,Justify Content Control (Flexbox),justify content control flexbox,https://academy.bricksbuilder.io/developer/controls/justify-content-control/,justify-content-control,justify-content-control,justify-content-control,developer/controls,
new:developer/controls/link-control,academy,Link Control,link control,https://academy.bricksbuilder.io/developer/controls/link-control/,link-control,link-control,link-control,developer/controls,
new:developer/controls/number-control,academy,Number Control,number control,https://academy.bricksbuilder.io/developer/controls/number-control/,number-control,number-control,number-control,developer/controls,
new:developer/controls/query-control,academy,Query Control,query control,https://academy.bricksbuilder.io/developer/controls/query-control/,query-control,query-control,query-control,developer/controls,
new:developer/controls/repeater-control,academy,Repeater Control,repeater control,https://academy.bricksbuilder.io/developer/controls/repeater-control/,repeater-control,repeater-control,repeater-control,developer/controls,
new:developer/controls/select-control,academy,Select Control,select control,https://academy.bricksbuilder.io/developer/controls/select-control/,select-control,select-control,select-control,developer/controls,
new:developer/controls/slider-control,academy,Slider Control,slider control,https://academy.bricksbuilder.io/developer/controls/slider-control/,slider-control,slider-control,slider-control,developer/controls,
new:developer/controls/svg-control,academy,SVG Control,svg control,https://academy.bricksbuilder.io/developer/controls/svg-control/,svg-control,svg-control,svg-control,developer/controls,
new:developer/controls/text-align-control,academy,Text Align Control,text align control,https://academy.bricksbuilder.io/developer/controls/text-align-control/,text-align-control,text-align-control,text-align-control,developer/controls,
new:developer/controls/text-control,academy,Text Control,text control,https://academy.bricksbuilder.io/developer/controls/text-control/,text-control,text-control,text-control,developer/controls,
new:developer/controls/text-decoration-control,academy,Text Decoration Control,text decoration control,https://academy.bricksbuilder.io/developer/controls/text-decoration-control/,text-decoration-control,text-decoration-control,text-decoration-control,developer/controls,
new:developer/controls/text-shadow-control,academy,Text Shadow Control,text shadow control,https://academy.bricksbuilder.io/developer/controls/text-shadow-control/,text-shadow-control,text-shadow-control,text-shadow-control,developer/controls,
new:developer/controls/text-transform-control,academy,Text Transform Control,text transform control,https://academy.bricksbuilder.io/developer/controls/text-transform-control/,text-transform-control,text-transform-control,text-transform-control,developer/controls,
new:developer/controls/textarea-control,academy,Textarea Control,textarea control,https://academy.bricksbuilder.io/developer/controls/textarea-control/,textarea-control,textarea-control,textarea-control,developer/controls,
new:developer/controls/typography-control,academy,Typography Control,typography control,https://academy.bricksbuilder.io/developer/controls/typography-control/,typography-control,typography-control,typography-control,developer/controls,
new:developer/dynamic-data/create-your-own-dynamic-data-tag,academy,Create Your Own Dynamic Data Tag,create your own dynamic data tag,https://academy.bricksbuilder.io/developer/dynamic-data/create-your-own-dynamic-data-tag/,create-your-own-dynamic-data-tag,create-your-own-dynamic-data-tag,create-your-own-dynamic-data-tag,developer/dynamic-data,
new:developer/elements/create-your-own-elements,academy,Create Your Own Elements,create your own elements,https://academy.bricksbuilder.io/developer/elements/create-your-own-elements/,create-your-own-elements,create-your-own-elements,create-your-own-elements,developer/elements,
new:developer/elements/nestable-elements,academy,Nestable Elements (API),nestable elements api,https://academy.bricksbuilder.io/developer/elements/nestable-elements/,nestable-elements,nestable-elements,nestable-elements,developer/elements,
new:developer/functions/function-bricks_render_dynamic_data,academy,Function: bricks_render_dynamic_data,function bricks render dynamic data,https://academy.bricksbuilder.io/developer/functions/function-bricks_render_dynamic_data/,function-bricks_render_dynamic_data,function-bricks_render_dynamic_data,bricks-render-dynamic-data,developer/functions,
new:developer/guides/asset-loading,academy,Asset Loading Optimization,asset loading optimization,https://academy.bricksbuilder.io/developer/guides/asset-loading/,asset-loading,asset-loading,asset-loading,developer/guides,
new:developer/guides/best-practices,academy,Best Practices,best practices,https://academy.bricksbuilder.io/developer/guides/best-practices/,best-practices,best-practices,best-practices,developer/guides,
new:developer/guides/bricks-cli,academy,Bricks CLI,bricks cli,https://academy.bricksbuilder.io/developer/guides/bricks-cli/,bricks-cli,bricks-cli,bricks-cli,developer/guides,
new:developer/guides/bricks-css-compatibility-guidelines,academy,Bricks CSS: Compatibility guidelines,bricks css compatibility guidelines,https://academy.bricksbuilder.io/developer/guides/bricks-css-compatibility-guidelines/,bricks-css-compatibility-guidelines,bricks-css-compatibility-guidelines,bricks-css-compatibility-guidelines,developer/guides,
new:developer/guides/child-theme,academy,Child Theme,child theme,https://academy.bricksbuilder.io/developer/guides/child-theme/,child-theme,child-theme,child-theme,developer/guides,
new:developer/guides/converter,academy,Converter,converter,https://academy.bricksbuilder.io/developer/guides/converter/,converter,converter,converter,developer/guides,
new:developer/guides/custom-javascript-events-in-bricks,academy,Custom JavaScript events in Bricks,custom javascript events in bricks,https://academy.bricksbuilder.io/developer/guides/custom-javascript-events-in-bricks/,custom-javascript-events-in-bricks,custom-javascript-events-in-bricks,custom-javascript-events-in-bricks,developer/guides,
new:developer/hooks,academy,Hooks,hooks,https://academy.bricksbuilder.io/developer/hooks/,hooks,hooks,hooks,developer/hooks,
new:developer/hooks/actions,academy,Action Hooks,action hooks,https://academy.bricksbuilder.io/developer/hooks/actions/,actions,actions,actions,developer/hooks,
new:developer/hooks/actions/action-bricks-generate_css_file,academy,Action: bricks/generate_css_file,action bricks/generate css file,https://academy.bricksbuilder.io/developer/hooks/actions/action-bricks-generate_css_file/,action-bricks-generate_css_file,action-bricks-generate_css_file,bricks-generate-css-file,developer/hooks,
new:developer/hooks/actions/action-bricks-query-after_loop,academy,Action: bricks/query/after_loop,action bricks/query/after loop,https://academy.bricksbuilder.io/developer/hooks/actions/action-bricks-query-after_loop/,action-bricks-query-after_loop,action-bricks-query-after_loop,bricks-query-after-loop,developer/hooks,
new:developer/hooks/actions/action-bricks-query-before_loop,academy,Action: bricks/query/before_loop,action bricks/query/before loop,https://academy.bricksbuilder.io/developer/hooks/actions/action-bricks-query-before_loop/,action-bricks-query-before_loop,action-bricks-query-before_loop,bricks-query-before-loop,developer/hooks,
new:developer/hooks/actions/bricks-after_footer,academy,Action: bricks_after_footer,action bricks after footer,https://academy.bricksbuilder.io/developer/hooks/actions/bricks-after_footer/,bricks-after_footer,bricks-after_footer,bricks-after-footer,developer/hooks,
new:developer/hooks/actions/bricks-after_header,academy,Action: bricks_after_header,action bricks after header,https://academy.bricksbuilder.io/developer/hooks/actions/bricks-after_header/,bricks-after_header,bricks-after_header,bricks-after-header,developer/hooks,
new:developer/hooks/actions/bricks-after_site_wrapper,academy,Action: bricks_after_site_wrapper,action bricks after site wrapper,https://academy.bricksbuilder.io/developer/hooks/actions/bricks-after_site_wrapper/,bricks-after_site_wrapper,bricks-after_site_wrapper,bricks-after-site-wrapper,developer/hooks,
new:developer/hooks/actions/bricks-archive_product-after,academy,Action: bricks/archive_product/after,action bricks/archive product/after,https://academy.bricksbuilder.io/developer/hooks/actions/bricks-archive_product-after/,bricks-archive_product-after,bricks-archive_product-after,bricks-archive-product-after,developer/hooks,
new:developer/hooks/actions/bricks-archive_product-before,academy,Action: bricks/archive_product/before,action bricks/archive product/before,https://academy.bricksbuilder.io/developer/hooks/actions/bricks-archive_product-before/,bricks-archive_product-before,bricks-archive_product-before,bricks-archive-product-before,developer/hooks,
new:developer/hooks/actions/bricks-before_footer,academy,Action: bricks_before_footer,action bricks before footer,https://academy.bricksbuilder.io/developer/hooks/actions/bricks-before_footer/,bricks-before_footer,bricks-before_footer,bricks-before-footer,developer/hooks,
new:developer/hooks/actions/bricks-before_header,academy,Action: bricks_before_header,action bricks before header,https://academy.bricksbuilder.io/developer/hooks/actions/bricks-before_header/,bricks-before_header,bricks-before_header,bricks-before-header,developer/hooks,
new:developer/hooks/actions/bricks-before_site_wrapper,academy,Action: bricks_before_site_wrapper,action bricks before site wrapper,https://academy.bricksbuilder.io/developer/hooks/actions/bricks-before_site_wrapper/,bricks-before_site_wrapper,bricks-before_site_wrapper,bricks-before-site-wrapper,developer/hooks,
new:developer/hooks/actions/bricks-body,academy,Action: bricks_body,action bricks body,https://academy.bricksbuilder.io/developer/hooks/actions/bricks-body/,bricks-body,bricks-body,bricks-body,developer/hooks,
new:developer/hooks/actions/bricks-builder-switch_locale,academy,Action: bricks/builder/switch_locale,action bricks/builder/switch locale,https://academy.bricksbuilder.io/developer/hooks/actions/bricks-builder-switch_locale/,bricks-builder-switch_locale,bricks-builder-switch_locale,bricks-builder-switch-locale,developer/hooks,
new:developer/hooks/actions/bricks-database-get_all_templates_by_type-after_query,academy,Action: bricks/database/get_all_templates_by_type/after_query,action bricks/database/get all templates by type/after query,https://academy.bricksbuilder.io/developer/hooks/actions/bricks-database-get_all_templates_by_type-after_query/,bricks-database-get_all_templates_by_type-after_query,bricks-database-get_all_templates_by_type-after_query,bricks-database-get-all-templates-by-type-after-query,developer/hooks,
new:developer/hooks/actions/bricks-dynamic_data-after_do_action,academy,Action: bricks/dynamic_data/after_do_action,action bricks/dynamic data/after do action,https://academy.bricksbuilder.io/developer/hooks/actions/bricks-dynamic_data-after_do_action/,bricks-dynamic_data-after_do_action,bricks-dynamic_data-after_do_action,bricks-dynamic-data-after-do-action,developer/hooks,
new:developer/hooks/actions/bricks-dynamic_data-before_do_action,academy,Action: bricks/dynamic_data/before_do_action,action bricks/dynamic data/before do action,https://academy.bricksbuilder.io/developer/hooks/actions/bricks-dynamic_data-before_do_action/,bricks-dynamic_data-before_do_action,bricks-dynamic_data-before_do_action,bricks-dynamic-data-before-do-action,developer/hooks,
new:developer/hooks/actions/bricks-dynamic_data-tag_value_parsed,academy,Action: bricks/dynamic_data/tag_value_parsed,action bricks/dynamic data/tag value parsed,https://academy.bricksbuilder.io/developer/hooks/actions/bricks-dynamic_data-tag_value_parsed/,bricks-dynamic_data-tag_value_parsed,bricks-dynamic_data-tag_value_parsed,bricks-dynamic-data-tag-value-parsed,developer/hooks,
new:developer/hooks/actions/bricks-dynamic_data-tags_registered,academy,Action: bricks/dynamic_data/tags_registered,action bricks/dynamic data/tags registered,https://academy.bricksbuilder.io/developer/hooks/actions/bricks-dynamic_data-tags_registered/,bricks-dynamic_data-tags_registered,bricks-dynamic_data-tags_registered,bricks-dynamic-data-tags-registered,developer/hooks,
new:developer/hooks/actions/bricks-execute_filter_index_job,academy,Action: bricks_execute_filter_index_job,action bricks execute filter index job,https://academy.bricksbuilder.io/developer/hooks/actions/bricks-execute_filter_index_job/,bricks-execute_filter_index_job,bricks-execute_filter_index_job,bricks-execute-filter-index-job,developer/hooks,
new:developer/hooks/actions/bricks-filter_element-before_set_data_source_from_custom_field,academy,Action: bricks/filter_element/before_set_data_source_from_custom_field,action bricks/filter element/before set data source from custom field,https://academy.bricksbuilder.io/developer/hooks/actions/bricks-filter_element-before_set_data_source_from_custom_field/,bricks-filter_element-before_set_data_source_from_custom_field,bricks-filter_element-before_set_data_source_from_custom_field,bricks-filter-element-before-set-data-source-from-custom-field,developer/hooks,
new:developer/hooks/actions/bricks-form-custom_action,academy,Action: bricks/form/custom_action,action bricks/form/custom action,https://academy.bricksbuilder.io/developer/hooks/actions/bricks-form-custom_action/,bricks-form-custom_action,bricks-form-custom_action,bricks-form-custom-action,developer/hooks,
new:developer/hooks/actions/bricks-frontend-after_render_data,academy,Action: bricks/frontend/after_render_data,action bricks/frontend/after render data,https://academy.bricksbuilder.io/developer/hooks/actions/bricks-frontend-after_render_data/,bricks-frontend-after_render_data,bricks-frontend-after_render_data,bricks-frontend-after-render-data,developer/hooks,
new:developer/hooks/actions/bricks-frontend-before_render_data,academy,Action: bricks/frontend/before_render_data,action bricks/frontend/before render data,https://academy.bricksbuilder.io/developer/hooks/actions/bricks-frontend-before_render_data/,bricks-frontend-before_render_data,bricks-frontend-before_render_data,bricks-frontend-before-render-data,developer/hooks,
new:developer/hooks/actions/bricks-get_templates-query_after,academy,Action: bricks/get_templates/query_after,action bricks/get templates/query after,https://academy.bricksbuilder.io/developer/hooks/actions/bricks-get_templates-query_after/,bricks-get_templates-query_after,bricks-get_templates-query_after,bricks-get-templates-query-after,developer/hooks,
new:developer/hooks/actions/bricks-indexer,academy,Action: bricks_indexer,action bricks indexer,https://academy.bricksbuilder.io/developer/hooks/actions/bricks-indexer/,bricks-indexer,bricks-indexer,bricks-indexer,developer/hooks,
new:developer/hooks/actions/bricks-load_elements-after,academy,Action: bricks/load_elements/after,action bricks/load elements/after,https://academy.bricksbuilder.io/developer/hooks/actions/bricks-load_elements-after/,bricks-load_elements-after,bricks-load_elements-after,bricks-load-elements-after,developer/hooks,
new:developer/hooks/actions/bricks-load_elements-before,academy,Action: bricks/load_elements/before,action bricks/load elements/before,https://academy.bricksbuilder.io/developer/hooks/actions/bricks-load_elements-before/,bricks-load_elements-before,bricks-load_elements-before,bricks-load-elements-before,developer/hooks,
new:developer/hooks/actions/bricks-meta_tags,academy,Action: bricks_meta_tags,action bricks meta tags,https://academy.bricksbuilder.io/developer/hooks/actions/bricks-meta_tags/,bricks-meta_tags,bricks-meta_tags,bricks-meta-tags,developer/hooks,
new:developer/hooks/actions/bricks-query-query_api_response,academy,Action: bricks/query/query_api_response,action bricks/query/query api response,https://academy.bricksbuilder.io/developer/hooks/actions/bricks-query-query_api_response/,bricks-query-query_api_response,bricks-query-query_api_response,bricks-query-query-api-response,developer/hooks,
new:developer/hooks/actions/bricks-query_filters-index_post-before,academy,Action: bricks/query_filters/index_post/before,action bricks/query filters/index post/before,https://academy.bricksbuilder.io/developer/hooks/actions/bricks-query_filters-index_post-before/,bricks-query_filters-index_post-before,bricks-query_filters-index_post-before,bricks-query-filters-index-post-before,developer/hooks,
new:developer/hooks/actions/bricks-query_filters-index_user-before,academy,Action: bricks/query_filters/index_user/before,action bricks/query filters/index user/before,https://academy.bricksbuilder.io/developer/hooks/actions/bricks-query_filters-index_user-before/,bricks-query_filters-index_user-before,bricks-query_filters-index_user-before,bricks-query-filters-index-user-before,developer/hooks,
new:developer/hooks/actions/bricks-render_popup_content-start,academy,Action: bricks/render_popup_content/start,action bricks/render popup content/start,https://academy.bricksbuilder.io/developer/hooks/actions/bricks-render_popup_content-start/,bricks-render_popup_content-start,bricks-render_popup_content-start,bricks-render-popup-content-start,developer/hooks,
new:developer/hooks/actions/bricks-render_query_page-start,academy,Action: bricks/render_query_page/start,action bricks/render query page/start,https://academy.bricksbuilder.io/developer/hooks/actions/bricks-render_query_page-start/,bricks-render_query_page-start,bricks-render_query_page-start,bricks-render-query-page-start,developer/hooks,
new:developer/hooks/actions/bricks-render_query_result-start,academy,Action: bricks/render_query_result/start,action bricks/render query result/start,https://academy.bricksbuilder.io/developer/hooks/actions/bricks-render_query_result-start/,bricks-render_query_result-start,bricks-render_query_result-start,bricks-render-query-result-start,developer/hooks,
new:developer/hooks/actions/bricks-sendgrid_double_opt_in_handler,academy,Action: bricks_sendgrid_double_opt_in_handler,action bricks sendgrid double opt in handler,https://academy.bricksbuilder.io/developer/hooks/actions/bricks-sendgrid_double_opt_in_handler/,bricks-sendgrid_double_opt_in_handler,bricks-sendgrid_double_opt_in_handler,bricks-sendgrid-double-opt-in-handler,developer/hooks,
new:developer/hooks/actions/render_footer,academy,Action: render_footer,action render footer,https://academy.bricksbuilder.io/developer/hooks/actions/render_footer/,render_footer,render_footer,render-footer,developer/hooks,
new:developer/hooks/actions/render_header,academy,Action: render_header,action render header,https://academy.bricksbuilder.io/developer/hooks/actions/render_header/,render_header,render_header,render-header,developer/hooks,
new:developer/hooks/filters,academy,Filter Hooks,filter hooks,https://academy.bricksbuilder.io/developer/hooks/filters/,filters,filters,filters,developer/hooks,
new:developer/hooks/filters/bricks-acf-filter_field_groups,academy,Filter: bricks/acf/filter_field_groups,filter bricks/acf/filter field groups,https://academy.bricksbuilder.io/developer/hooks/filters/bricks-acf-filter_field_groups/,bricks-acf-filter_field_groups,bricks-acf-filter_field_groups,bricks-acf-filter-field-groups,developer/hooks,
new:developer/hooks/filters/bricks-acf-google_map-address_parts,academy,Filter: bricks/acf/google_map/address_parts,filter bricks/acf/google map/address parts,https://academy.bricksbuilder.io/developer/hooks/filters/bricks-acf-google_map-address_parts/,bricks-acf-google_map-address_parts,bricks-acf-google_map-address_parts,bricks-acf-google-map-address-parts,developer/hooks,
new:developer/hooks/filters/bricks-acf-google_map-show_as_address,academy,Filter: bricks/acf/google_map/show_as_address,filter bricks/acf/google map/show as address,https://academy.bricksbuilder.io/developer/hooks/filters/bricks-acf-google_map-show_as_address/,bricks-acf-google_map-show_as_address,bricks-acf-google_map-show_as_address,bricks-acf-google-map-show-as-address,developer/hooks,
new:developer/hooks/filters/bricks-acf-google_map-text_output,academy,Filter: bricks/acf/google_map/text_output,filter bricks/acf/google map/text output,https://academy.bricksbuilder.io/developer/hooks/filters/bricks-acf-google_map-text_output/,bricks-acf-google_map-text_output,bricks-acf-google_map-text_output,bricks-acf-google-map-text-output,developer/hooks,
new:developer/hooks/filters/bricks-acf-taxonomy-show_as_link,academy,Filter: bricks/acf/taxonomy/show_as_link,filter bricks/acf/taxonomy/show as link,https://academy.bricksbuilder.io/developer/hooks/filters/bricks-acf-taxonomy-show_as_link/,bricks-acf-taxonomy-show_as_link,bricks-acf-taxonomy-show_as_link,bricks-acf-taxonomy-show-as-link,developer/hooks,
new:developer/hooks/filters/bricks-active_templates,academy,Filter: bricks/active_templates,filter bricks/active templates,https://academy.bricksbuilder.io/developer/hooks/filters/bricks-active_templates/,bricks-active_templates,bricks-active_templates,bricks-active-templates,developer/hooks,
new:developer/hooks/filters/bricks-ajax-get_pages_args,academy,Filter: bricks/ajax/get_pages_args,filter bricks/ajax/get pages args,https://academy.bricksbuilder.io/developer/hooks/filters/bricks-ajax-get_pages_args/,bricks-ajax-get_pages_args,bricks-ajax-get_pages_args,bricks-ajax-get-pages-args,developer/hooks,
new:developer/hooks/filters/bricks-allowed_html_tags,academy,Filter: bricks/allowed_html_tags,filter bricks/allowed html tags,https://academy.bricksbuilder.io/developer/hooks/filters/bricks-allowed_html_tags/,bricks-allowed_html_tags,bricks-allowed_html_tags,bricks-allowed-html-tags,developer/hooks,
new:developer/hooks/filters/bricks-api-get_templates_data,academy,Filter: bricks/api/get_templates_data,filter bricks/api/get templates data,https://academy.bricksbuilder.io/developer/hooks/filters/bricks-api-get_templates_data/,bricks-api-get_templates_data,bricks-api-get_templates_data,bricks-api-get-templates-data,developer/hooks,
new:developer/hooks/filters/bricks-breadcrumbs-home_label,academy,Filter: bricks/breadcrumbs/home_label,filter bricks/breadcrumbs/home label,https://academy.bricksbuilder.io/developer/hooks/filters/bricks-breadcrumbs-home_label/,bricks-breadcrumbs-home_label,bricks-breadcrumbs-home_label,bricks-breadcrumbs-home-label,developer/hooks,
new:developer/hooks/filters/bricks-breadcrumbs-items,academy,Filter: bricks/breadcrumbs/items,filter bricks/breadcrumbs/items,https://academy.bricksbuilder.io/developer/hooks/filters/bricks-breadcrumbs-items/,bricks-breadcrumbs-items,bricks-breadcrumbs-items,bricks-breadcrumbs-items,developer/hooks,
new:developer/hooks/filters/bricks-breadcrumbs-separator,academy,Filter: bricks/breadcrumbs/separator,filter bricks/breadcrumbs/separator,https://academy.bricksbuilder.io/developer/hooks/filters/bricks-breadcrumbs-separator/,bricks-breadcrumbs-separator,bricks-breadcrumbs-separator,bricks-breadcrumbs-separator,developer/hooks,
new:developer/hooks/filters/bricks-builder-current_page_type,academy,Filter: bricks/builder/current_page_type,filter bricks/builder/current page type,https://academy.bricksbuilder.io/developer/hooks/filters/bricks-builder-current_page_type/,bricks-builder-current_page_type,bricks-builder-current_page_type,bricks-builder-current-page-type,developer/hooks,
new:developer/hooks/filters/bricks-builder-data_post_id,academy,Filter: bricks/builder/data_post_id,filter bricks/builder/data post id,https://academy.bricksbuilder.io/developer/hooks/filters/bricks-builder-data_post_id/,bricks-builder-data_post_id,bricks-builder-data_post_id,bricks-builder-data-post-id,developer/hooks,
new:developer/hooks/filters/bricks-builder-dynamic_wrapper,academy,Filter: bricks/builder/dynamic_wrapper,filter bricks/builder/dynamic wrapper,https://academy.bricksbuilder.io/developer/hooks/filters/bricks-builder-dynamic_wrapper/,bricks-builder-dynamic_wrapper,bricks-builder-dynamic_wrapper,bricks-builder-dynamic-wrapper,developer/hooks,
new:developer/hooks/filters/bricks-builder-first_element_category,academy,Filter: bricks/builder/first_element_category,filter bricks/builder/first element category,https://academy.bricksbuilder.io/developer/hooks/filters/bricks-builder-first_element_category/,bricks-builder-first_element_category,bricks-builder-first_element_category,bricks-builder-first-element-category,developer/hooks,
new:developer/hooks/filters/bricks-builder-post_title,academy,Filter: bricks/builder/post_title,filter bricks/builder/post title,https://academy.bricksbuilder.io/developer/hooks/filters/bricks-builder-post_title/,bricks-builder-post_title,bricks-builder-post_title,bricks-builder-post-title,developer/hooks,
new:developer/hooks/filters/bricks-builder-state_group_definitions,academy,Filter: bricks/builder/state_group_definitions,filter bricks/builder/state group definitions,https://academy.bricksbuilder.io/developer/hooks/filters/bricks-builder-state_group_definitions/,bricks-builder-state_group_definitions,bricks-builder-state_group_definitions,bricks-builder-state-group-definitions,developer/hooks,
new:developer/hooks/filters/bricks-builder-supported_post_types,academy,Filter: bricks/builder/supported_post_types,filter bricks/builder/supported post types,https://academy.bricksbuilder.io/developer/hooks/filters/bricks-builder-supported_post_types/,bricks-builder-supported_post_types,bricks-builder-supported_post_types,bricks-builder-supported-post-types,developer/hooks,
new:developer/hooks/filters/bricks-builder-term_name,academy,Filter: bricks/builder/term_name,filter bricks/builder/term name,https://academy.bricksbuilder.io/developer/hooks/filters/bricks-builder-term_name/,bricks-builder-term_name,bricks-builder-term_name,bricks-builder-term-name,developer/hooks,
new:developer/hooks/filters/bricks-cmb2-checkbox_value,academy,Filter: bricks/cmb2/checkbox_value,filter bricks/cmb2/checkbox value,https://academy.bricksbuilder.io/developer/hooks/filters/bricks-cmb2-checkbox_value/,bricks-cmb2-checkbox_value,bricks-cmb2-checkbox_value,bricks-cmb2-checkbox-value,developer/hooks,
new:developer/hooks/filters/bricks-code-echo_everywhere,academy,Filter: bricks/code/echo_everywhere,filter bricks/code/echo everywhere,https://academy.bricksbuilder.io/developer/hooks/filters/bricks-code-echo_everywhere/,bricks-code-echo_everywhere,bricks-code-echo_everywhere,bricks-code-echo-everywhere,developer/hooks,
new:developer/hooks/filters/bricks-combined_search-post_ids,academy,Filter: bricks/combined_search/post_ids,filter bricks/combined search/post ids,https://academy.bricksbuilder.io/developer/hooks/filters/bricks-combined_search-post_ids/,bricks-combined_search-post_ids,bricks-combined_search-post_ids,bricks-combined-search-post-ids,developer/hooks,
new:developer/hooks/filters/bricks-combined_search-term_ids,academy,Filter: bricks/combined_search/term_ids,filter bricks/combined search/term ids,https://academy.bricksbuilder.io/developer/hooks/filters/bricks-combined_search-term_ids/,bricks-combined_search-term_ids,bricks-combined_search-term_ids,bricks-combined-search-term-ids,developer/hooks,
new:developer/hooks/filters/bricks-combined_search-user_ids,academy,Filter: bricks/combined_search/user_ids,filter bricks/combined search/user ids,https://academy.bricksbuilder.io/developer/hooks/filters/bricks-combined_search-user_ids/,bricks-combined_search-user_ids,bricks-combined_search-user_ids,bricks-combined-search-user-ids,developer/hooks,
new:developer/hooks/filters/bricks-comments-author_tag,academy,Filter: bricks/comments/author_tag,filter bricks/comments/author tag,https://academy.bricksbuilder.io/developer/hooks/filters/bricks-comments-author_tag/,bricks-comments-author_tag,bricks-comments-author_tag,bricks-comments-author-tag,developer/hooks,
new:developer/hooks/filters/bricks-conditions-groups,academy,Filter: bricks/conditions/groups,filter bricks/conditions/groups,https://academy.bricksbuilder.io/developer/hooks/filters/bricks-conditions-groups/,bricks-conditions-groups,bricks-conditions-groups,bricks-conditions-groups,developer/hooks,
new:developer/hooks/filters/bricks-conditions-options,academy,Filter: bricks/conditions/options,filter bricks/conditions/options,https://academy.bricksbuilder.io/developer/hooks/filters/bricks-conditions-options/,bricks-conditions-options,bricks-conditions-options,bricks-conditions-options,developer/hooks,
new:developer/hooks/filters/bricks-conditions-result,academy,Filter: bricks/conditions/result,filter bricks/conditions/result,https://academy.bricksbuilder.io/developer/hooks/filters/bricks-conditions-result/,bricks-conditions-result,bricks-conditions-result,bricks-conditions-result,developer/hooks,
new:developer/hooks/filters/bricks-content_analysis-full_post_content_id,academy,Filter: bricks/content_analysis/full_post_content_id,filter bricks/content analysis/full post content id,https://academy.bricksbuilder.io/developer/hooks/filters/bricks-content_analysis-full_post_content_id/,bricks-content_analysis-full_post_content_id,bricks-content_analysis-full_post_content_id,bricks-content-analysis-full-post-content-id,developer/hooks,
new:developer/hooks/filters/bricks-custom_fonts-mime_types,academy,Filter: bricks/custom_fonts/mime_types,filter bricks/custom fonts/mime types,https://academy.bricksbuilder.io/developer/hooks/filters/bricks-custom_fonts-mime_types/,bricks-custom_fonts-mime_types,bricks-custom_fonts-mime_types,bricks-custom-fonts-mime-types,developer/hooks,
new:developer/hooks/filters/bricks-database-bricks_get_all_templates_by_type_args,academy,Filter: bricks/database/bricks_get_all_templates_by_type_args,filter bricks/database/bricks get all templates by type args,https://academy.bricksbuilder.io/developer/hooks/filters/bricks-database-bricks_get_all_templates_by_type_args/,bricks-database-bricks_get_all_templates_by_type_args,bricks-database-bricks_get_all_templates_by_type_args,bricks-database-bricks-get-all-templates-by-type-args,developer/hooks,
new:developer/hooks/filters/bricks-database-content_type,academy,Filter: bricks/database/content_type,filter bricks/database/content type,https://academy.bricksbuilder.io/developer/hooks/filters/bricks-database-content_type/,bricks-database-content_type,bricks-database-content_type,bricks-database-content-type,developer/hooks,
new:developer/hooks/filters/bricks-database-get_all_templates_cache_key,academy,Filter: bricks/database/get_all_templates_cache_key,filter bricks/database/get all templates cache key,https://academy.bricksbuilder.io/developer/hooks/filters/bricks-database-get_all_templates_cache_key/,bricks-database-get_all_templates_cache_key,bricks-database-get_all_templates_cache_key,bricks-database-get-all-templates-cache-key,developer/hooks,
new:developer/hooks/filters/bricks-dynamic_data-allowed_keys,academy,Filter: bricks/dynamic_data/allowed_keys,filter bricks/dynamic data/allowed keys,https://academy.bricksbuilder.io/developer/hooks/filters/bricks-dynamic_data-allowed_keys/,bricks-dynamic_data-allowed_keys,bricks-dynamic_data-allowed_keys,bricks-dynamic-data-allowed-keys,developer/hooks,
new:developer/hooks/filters/bricks-dynamic_data-author_value,academy,Filter: bricks/dynamic_data/author_value,filter bricks/dynamic data/author value,https://academy.bricksbuilder.io/developer/hooks/filters/bricks-dynamic_data-author_value/,bricks-dynamic_data-author_value,bricks-dynamic_data-author_value,bricks-dynamic-data-author-value,developer/hooks,
new:developer/hooks/filters/bricks-dynamic_data-do_action_context,academy,Filter: bricks/dynamic_data/do_action_context,filter bricks/dynamic data/do action context,https://academy.bricksbuilder.io/developer/hooks/filters/bricks-dynamic_data-do_action_context/,bricks-dynamic_data-do_action_context,bricks-dynamic_data-do_action_context,bricks-dynamic-data-do-action-context,developer/hooks,
new:developer/hooks/filters/bricks-dynamic_data-format_value,academy,Filter: bricks/dynamic_data/format_value,filter bricks/dynamic data/format value,https://academy.bricksbuilder.io/developer/hooks/filters/bricks-dynamic_data-format_value/,bricks-dynamic_data-format_value,bricks-dynamic_data-format_value,bricks-dynamic-data-format-value,developer/hooks,
new:developer/hooks/filters/bricks-dynamic_data-meta_value-meta_key,academy,Filter: bricks/dynamic_data/meta_value/{meta_key},filter bricks/dynamic data/meta value/ meta key,https://academy.bricksbuilder.io/developer/hooks/filters/bricks-dynamic_data-meta_value-meta_key/,bricks-dynamic_data-meta_value-meta_key,bricks-dynamic_data-meta_value-meta_key,bricks-dynamic-data-meta-value-meta-key,developer/hooks,
new:developer/hooks/filters/bricks-dynamic_data-register_hook,academy,Filter: bricks/dynamic_data/register_hook,filter bricks/dynamic data/register hook,https://academy.bricksbuilder.io/developer/hooks/filters/bricks-dynamic_data-register_hook/,bricks-dynamic_data-register_hook,bricks-dynamic_data-register_hook,bricks-dynamic-data-register-hook,developer/hooks,
new:developer/hooks/filters/bricks-dynamic_data-register_providers,academy,Filter: bricks/dynamic_data/register_providers,filter bricks/dynamic data/register providers,https://academy.bricksbuilder.io/developer/hooks/filters/bricks-dynamic_data-register_providers/,bricks-dynamic_data-register_providers,bricks-dynamic_data-register_providers,bricks-dynamic-data-register-providers,developer/hooks,
new:developer/hooks/filters/bricks-dynamic_data-render_content,academy,Filter: bricks/dynamic_data/render_content,filter bricks/dynamic data/render content,https://academy.bricksbuilder.io/developer/hooks/filters/bricks-dynamic_data-render_content/,bricks-dynamic_data-render_content,bricks-dynamic_data-render_content,bricks-dynamic-data-render-content,developer/hooks,
new:developer/hooks/filters/bricks-dynamic_data-render_tag,academy,Filter: bricks/dynamic_data/render_tag,filter bricks/dynamic data/render tag,https://academy.bricksbuilder.io/developer/hooks/filters/bricks-dynamic_data-render_tag/,bricks-dynamic_data-render_tag,bricks-dynamic_data-render_tag,bricks-dynamic-data-render-tag,developer/hooks,
new:developer/hooks/filters/bricks-dynamic_data-text_separator,academy,Filter: bricks/dynamic_data/text_separator,filter bricks/dynamic data/text separator,https://academy.bricksbuilder.io/developer/hooks/filters/bricks-dynamic_data-text_separator/,bricks-dynamic_data-text_separator,bricks-dynamic_data-text_separator,bricks-dynamic-data-text-separator,developer/hooks,
new:developer/hooks/filters/bricks-dynamic_data-user_value,academy,Filter: bricks/dynamic_data/user_value,filter bricks/dynamic data/user value,https://academy.bricksbuilder.io/developer/hooks/filters/bricks-dynamic_data-user_value/,bricks-dynamic_data-user_value,bricks-dynamic_data-user_value,bricks-dynamic-data-user-value,developer/hooks,
new:developer/hooks/filters/bricks-dynamic_tags_list,academy,Filter: bricks/dynamic_tags_list,filter bricks/dynamic tags list,https://academy.bricksbuilder.io/developer/hooks/filters/bricks-dynamic_tags_list/,bricks-dynamic_tags_list,bricks-dynamic_tags_list,bricks-dynamic-tags-list,developer/hooks,
new:developer/hooks/filters/bricks-element-builder_setup_query,academy,Filter: bricks/element/builder_setup_query,filter bricks/element/builder setup query,https://academy.bricksbuilder.io/developer/hooks/filters/bricks-element-builder_setup_query/,bricks-element-builder_setup_query,bricks-element-builder_setup_query,bricks-element-builder-setup-query,developer/hooks,
new:developer/hooks/filters/bricks-element-form-datepicker_options,academy,Filter: bricks/element/form/datepicker_options,filter bricks/element/form/datepicker options,https://academy.bricksbuilder.io/developer/hooks/filters/bricks-element-form-datepicker_options/,bricks-element-form-datepicker_options,bricks-element-form-datepicker_options,bricks-element-form-datepicker-options,developer/hooks,
new:developer/hooks/filters/bricks-element-form-honeypot-result,academy,Filter: bricks/element/form/honeypot/result,filter bricks/element/form/honeypot/result,https://academy.bricksbuilder.io/developer/hooks/filters/bricks-element-form-honeypot-result/,bricks-element-form-honeypot-result,bricks-element-form-honeypot-result,bricks-element-form-honeypot-result,developer/hooks,
new:developer/hooks/filters/bricks-element-maybe_set_aria_current_page,academy,Filter: bricks/element/maybe_set_aria_current_page,filter bricks/element/maybe set aria current page,https://academy.bricksbuilder.io/developer/hooks/filters/bricks-element-maybe_set_aria_current_page/,bricks-element-maybe_set_aria_current_page,bricks-element-maybe_set_aria_current_page,bricks-element-maybe-set-aria-current-page,developer/hooks,
new:developer/hooks/filters/bricks-elements-element_name-scripts,academy,Filter: bricks/elements/{element_name}/scripts,filter bricks/elements/ element name /scripts,https://academy.bricksbuilder.io/developer/hooks/filters/bricks-elements-element_name-scripts/,bricks-elements-element_name-scripts,bricks-elements-element_name-scripts,bricks-elements-element-name-scripts,developer/hooks,
new:developer/hooks/filters/bricks-elements-nav_menu-menus,academy,Filter: bricks/elements/nav_menu/menus,filter bricks/elements/nav menu/menus,https://academy.bricksbuilder.io/developer/hooks/filters/bricks-elements-nav_menu-menus/,bricks-elements-nav_menu-menus,bricks-elements-nav_menu-menus,bricks-elements-nav-menu-menus,developer/hooks,
new:developer/hooks/filters/bricks-elements-nav_menu-name,academy,Filter: bricks/elements/nav_menu/name,filter bricks/elements/nav menu/name,https://academy.bricksbuilder.io/developer/hooks/filters/bricks-elements-nav_menu-name/,bricks-elements-nav_menu-name,bricks-elements-nav_menu-name,bricks-elements-nav-menu-name,developer/hooks,
new:developer/hooks/filters/bricks-export_template_args,academy,Filter: bricks/export_template_args,filter bricks/export template args,https://academy.bricksbuilder.io/developer/hooks/filters/bricks-export_template_args/,bricks-export_template_args,bricks-export_template_args,bricks-export-template-args,developer/hooks,
new:developer/hooks/filters/bricks-filter-element-datepicker_options,academy,Filter: bricks/filter-element/datepicker_options,filter bricks/filter element/datepicker options,https://academy.bricksbuilder.io/developer/hooks/filters/bricks-filter-element-datepicker_options/,bricks-filter-element-datepicker_options,bricks-filter-element-datepicker_options,bricks-filter-element-datepicker-options,developer/hooks,
new:developer/hooks/filters/bricks-filter-taxonomy_args,academy,Filter: bricks/filter/taxonomy_args,filter bricks/filter/taxonomy args,https://academy.bricksbuilder.io/developer/hooks/filters/bricks-filter-taxonomy_args/,bricks-filter-taxonomy_args,bricks-filter-taxonomy_args,bricks-filter-taxonomy-args,developer/hooks,
new:developer/hooks/filters/bricks-filter_element-controls,academy,Filter: bricks/filter_element/controls,filter bricks/filter element/controls,https://academy.bricksbuilder.io/developer/hooks/filters/bricks-filter_element-controls/,bricks-filter_element-controls,bricks-filter_element-controls,bricks-filter-element-controls,developer/hooks,
new:developer/hooks/filters/bricks-filter_element-count_source-filter_source,academy,Filter: bricks/filter_element/count_source_{filter_source},filter bricks/filter element/count source filter source,https://academy.bricksbuilder.io/developer/hooks/filters/bricks-filter_element-count_source-filter_source/,bricks-filter_element-count_source-filter_source,bricks-filter_element-count_source-filter_source,bricks-filter-element-count-source-filter-source,developer/hooks,
new:developer/hooks/filters/bricks-filter_element-count_source_wcfield,academy,Filter: bricks/filter_element/count_source_wcField,filter bricks/filter element/count source wcfield,https://academy.bricksbuilder.io/developer/hooks/filters/bricks-filter_element-count_source_wcfield/,bricks-filter_element-count_source_wcfield,bricks-filter_element-count_source_wcfield,bricks-filter-element-count-source-wcfield,developer/hooks,
new:developer/hooks/filters/bricks-filter_element-data_source-filter_source,academy,Filter: bricks/filter_element/data_source_{filter_source},filter bricks/filter element/data source filter source,https://academy.bricksbuilder.io/developer/hooks/filters/bricks-filter_element-data_source-filter_source/,bricks-filter_element-data_source-filter_source,bricks-filter_element-data_source-filter_source,bricks-filter-element-data-source-filter-source,developer/hooks,
new:developer/hooks/filters/bricks-filter_element-data_source_wcfield,academy,Filter: bricks/filter_element/data_source_wcField,filter bricks/filter element/data source wcfield,https://academy.bricksbuilder.io/developer/hooks/filters/bricks-filter_element-data_source_wcfield/,bricks-filter_element-data_source_wcfield,bricks-filter_element-data_source_wcfield,bricks-filter-element-data-source-wcfield,developer/hooks,
new:developer/hooks/filters/bricks-filter_element-datepicker_date_format,academy,Filter: bricks/filter_element/datepicker_date_format,filter bricks/filter element/datepicker date format,https://academy.bricksbuilder.io/developer/hooks/filters/bricks-filter_element-datepicker_date_format/,bricks-filter_element-datepicker_date_format,bricks-filter_element-datepicker_date_format,bricks-filter-element-datepicker-date-format,developer/hooks,
new:developer/hooks/filters/bricks-filter_element-datepicker_db_date_format,academy,Filter: bricks/filter_element/datepicker_db_date_format,filter bricks/filter element/datepicker db date format,https://academy.bricksbuilder.io/developer/hooks/filters/bricks-filter_element-datepicker_db_date_format/,bricks-filter_element-datepicker_db_date_format,bricks-filter_element-datepicker_db_date_format,bricks-filter-element-datepicker-db-date-format,developer/hooks,
new:developer/hooks/filters/bricks-filter_element-filtered_source,academy,Filter: bricks/filter_element/filtered_source,filter bricks/filter element/filtered source,https://academy.bricksbuilder.io/developer/hooks/filters/bricks-filter_element-filtered_source/,bricks-filter_element-filtered_source,bricks-filter_element-filtered_source,bricks-filter-element-filtered-source,developer/hooks,
new:developer/hooks/filters/bricks-fix_filter_element_db,academy,Filter: bricks/fix_filter_element_db,filter bricks/fix filter element db,https://academy.bricksbuilder.io/developer/hooks/filters/bricks-fix_filter_element_db/,bricks-fix_filter_element_db,bricks-fix_filter_element_db,bricks-fix-filter-element-db,developer/hooks,
new:developer/hooks/filters/bricks-form-file_directory,academy,Filter: bricks/form/file_directory,filter bricks/form/file directory,https://academy.bricksbuilder.io/developer/hooks/filters/bricks-form-file_directory/,bricks-form-file_directory,bricks-form-file_directory,bricks-form-file-directory,developer/hooks,
new:developer/hooks/filters/bricks-form-recaptcha_score_threshold,academy,Filter: bricks/form/recaptcha_score_threshold,filter bricks/form/recaptcha score threshold,https://academy.bricksbuilder.io/developer/hooks/filters/bricks-form-recaptcha_score_threshold/,bricks-form-recaptcha_score_threshold,bricks-form-recaptcha_score_threshold,bricks-form-recaptcha-score-threshold,developer/hooks,
new:developer/hooks/filters/bricks-form-response,academy,Filter: bricks/form/response,filter bricks/form/response,https://academy.bricksbuilder.io/developer/hooks/filters/bricks-form-response/,bricks-form-response,bricks-form-response,bricks-form-response,developer/hooks,
new:developer/hooks/filters/bricks-form-save-submission-form_data,academy,Filter: bricks/form/save-submission/form_data,filter bricks/form/save submission/form data,https://academy.bricksbuilder.io/developer/hooks/filters/bricks-form-save-submission-form_data/,bricks-form-save-submission-form_data,bricks-form-save-submission-form_data,bricks-form-save-submission-form-data,developer/hooks,
new:developer/hooks/filters/bricks-form-submission-table-file_url,academy,Filter: bricks/form/submission-table/file_url,filter bricks/form/submission table/file url,https://academy.bricksbuilder.io/developer/hooks/filters/bricks-form-submission-table-file_url/,bricks-form-submission-table-file_url,bricks-form-submission-table-file_url,bricks-form-submission-table-file-url,developer/hooks,
new:developer/hooks/filters/bricks-form-tinymce_settings,academy,Filter: bricks/form/tinymce_settings,filter bricks/form/tinymce settings,https://academy.bricksbuilder.io/developer/hooks/filters/bricks-form-tinymce_settings/,bricks-form-tinymce_settings,bricks-form-tinymce_settings,bricks-form-tinymce-settings,developer/hooks,
new:developer/hooks/filters/bricks-form-validate,academy,Filter: bricks/form/validate,filter bricks/form/validate,https://academy.bricksbuilder.io/developer/hooks/filters/bricks-form-validate/,bricks-form-validate,bricks-form-validate,bricks-form-validate,developer/hooks,
new:developer/hooks/filters/bricks-frontend-disable_opengraph,academy,Filter: bricks/frontend/disable_opengraph,filter bricks/frontend/disable opengraph,https://academy.bricksbuilder.io/developer/hooks/filters/bricks-frontend-disable_opengraph/,bricks-frontend-disable_opengraph,bricks-frontend-disable_opengraph,bricks-frontend-disable-opengraph,developer/hooks,
new:developer/hooks/filters/bricks-frontend-disable_seo,academy,Filter: bricks/frontend/disable_seo,filter bricks/frontend/disable seo,https://academy.bricksbuilder.io/developer/hooks/filters/bricks-frontend-disable_seo/,bricks-frontend-disable_seo,bricks-frontend-disable_seo,bricks-frontend-disable-seo,developer/hooks,
new:developer/hooks/filters/bricks-frontend-render_loop,academy,Filter: bricks/frontend/render_loop,filter bricks/frontend/render loop,https://academy.bricksbuilder.io/developer/hooks/filters/bricks-frontend-render_loop/,bricks-frontend-render_loop,bricks-frontend-render_loop,bricks-frontend-render-loop,developer/hooks,
new:developer/hooks/filters/bricks-get_builder_edit_link,academy,Filter: bricks/get_builder_edit_link,filter bricks/get builder edit link,https://academy.bricksbuilder.io/developer/hooks/filters/bricks-get_builder_edit_link/,bricks-get_builder_edit_link,bricks-get_builder_edit_link,bricks-get-builder-edit-link,developer/hooks,
new:developer/hooks/filters/bricks-get_remote_templates_data,academy,Filter: bricks/get_remote_templates_data,filter bricks/get remote templates data,https://academy.bricksbuilder.io/developer/hooks/filters/bricks-get_remote_templates_data/,bricks-get_remote_templates_data,bricks-get_remote_templates_data,bricks-get-remote-templates-data,developer/hooks,
new:developer/hooks/filters/bricks-get_template_authors,academy,Filter: bricks/get_template_authors,filter bricks/get template authors,https://academy.bricksbuilder.io/developer/hooks/filters/bricks-get_template_authors/,bricks-get_template_authors,bricks-get_template_authors,bricks-get-template-authors,developer/hooks,
new:developer/hooks/filters/bricks-get_template_bundles,academy,Filter: bricks/get_template_bundles,filter bricks/get template bundles,https://academy.bricksbuilder.io/developer/hooks/filters/bricks-get_template_bundles/,bricks-get_template_bundles,bricks-get_template_bundles,bricks-get-template-bundles,developer/hooks,
new:developer/hooks/filters/bricks-get_template_tags,academy,Filter: bricks/get_template_tags,filter bricks/get template tags,https://academy.bricksbuilder.io/developer/hooks/filters/bricks-get_template_tags/,bricks-get_template_tags,bricks-get_template_tags,bricks-get-template-tags,developer/hooks,
new:developer/hooks/filters/bricks-get_templates-query_vars,academy,Filter: bricks/get_templates/query_vars,filter bricks/get templates/query vars,https://academy.bricksbuilder.io/developer/hooks/filters/bricks-get_templates-query_vars/,bricks-get_templates-query_vars,bricks-get_templates-query_vars,bricks-get-templates-query-vars,developer/hooks,
new:developer/hooks/filters/bricks-get_templates,academy,Filter: bricks/get_templates,filter bricks/get templates,https://academy.bricksbuilder.io/developer/hooks/filters/bricks-get_templates/,bricks-get_templates,bricks-get_templates,bricks-get-templates,developer/hooks,
new:developer/hooks/filters/bricks-get_templates_query-cache_key,academy,Filter: bricks/get_templates_query/cache_key,filter bricks/get templates query/cache key,https://academy.bricksbuilder.io/developer/hooks/filters/bricks-get_templates_query-cache_key/,bricks-get_templates_query-cache_key,bricks-get_templates_query-cache_key,bricks-get-templates-query-cache-key,developer/hooks,
new:developer/hooks/filters/bricks-get_terms_options-enable_limit,academy,Filter: bricks/get_terms_options/enable_limit,filter bricks/get terms options/enable limit,https://academy.bricksbuilder.io/developer/hooks/filters/bricks-get_terms_options-enable_limit/,bricks-get_terms_options-enable_limit,bricks-get_terms_options-enable_limit,bricks-get-terms-options-enable-limit,developer/hooks,
new:developer/hooks/filters/bricks-get_terms_options-excluded_taxonomies,academy,Filter: bricks/get_terms_options/excluded_taxonomies,filter bricks/get terms options/excluded taxonomies,https://academy.bricksbuilder.io/developer/hooks/filters/bricks-get_terms_options-excluded_taxonomies/,bricks-get_terms_options-excluded_taxonomies,bricks-get_terms_options-excluded_taxonomies,bricks-get-terms-options-excluded-taxonomies,developer/hooks,
new:developer/hooks/filters/bricks-get_the_title,academy,Filter: bricks/get_the_title,filter bricks/get the title,https://academy.bricksbuilder.io/developer/hooks/filters/bricks-get_the_title/,bricks-get_the_title,bricks-get_the_title,bricks-get-the-title,developer/hooks,
new:developer/hooks/filters/bricks-handle_no_results_children_elements,academy,Filter: bricks/handle_no_results_children_elements,filter bricks/handle no results children elements,https://academy.bricksbuilder.io/developer/hooks/filters/bricks-handle_no_results_children_elements/,bricks-handle_no_results_children_elements,bricks-handle_no_results_children_elements,bricks-handle-no-results-children-elements,developer/hooks,
new:developer/hooks/filters/bricks-helpers-get_posts_args,academy,Filter: bricks/helpers/get_posts_args,filter bricks/helpers/get posts args,https://academy.bricksbuilder.io/developer/hooks/filters/bricks-helpers-get_posts_args/,bricks-helpers-get_posts_args,bricks-helpers-get_posts_args,bricks-helpers-get-posts-args,developer/hooks,
new:developer/hooks/filters/bricks-media-browser-health-file-status,academy,Filter: bricks/media_browser/health/file_status,filter bricks/media browser/health/file status,https://academy.bricksbuilder.io/developer/hooks/filters/bricks-media-browser-health-file-status/,bricks-media-browser-health-file-status,bricks-media-browser-health-file-status,bricks-media-browser-health-file-status,developer/hooks,
new:developer/hooks/filters/bricks-metabox-checkbox_value,academy,Filter: bricks/metabox/checkbox_value,filter bricks/metabox/checkbox value,https://academy.bricksbuilder.io/developer/hooks/filters/bricks-metabox-checkbox_value/,bricks-metabox-checkbox_value,bricks-metabox-checkbox_value,bricks-metabox-checkbox-value,developer/hooks,
new:developer/hooks/filters/bricks-metabox-show_as_map,academy,Filter: bricks/metabox/show_as_map,filter bricks/metabox/show as map,https://academy.bricksbuilder.io/developer/hooks/filters/bricks-metabox-show_as_map/,bricks-metabox-show_as_map,bricks-metabox-show_as_map,bricks-metabox-show-as-map,developer/hooks,
new:developer/hooks/filters/bricks-metabox-taxonomy-show_as_link,academy,Filter: bricks/metabox/taxonomy/show_as_link,filter bricks/metabox/taxonomy/show as link,https://academy.bricksbuilder.io/developer/hooks/filters/bricks-metabox-taxonomy-show_as_link/,bricks-metabox-taxonomy-show_as_link,bricks-metabox-taxonomy-show_as_link,bricks-metabox-taxonomy-show-as-link,developer/hooks,
new:developer/hooks/filters/bricks-object_types-query_vars,academy,Filter: bricks/{object_type}s/query_vars,filter bricks/ object type s/query vars,https://academy.bricksbuilder.io/developer/hooks/filters/bricks-object_types-query_vars/,bricks-object_types-query_vars,bricks-object_types-query_vars,bricks-object-types-query-vars,developer/hooks,
new:developer/hooks/filters/bricks-paginate_links_args,academy,Filter: bricks/paginate_links_args,filter bricks/paginate links args,https://academy.bricksbuilder.io/developer/hooks/filters/bricks-paginate_links_args/,bricks-paginate_links_args,bricks-paginate_links_args,bricks-paginate-links-args,developer/hooks,
new:developer/hooks/filters/bricks-pagination-current_page,academy,Filter: bricks/pagination/current_page,filter bricks/pagination/current page,https://academy.bricksbuilder.io/developer/hooks/filters/bricks-pagination-current_page/,bricks-pagination-current_page,bricks-pagination-current_page,bricks-pagination-current-page,developer/hooks,
new:developer/hooks/filters/bricks-pagination-custom_logic,academy,Filter: bricks/pagination/custom_logic,filter bricks/pagination/custom logic,https://academy.bricksbuilder.io/developer/hooks/filters/bricks-pagination-custom_logic/,bricks-pagination-custom_logic,bricks-pagination-custom_logic,bricks-pagination-custom-logic,developer/hooks,
new:developer/hooks/filters/bricks-pagination-total_pages,academy,Filter: bricks/pagination/total_pages,filter bricks/pagination/total pages,https://academy.bricksbuilder.io/developer/hooks/filters/bricks-pagination-total_pages/,bricks-pagination-total_pages,bricks-pagination-total_pages,bricks-pagination-total-pages,developer/hooks,
new:developer/hooks/filters/bricks-polylang-builder_ajax_params,academy,Filter: bricks/polylang/builder_ajax_params,filter bricks/polylang/builder ajax params,https://academy.bricksbuilder.io/developer/hooks/filters/bricks-polylang-builder_ajax_params/,bricks-polylang-builder_ajax_params,bricks-polylang-builder_ajax_params,bricks-polylang-builder-ajax-params,developer/hooks,
new:developer/hooks/filters/bricks-polylang-exclude_controls_from_translation,academy,Filter: bricks/polylang/exclude_controls_from_translation,filter bricks/polylang/exclude controls from translation,https://academy.bricksbuilder.io/developer/hooks/filters/bricks-polylang-exclude_controls_from_translation/,bricks-polylang-exclude_controls_from_translation,bricks-polylang-exclude_controls_from_translation,bricks-polylang-exclude-controls-from-translation,developer/hooks,
new:developer/hooks/filters/bricks-popup-attributes,academy,Filter: bricks/popup/attributes,filter bricks/popup/attributes,https://academy.bricksbuilder.io/developer/hooks/filters/bricks-popup-attributes/,bricks-popup-attributes,bricks-popup-attributes,bricks-popup-attributes,developer/hooks,
new:developer/hooks/filters/bricks-query-archive_query_arguments,academy,Filter: bricks/query/archive_query_arguments,filter bricks/query/archive query arguments,https://academy.bricksbuilder.io/developer/hooks/filters/bricks-query-archive_query_arguments/,bricks-query-archive_query_arguments,bricks-query-archive_query_arguments,bricks-query-archive-query-arguments,developer/hooks,
new:developer/hooks/filters/bricks-query-archive_query_supported_object_types,academy,Filter: bricks/query/archive_query_supported_object_types,filter bricks/query/archive query supported object types,https://academy.bricksbuilder.io/developer/hooks/filters/bricks-query-archive_query_supported_object_types/,bricks-query-archive_query_supported_object_types,bricks-query-archive_query_supported_object_types,bricks-query-archive-query-supported-object-types,developer/hooks,
new:developer/hooks/filters/bricks-query-cache_key,academy,Filter: bricks/query/cache_key,filter bricks/query/cache key,https://academy.bricksbuilder.io/developer/hooks/filters/bricks-query-cache_key/,bricks-query-cache_key,bricks-query-cache_key,bricks-query-cache-key,developer/hooks,
new:developer/hooks/filters/bricks-query-fake_result,academy,Filter: bricks/query/fake_result,filter bricks/query/fake result,https://academy.bricksbuilder.io/developer/hooks/filters/bricks-query-fake_result/,bricks-query-fake_result,bricks-query-fake_result,bricks-query-fake-result,developer/hooks,
new:developer/hooks/filters/bricks-query-force_is_looping,academy,Filter: bricks/query/force_is_looping,filter bricks/query/force is looping,https://academy.bricksbuilder.io/developer/hooks/filters/bricks-query-force_is_looping/,bricks-query-force_is_looping,bricks-query-force_is_looping,bricks-query-force-is-looping,developer/hooks,
new:developer/hooks/filters/bricks-query-force_loop_index,academy,Filter: bricks/query/force_loop_index,filter bricks/query/force loop index,https://academy.bricksbuilder.io/developer/hooks/filters/bricks-query-force_loop_index/,bricks-query-force_loop_index,bricks-query-force_loop_index,bricks-query-force-loop-index,developer/hooks,
new:developer/hooks/filters/bricks-query-prepare_query_vars_from_settings,academy,Filter: bricks/query/prepare_query_vars_from_settings,filter bricks/query/prepare query vars from settings,https://academy.bricksbuilder.io/developer/hooks/filters/bricks-query-prepare_query_vars_from_settings/,bricks-query-prepare_query_vars_from_settings,bricks-query-prepare_query_vars_from_settings,bricks-query-prepare-query-vars-from-settings,developer/hooks,
new:developer/hooks/filters/bricks-query-result_end,academy,Filter: bricks/query/result_end,filter bricks/query/result end,https://academy.bricksbuilder.io/developer/hooks/filters/bricks-query-result_end/,bricks-query-result_end,bricks-query-result_end,bricks-query-result-end,developer/hooks,
new:developer/hooks/filters/bricks-query-result_start,academy,Filter: bricks/query/result_start,filter bricks/query/result start,https://academy.bricksbuilder.io/developer/hooks/filters/bricks-query-result_start/,bricks-query-result_start,bricks-query-result_start,bricks-query-result-start,developer/hooks,
new:developer/hooks/filters/bricks-query-run_fake,academy,Filter: bricks/query/run_fake,filter bricks/query/run fake,https://academy.bricksbuilder.io/developer/hooks/filters/bricks-query-run_fake/,bricks-query-run_fake,bricks-query-run_fake,bricks-query-run-fake,developer/hooks,
new:developer/hooks/filters/bricks-query-supress_render_content,academy,Filter: bricks/query/supress_render_content,filter bricks/query/supress render content,https://academy.bricksbuilder.io/developer/hooks/filters/bricks-query-supress_render_content/,bricks-query-supress_render_content,bricks-query-supress_render_content,bricks-query-supress-render-content,developer/hooks,
new:developer/hooks/filters/bricks-query_api-body,academy,Filter: bricks/query_api/body,filter bricks/query api/body,https://academy.bricksbuilder.io/developer/hooks/filters/bricks-query_api-body/,bricks-query_api-body,bricks-query_api-body,bricks-query-api-body,developer/hooks,
new:developer/hooks/filters/bricks-query_api-headers,academy,Filter: bricks/query_api/headers,filter bricks/query api/headers,https://academy.bricksbuilder.io/developer/hooks/filters/bricks-query_api-headers/,bricks-query_api-headers,bricks-query_api-headers,bricks-query-api-headers,developer/hooks,
new:developer/hooks/filters/bricks-query_api-request_args,academy,Filter: bricks/query_api/request_args,filter bricks/query api/request args,https://academy.bricksbuilder.io/developer/hooks/filters/bricks-query_api-request_args/,bricks-query_api-request_args,bricks-query_api-request_args,bricks-query-api-request-args,developer/hooks,
new:developer/hooks/filters/bricks-query_api-total_pages,academy,Filter: bricks/query_api/total_pages,filter bricks/query api/total pages,https://academy.bricksbuilder.io/developer/hooks/filters/bricks-query_api-total_pages/,bricks-query_api-total_pages,bricks-query_api-total_pages,bricks-query-api-total-pages,developer/hooks,
new:developer/hooks/filters/bricks-query_filters-custom_field_index_rows,academy,Filter: bricks/query_filters/custom_field_index_rows,filter bricks/query filters/custom field index rows,https://academy.bricksbuilder.io/developer/hooks/filters/bricks-query_filters-custom_field_index_rows/,bricks-query_filters-custom_field_index_rows,bricks-query_filters-custom_field_index_rows,bricks-query-filters-custom-field-index-rows,developer/hooks,
new:developer/hooks/filters/bricks-query_filters-custom_field_meta_query,academy,Filter: bricks/query_filters/custom_field_meta_query,filter bricks/query filters/custom field meta query,https://academy.bricksbuilder.io/developer/hooks/filters/bricks-query_filters-custom_field_meta_query/,bricks-query_filters-custom_field_meta_query,bricks-query_filters-custom_field_meta_query,bricks-query-filters-custom-field-meta-query,developer/hooks,
new:developer/hooks/filters/bricks-query_filters-datepicker_custom_field_meta_query,academy,Filter: bricks/query_filters/datepicker_custom_field_meta_query,filter bricks/query filters/datepicker custom field meta query,https://academy.bricksbuilder.io/developer/hooks/filters/bricks-query_filters-datepicker_custom_field_meta_query/,bricks-query_filters-datepicker_custom_field_meta_query,bricks-query_filters-datepicker_custom_field_meta_query,bricks-query-filters-datepicker-custom-field-meta-query,developer/hooks,
new:developer/hooks/filters/bricks-query_filters-element_data,academy,Filter: bricks/query_filters/element_data,filter bricks/query filters/element data,https://academy.bricksbuilder.io/developer/hooks/filters/bricks-query_filters-element_data/,bricks-query_filters-element_data,bricks-query_filters-element_data,bricks-query-filters-element-data,developer/hooks,
new:developer/hooks/filters/bricks-query_filters-filter_query_vars,academy,Filter: bricks/query_filters/filter_query_vars,filter bricks/query filters/filter query vars,https://academy.bricksbuilder.io/developer/hooks/filters/bricks-query_filters-filter_query_vars/,bricks-query_filters-filter_query_vars,bricks-query_filters-filter_query_vars,bricks-query-filters-filter-query-vars,developer/hooks,
new:developer/hooks/filters/bricks-query_filters-get_filter_object_ids,academy,Filter: bricks/query_filters/get_filter_object_ids,filter bricks/query filters/get filter object ids,https://academy.bricksbuilder.io/developer/hooks/filters/bricks-query_filters-get_filter_object_ids/,bricks-query_filters-get_filter_object_ids,bricks-query_filters-get_filter_object_ids,bricks-query-filters-get-filter-object-ids,developer/hooks,
new:developer/hooks/filters/bricks-query_filters-index_args,academy,Filter: bricks/query_filters/index_args,filter bricks/query filters/index args,https://academy.bricksbuilder.io/developer/hooks/filters/bricks-query_filters-index_args/,bricks-query_filters-index_args,bricks-query_filters-index_args,bricks-query-filters-index-args,developer/hooks,
new:developer/hooks/filters/bricks-query_filters-index_post-meta_exists,academy,Filter: bricks/query_filters/index_post/meta_exists,filter bricks/query filters/index post/meta exists,https://academy.bricksbuilder.io/developer/hooks/filters/bricks-query_filters-index_post-meta_exists/,bricks-query_filters-index_post-meta_exists,bricks-query_filters-index_post-meta_exists,bricks-query-filters-index-post-meta-exists,developer/hooks,
new:developer/hooks/filters/bricks-query_filters-index_post-source,academy,Filter: bricks/query_filters/index_post/{source},filter bricks/query filters/index post/ source,https://academy.bricksbuilder.io/developer/hooks/filters/bricks-query_filters-index_post-source/,bricks-query_filters-index_post-source,bricks-query_filters-index_post-source,bricks-query-filters-index-post-source,developer/hooks,
new:developer/hooks/filters/bricks-query_filters-index_post-wcfield,academy,Filter: bricks/query_filters/index_post/wcField,filter bricks/query filters/index post/wcfield,https://academy.bricksbuilder.io/developer/hooks/filters/bricks-query_filters-index_post-wcfield/,bricks-query_filters-index_post-wcfield,bricks-query_filters-index_post-wcfield,bricks-query-filters-index-post-wcfield,developer/hooks,
new:developer/hooks/filters/bricks-query_filters-index_user-meta_exists,academy,Filter: bricks/query_filters/index_user/meta_exists,filter bricks/query filters/index user/meta exists,https://academy.bricksbuilder.io/developer/hooks/filters/bricks-query_filters-index_user-meta_exists/,bricks-query_filters-index_user-meta_exists,bricks-query_filters-index_user-meta_exists,bricks-query-filters-index-user-meta-exists,developer/hooks,
new:developer/hooks/filters/bricks-query_filters-range_custom_field_meta_query,academy,Filter: bricks/query_filters/range_custom_field_meta_query,filter bricks/query filters/range custom field meta query,https://academy.bricksbuilder.io/developer/hooks/filters/bricks-query_filters-range_custom_field_meta_query/,bricks-query_filters-range_custom_field_meta_query,bricks-query_filters-range_custom_field_meta_query,bricks-query-filters-range-custom-field-meta-query,developer/hooks,
new:developer/hooks/filters/bricks-query_filters-sort_query_vars,academy,Filter: bricks/query_filters/sort_query_vars,filter bricks/query filters/sort query vars,https://academy.bricksbuilder.io/developer/hooks/filters/bricks-query_filters-sort_query_vars/,bricks-query_filters-sort_query_vars,bricks-query_filters-sort_query_vars,bricks-query-filters-sort-query-vars,developer/hooks,
new:developer/hooks/filters/bricks-query_filters_cf_integration-register_providers,academy,Filter: bricks/query_filters_cf_integration/register_providers,filter bricks/query filters cf integration/register providers,https://academy.bricksbuilder.io/developer/hooks/filters/bricks-query_filters_cf_integration-register_providers/,bricks-query_filters_cf_integration-register_providers,bricks-query_filters_cf_integration-register_providers,bricks-query-filters-cf-integration-register-providers,developer/hooks,
new:developer/hooks/filters/bricks-query_filters_indexer-post-filter_source,academy,Filter: bricks/query_filters_indexer/post/{filter_source},filter bricks/query filters indexer/post/ filter source,https://academy.bricksbuilder.io/developer/hooks/filters/bricks-query_filters_indexer-post-filter_source/,bricks-query_filters_indexer-post-filter_source,bricks-query_filters_indexer-post-filter_source,bricks-query-filters-indexer-post-filter-source,developer/hooks,
new:developer/hooks/filters/bricks-query_filters_indexer-post-wcfield,academy,Filter: bricks/query_filters_indexer/post/wcField,filter bricks/query filters indexer/post/wcfield,https://academy.bricksbuilder.io/developer/hooks/filters/bricks-query_filters_indexer-post-wcfield/,bricks-query_filters_indexer-post-wcfield,bricks-query_filters_indexer-post-wcfield,bricks-query-filters-indexer-post-wcfield,developer/hooks,
new:developer/hooks/filters/bricks-query_filters_indexer-validate_job_settings,academy,Filter: bricks/query_filters_indexer/validate_job_settings,filter bricks/query filters indexer/validate job settings,https://academy.bricksbuilder.io/developer/hooks/filters/bricks-query_filters_indexer-validate_job_settings/,bricks-query_filters_indexer-validate_job_settings,bricks-query_filters_indexer-validate_job_settings,bricks-query-filters-indexer-validate-job-settings,developer/hooks,
new:developer/hooks/filters/bricks-remote_get,academy,Filter: bricks/remote_get,filter bricks/remote get,https://academy.bricksbuilder.io/developer/hooks/filters/bricks-remote_get/,bricks-remote_get,bricks-remote_get,bricks-remote-get,developer/hooks,
new:developer/hooks/filters/bricks-remote_post,academy,Filter: bricks/remote_post,filter bricks/remote post,https://academy.bricksbuilder.io/developer/hooks/filters/bricks-remote_post/,bricks-remote_post,bricks-remote_post,bricks-remote-post,developer/hooks,
new:developer/hooks/filters/bricks-render_footer,academy,Filter: bricks/render_footer,filter bricks/render footer,https://academy.bricksbuilder.io/developer/hooks/filters/bricks-render_footer/,bricks-render_footer,bricks-render_footer,bricks-render-footer,developer/hooks,
new:developer/hooks/filters/bricks-render_header,academy,Filter: bricks/render_header,filter bricks/render header,https://academy.bricksbuilder.io/developer/hooks/filters/bricks-render_header/,bricks-render_header,bricks-render_header,bricks-render-header,developer/hooks,
new:developer/hooks/filters/bricks-render_with_bricks,academy,Filter: bricks/render_with_bricks,filter bricks/render with bricks,https://academy.bricksbuilder.io/developer/hooks/filters/bricks-render_with_bricks/,bricks-render_with_bricks,bricks-render_with_bricks,bricks-render-with-bricks,developer/hooks,
new:developer/hooks/filters/bricks-resolve_attachment_id,academy,Filter: bricks/resolve_attachment_id,filter bricks/resolve attachment id,https://academy.bricksbuilder.io/developer/hooks/filters/bricks-resolve_attachment_id/,bricks-resolve_attachment_id,bricks-resolve_attachment_id,bricks-resolve-attachment-id,developer/hooks,
new:developer/hooks/filters/bricks-rtl_languages,academy,Filter: bricks/rtl_languages,filter bricks/rtl languages,https://academy.bricksbuilder.io/developer/hooks/filters/bricks-rtl_languages/,bricks-rtl_languages,bricks-rtl_languages,bricks-rtl-languages,developer/hooks,
new:developer/hooks/filters/bricks-security_check_before_save-new_elements,academy,Filter: bricks/security_check_before_save/new_elements,filter bricks/security check before save/new elements,https://academy.bricksbuilder.io/developer/hooks/filters/bricks-security_check_before_save-new_elements/,bricks-security_check_before_save-new_elements,bricks-security_check_before_save-new_elements,bricks-security-check-before-save-new-elements,developer/hooks,
new:developer/hooks/filters/bricks-support_masonry_element,academy,Filter: bricks/support_masonry_element,filter bricks/support masonry element,https://academy.bricksbuilder.io/developer/hooks/filters/bricks-support_masonry_element/,bricks-support_masonry_element,bricks-support_masonry_element,bricks-support-masonry-element,developer/hooks,
new:developer/hooks/filters/bricks-svg-allowed_attributes,academy,Filter: bricks/svg/allowed_attributes,filter bricks/svg/allowed attributes,https://academy.bricksbuilder.io/developer/hooks/filters/bricks-svg-allowed_attributes/,bricks-svg-allowed_attributes,bricks-svg-allowed_attributes,bricks-svg-allowed-attributes,developer/hooks,
new:developer/hooks/filters/bricks-svg-allowed_tags,academy,Filter: bricks/svg/allowed_tags,filter bricks/svg/allowed tags,https://academy.bricksbuilder.io/developer/hooks/filters/bricks-svg-allowed_tags/,bricks-svg-allowed_tags,bricks-svg-allowed_tags,bricks-svg-allowed-tags,developer/hooks,
new:developer/hooks/filters/bricks-svg-bypass_sanitization,academy,Filter: bricks/svg/bypass_sanitization,filter bricks/svg/bypass sanitization,https://academy.bricksbuilder.io/developer/hooks/filters/bricks-svg-bypass_sanitization/,bricks-svg-bypass_sanitization,bricks-svg-bypass_sanitization,bricks-svg-bypass-sanitization,developer/hooks,
new:developer/hooks/filters/bricks-template_preview-supported_content_types,academy,Filter: bricks/template_preview/supported_content_types,filter bricks/template preview/supported content types,https://academy.bricksbuilder.io/developer/hooks/filters/bricks-template_preview-supported_content_types/,bricks-template_preview-supported_content_types,bricks-template_preview-supported_content_types,bricks-template-preview-supported-content-types,developer/hooks,
new:developer/hooks/filters/bricks-theme_style_name,academy,Filter: bricks/theme_style_name,filter bricks/theme style name,https://academy.bricksbuilder.io/developer/hooks/filters/bricks-theme_style_name/,bricks-theme_style_name,bricks-theme_style_name,bricks-theme-style-name,developer/hooks,
new:developer/hooks/filters/bricks-theme_styles-control_groups,academy,Filter: bricks/theme_styles/control_groups,filter bricks/theme styles/control groups,https://academy.bricksbuilder.io/developer/hooks/filters/bricks-theme_styles-control_groups/,bricks-theme_styles-control_groups,bricks-theme_styles-control_groups,bricks-theme-styles-control-groups,developer/hooks,
new:developer/hooks/filters/bricks-theme_styles-controls,academy,Filter: bricks/theme_styles/controls,filter bricks/theme styles/controls,https://academy.bricksbuilder.io/developer/hooks/filters/bricks-theme_styles-controls/,bricks-theme_styles-controls,bricks-theme_styles-controls,bricks-theme-styles-controls,developer/hooks,
new:developer/hooks/filters/bricks-theme_styles,academy,Filter: bricks/theme_styles,filter bricks/theme styles,https://academy.bricksbuilder.io/developer/hooks/filters/bricks-theme_styles/,bricks-theme_styles,bricks-theme_styles,bricks-theme-styles,developer/hooks,
new:developer/hooks/filters/bricks-user_activation_email-content,academy,Filter: bricks/user_activation_email/content,filter bricks/user activation email/content,https://academy.bricksbuilder.io/developer/hooks/filters/bricks-user_activation_email-content/,bricks-user_activation_email-content,bricks-user_activation_email-content,bricks-user-activation-email-content,developer/hooks,
new:developer/hooks/filters/bricks-user_activation_email-from_name,academy,Filter: bricks/user_activation_email/from_name,filter bricks/user activation email/from name,https://academy.bricksbuilder.io/developer/hooks/filters/bricks-user_activation_email-from_name/,bricks-user_activation_email-from_name,bricks-user_activation_email-from_name,bricks-user-activation-email-from-name,developer/hooks,
new:developer/hooks/filters/bricks-user_activation_email-subject,academy,Filter: bricks/user_activation_email/subject,filter bricks/user activation email/subject,https://academy.bricksbuilder.io/developer/hooks/filters/bricks-user_activation_email-subject/,bricks-user_activation_email-subject,bricks-user_activation_email-subject,bricks-user-activation-email-subject,developer/hooks,
new:developer/hooks/filters/bricks-webhook-timeout,academy,Filter: bricks/webhook/timeout,filter bricks/webhook/timeout,https://academy.bricksbuilder.io/developer/hooks/filters/bricks-webhook-timeout/,bricks-webhook-timeout,bricks-webhook-timeout,bricks-webhook-timeout,developer/hooks,
new:developer/hooks/filters/bricks-woo_setup_wizard-register_presets,academy,Filter: bricks/woo_setup_wizard/register_presets,filter bricks/woo setup wizard/register presets,https://academy.bricksbuilder.io/developer/hooks/filters/bricks-woo_setup_wizard-register_presets/,bricks-woo_setup_wizard-register_presets,bricks-woo_setup_wizard-register_presets,bricks-woo-setup-wizard-register-presets,developer/hooks,
new:developer/hooks/filters/bricks-woocommerce-ajax_render_post_id,academy,Filter: bricks/woocommerce/ajax_render_post_id,filter bricks/woocommerce/ajax render post id,https://academy.bricksbuilder.io/developer/hooks/filters/bricks-woocommerce-ajax_render_post_id/,bricks-woocommerce-ajax_render_post_id,bricks-woocommerce-ajax_render_post_id,bricks-woocommerce-ajax-render-post-id,developer/hooks,
new:developer/hooks/filters/bricks-woocommerce-cart_proceed_label,academy,Filter: bricks/woocommerce/cart_proceed_label,filter bricks/woocommerce/cart proceed label,https://academy.bricksbuilder.io/developer/hooks/filters/bricks-woocommerce-cart_proceed_label/,bricks-woocommerce-cart_proceed_label,bricks-woocommerce-cart_proceed_label,bricks-woocommerce-cart-proceed-label,developer/hooks,
new:developer/hooks/filters/bricks-woocommerce-dynamic_fragments-fragments,academy,Filter: bricks/woocommerce/dynamic_fragments/fragments,filter bricks/woocommerce/dynamic fragments/fragments,https://academy.bricksbuilder.io/developer/hooks/filters/bricks-woocommerce-dynamic_fragments-fragments/,bricks-woocommerce-dynamic_fragments-fragments,bricks-woocommerce-dynamic_fragments-fragments,bricks-woocommerce-dynamic-fragments-fragments,developer/hooks,
new:developer/hooks/filters/bricks-woocommerce-dynamic_fragments-html,academy,Filter: bricks/woocommerce/dynamic_fragments/html,filter bricks/woocommerce/dynamic fragments/html,https://academy.bricksbuilder.io/developer/hooks/filters/bricks-woocommerce-dynamic_fragments-html/,bricks-woocommerce-dynamic_fragments-html,bricks-woocommerce-dynamic_fragments-html,bricks-woocommerce-dynamic-fragments-html,developer/hooks,
new:developer/hooks/filters/bricks-woocommerce-dynamic_fragments-targets,academy,Filter: bricks/woocommerce/dynamic_fragments/targets,filter bricks/woocommerce/dynamic fragments/targets,https://academy.bricksbuilder.io/developer/hooks/filters/bricks-woocommerce-dynamic_fragments-targets/,bricks-woocommerce-dynamic_fragments-targets,bricks-woocommerce-dynamic_fragments-targets,bricks-woocommerce-dynamic-fragments-targets,developer/hooks,
new:developer/hooks/filters/bricks-woocommerce-predefined_elements-generated_payload,academy,Filter: bricks/woocommerce/predefined_elements/generated_payload,filter bricks/woocommerce/predefined elements/generated payload,https://academy.bricksbuilder.io/developer/hooks/filters/bricks-woocommerce-predefined_elements-generated_payload/,bricks-woocommerce-predefined_elements-generated_payload,bricks-woocommerce-predefined_elements-generated_payload,bricks-woocommerce-predefined-elements-generated-payload,developer/hooks,
new:developer/hooks/filters/bricks-woocommerce-predefined_elements-local_presets,academy,Filter: bricks/woocommerce/predefined_elements/local_presets,filter bricks/woocommerce/predefined elements/local presets,https://academy.bricksbuilder.io/developer/hooks/filters/bricks-woocommerce-predefined_elements-local_presets/,bricks-woocommerce-predefined_elements-local_presets,bricks-woocommerce-predefined_elements-local_presets,bricks-woocommerce-predefined-elements-local-presets,developer/hooks,
new:developer/hooks/filters/bricks-woocommerce-predefined_elements-remote_payload,academy,Filter: bricks/woocommerce/predefined_elements/remote_payload,filter bricks/woocommerce/predefined elements/remote payload,https://academy.bricksbuilder.io/developer/hooks/filters/bricks-woocommerce-predefined_elements-remote_payload/,bricks-woocommerce-predefined_elements-remote_payload,bricks-woocommerce-predefined_elements-remote_payload,bricks-woocommerce-predefined-elements-remote-payload,developer/hooks,
new:developer/hooks/filters/bricks-woocommerce-predefined_elements-remote_url,academy,Filter: bricks/woocommerce/predefined_elements/remote_url,filter bricks/woocommerce/predefined elements/remote url,https://academy.bricksbuilder.io/developer/hooks/filters/bricks-woocommerce-predefined_elements-remote_url/,bricks-woocommerce-predefined_elements-remote_url,bricks-woocommerce-predefined_elements-remote_url,bricks-woocommerce-predefined-elements-remote-url,developer/hooks,
new:developer/hooks/filters/bricks-woocommerce-products_filters-options,academy,Filter: bricks/woocommerce/products_filters/options,filter bricks/woocommerce/products filters/options,https://academy.bricksbuilder.io/developer/hooks/filters/bricks-woocommerce-products_filters-options/,bricks-woocommerce-products_filters-options,bricks-woocommerce-products_filters-options,bricks-woocommerce-products-filters-options,developer/hooks,
new:developer/hooks/filters/bricks-woocommerce-products_orderby_options,academy,Filter: bricks/woocommerce/products_orderby_options,filter bricks/woocommerce/products orderby options,https://academy.bricksbuilder.io/developer/hooks/filters/bricks-woocommerce-products_orderby_options/,bricks-woocommerce-products_orderby_options,bricks-woocommerce-products_orderby_options,bricks-woocommerce-products-orderby-options,developer/hooks,
new:developer/hooks/filters/bricks-wpml-exclude_controls_from_translation,academy,Filter: bricks/wpml/exclude_controls_from_translation,filter bricks/wpml/exclude controls from translation,https://academy.bricksbuilder.io/developer/hooks/filters/bricks-wpml-exclude_controls_from_translation/,bricks-wpml-exclude_controls_from_translation,bricks-wpml-exclude_controls_from_translation,bricks-wpml-exclude-controls-from-translation,developer/hooks,
new:developer/hooks/filters/bricks-wpml-translatable_control_types,academy,Filter: bricks/wpml/translatable_control_types,filter bricks/wpml/translatable control types,https://academy.bricksbuilder.io/developer/hooks/filters/bricks-wpml-translatable_control_types/,bricks-wpml-translatable_control_types,bricks-wpml-translatable_control_types,bricks-wpml-translatable-control-types,developer/hooks,
new:developer/hooks/filters/bricks_query_max_items_in_builder,academy,Filter: bricks_query_max_items_in_builder,filter bricks query max items in builder,https://academy.bricksbuilder.io/developer/hooks/filters/bricks_query_max_items_in_builder/,bricks_query_max_items_in_builder,bricks_query_max_items_in_builder,bricks-query-max-items-in-builder,developer/hooks,
new:developer/hooks/filters/filter-bricks-active_templates,academy,Filter: bricks/active_templates,filter bricks/active templates,https://academy.bricksbuilder.io/developer/hooks/filters/filter-bricks-active_templates/,filter-bricks-active_templates,filter-bricks-active_templates,bricks-active-templates,developer/hooks,
new:developer/hooks/filters/filter-bricks-allowed_html_tags,academy,Filter: bricks/allowed_html_tags,filter bricks/allowed html tags,https://academy.bricksbuilder.io/developer/hooks/filters/filter-bricks-allowed_html_tags/,filter-bricks-allowed_html_tags,filter-bricks-allowed_html_tags,bricks-allowed-html-tags,developer/hooks,
new:developer/hooks/filters/filter-bricks-assets-generate_css_from_element,academy,Filter: bricks/assets/generate_css_from_element,filter bricks/assets/generate css from element,https://academy.bricksbuilder.io/developer/hooks/filters/filter-bricks-assets-generate_css_from_element/,filter-bricks-assets-generate_css_from_element,filter-bricks-assets-generate_css_from_element,bricks-assets-generate-css-from-element,developer/hooks,
new:developer/hooks/filters/filter-bricks-assets-load_webfonts,academy,Filter: bricks//assets/load_webfonts,filter bricks/assets/load webfonts,https://academy.bricksbuilder.io/developer/hooks/filters/filter-bricks-assets-load_webfonts/,filter-bricks-assets-load_webfonts,filter-bricks-assets-load_webfonts,bricks-assets-load-webfonts,developer/hooks,
new:developer/hooks/filters/filter-bricks-auth-custom_login_redirect,academy,Filter: bricks/auth/custom_login_redirect,filter bricks/auth/custom login redirect,https://academy.bricksbuilder.io/developer/hooks/filters/filter-bricks-auth-custom_login_redirect/,filter-bricks-auth-custom_login_redirect,filter-bricks-auth-custom_login_redirect,bricks-auth-custom-login-redirect,developer/hooks,
new:developer/hooks/filters/filter-bricks-auth-custom_lost_password_redirect,academy,Filter: bricks/auth/custom_lost_password_redirect,filter bricks/auth/custom lost password redirect,https://academy.bricksbuilder.io/developer/hooks/filters/filter-bricks-auth-custom_lost_password_redirect/,filter-bricks-auth-custom_lost_password_redirect,filter-bricks-auth-custom_lost_password_redirect,bricks-auth-custom-lost-password-redirect,developer/hooks,
new:developer/hooks/filters/filter-bricks-auth-custom_redirect_url,academy,Filter: bricks/auth/custom_redirect_url,filter bricks/auth/custom redirect url,https://academy.bricksbuilder.io/developer/hooks/filters/filter-bricks-auth-custom_redirect_url/,filter-bricks-auth-custom_redirect_url,filter-bricks-auth-custom_redirect_url,bricks-auth-custom-redirect-url,developer/hooks,
new:developer/hooks/filters/filter-bricks-auth-custom_registration_redirect,academy,Filter: bricks/auth/custom_registration_redirect,filter bricks/auth/custom registration redirect,https://academy.bricksbuilder.io/developer/hooks/filters/filter-bricks-auth-custom_registration_redirect/,filter-bricks-auth-custom_registration_redirect,filter-bricks-auth-custom_registration_redirect,bricks-auth-custom-registration-redirect,developer/hooks,
new:developer/hooks/filters/filter-bricks-auth-custom_reset_password_redirect,academy,Filter: bricks/auth/custom_reset_password_redirect,filter bricks/auth/custom reset password redirect,https://academy.bricksbuilder.io/developer/hooks/filters/filter-bricks-auth-custom_reset_password_redirect/,filter-bricks-auth-custom_reset_password_redirect,filter-bricks-auth-custom_reset_password_redirect,bricks-auth-custom-reset-password-redirect,developer/hooks,
new:developer/hooks/filters/filter-bricks-body-attributes,academy,Filter: bricks/body/attributes,filter bricks/body/attributes,https://academy.bricksbuilder.io/developer/hooks/filters/filter-bricks-body-attributes/,filter-bricks-body-attributes,filter-bricks-body-attributes,bricks-body-attributes,developer/hooks,
new:developer/hooks/filters/filter-bricks-builder-codemirror_config,academy,Filter: bricks/builder/codemirror_config,filter bricks/builder/codemirror config,https://academy.bricksbuilder.io/developer/hooks/filters/filter-bricks-builder-codemirror_config/,filter-bricks-builder-codemirror_config,filter-bricks-builder-codemirror_config,bricks-builder-codemirror-config,developer/hooks,
new:developer/hooks/filters/filter-bricks-builder-elements,academy,Filter: bricks/builder/elements,filter bricks/builder/elements,https://academy.bricksbuilder.io/developer/hooks/filters/filter-bricks-builder-elements/,filter-bricks-builder-elements,filter-bricks-builder-elements,bricks-builder-elements,developer/hooks,
new:developer/hooks/filters/filter-bricks-builder-image_size_options,academy,Filter: bricks/builder/image_size_options,filter bricks/builder/image size options,https://academy.bricksbuilder.io/developer/hooks/filters/filter-bricks-builder-image_size_options/,filter-bricks-builder-image_size_options,filter-bricks-builder-image_size_options,bricks-builder-image-size-options,developer/hooks,
new:developer/hooks/filters/filter-bricks-builder-mapstyles,academy,Filter: bricks/builder/map_styles,filter bricks/builder/map styles,https://academy.bricksbuilder.io/developer/hooks/filters/filter-bricks-builder-mapstyles/,filter-bricks-builder-mapstyles,filter-bricks-builder-mapstyles,bricks-builder-mapstyles,developer/hooks,
new:developer/hooks/filters/filter-bricks-code-allow_execution,academy,Filter: bricks/code/allow_execution,filter bricks/code/allow execution,https://academy.bricksbuilder.io/developer/hooks/filters/filter-bricks-code-allow_execution/,filter-bricks-code-allow_execution,filter-bricks-code-allow_execution,bricks-code-allow-execution,developer/hooks,
new:developer/hooks/filters/filter-bricks-code-disable_execution,academy,Filter: bricks/code/disable_execution,filter bricks/code/disable execution,https://academy.bricksbuilder.io/developer/hooks/filters/filter-bricks-code-disable_execution/,filter-bricks-code-disable_execution,filter-bricks-code-disable_execution,bricks-code-disable-execution,developer/hooks,
new:developer/hooks/filters/filter-bricks-code-disallow_keywords,academy,Filter: bricks/code/disallow_keywords,filter bricks/code/disallow keywords,https://academy.bricksbuilder.io/developer/hooks/filters/filter-bricks-code-disallow_keywords/,filter-bricks-code-disallow_keywords,filter-bricks-code-disallow_keywords,bricks-code-disallow-keywords,developer/hooks,
new:developer/hooks/filters/filter-bricks-code-echo_function_names,academy,Filter: bricks/code/echo_function_names,filter bricks/code/echo function names,https://academy.bricksbuilder.io/developer/hooks/filters/filter-bricks-code-echo_function_names/,filter-bricks-code-echo_function_names,filter-bricks-code-echo_function_names,bricks-code-echo-function-names,developer/hooks,
new:developer/hooks/filters/filter-bricks-comments-timestamp,academy,Filter: bricks/comments/timestamp,filter bricks/comments/timestamp,https://academy.bricksbuilder.io/developer/hooks/filters/filter-bricks-comments-timestamp/,filter-bricks-comments-timestamp,filter-bricks-comments-timestamp,bricks-comments-timestamp,developer/hooks,
new:developer/hooks/filters/filter-bricks-content-attributes,academy,Filter: bricks/content/attributes,filter bricks/content/attributes,https://academy.bricksbuilder.io/developer/hooks/filters/filter-bricks-content-attributes/,filter-bricks-content-attributes,filter-bricks-content-attributes,bricks-content-attributes,developer/hooks,
new:developer/hooks/filters/filter-bricks-content-html_after_begin,academy,Filter: bricks/content/html_after_begin,filter bricks/content/html after begin,https://academy.bricksbuilder.io/developer/hooks/filters/filter-bricks-content-html_after_begin/,filter-bricks-content-html_after_begin,filter-bricks-content-html_after_begin,bricks-content-html-after-begin,developer/hooks,
new:developer/hooks/filters/filter-bricks-content-html_before_end,academy,Filter: bricks/content/html_before_end,filter bricks/content/html before end,https://academy.bricksbuilder.io/developer/hooks/filters/filter-bricks-content-html_before_end/,filter-bricks-content-html_before_end,filter-bricks-content-html_before_end,bricks-content-html-before-end,developer/hooks,
new:developer/hooks/filters/filter-bricks-content-tag,academy,Filter: bricks/content/tag,filter bricks/content/tag,https://academy.bricksbuilder.io/developer/hooks/filters/filter-bricks-content-tag/,filter-bricks-content-tag,filter-bricks-content-tag,bricks-content-tag,developer/hooks,
new:developer/hooks/filters/filter-bricks-default_page_title,academy,Filter: bricks/default_page_title,filter bricks/default page title,https://academy.bricksbuilder.io/developer/hooks/filters/filter-bricks-default_page_title/,filter-bricks-default_page_title,filter-bricks-default_page_title,bricks-default-page-title,developer/hooks,
new:developer/hooks/filters/filter-bricks-dynamic_data-exclude_tags,academy,Filter: bricks/dynamic_data/exclude_tags,filter bricks/dynamic data/exclude tags,https://academy.bricksbuilder.io/developer/hooks/filters/filter-bricks-dynamic_data-exclude_tags/,filter-bricks-dynamic_data-exclude_tags,filter-bricks-dynamic_data-exclude_tags,bricks-dynamic-data-exclude-tags,developer/hooks,
new:developer/hooks/filters/filter-bricks-dynamic_data-post_terms_links,academy,Filter: bricks/dynamic_data/post_terms_links,filter bricks/dynamic data/post terms links,https://academy.bricksbuilder.io/developer/hooks/filters/filter-bricks-dynamic_data-post_terms_links/,filter-bricks-dynamic_data-post_terms_links,filter-bricks-dynamic_data-post_terms_links,bricks-dynamic-data-post-terms-links,developer/hooks,
new:developer/hooks/filters/filter-bricks-dynamic_data-post_terms_separator,academy,Filter: bricks/dynamic_data/post_terms_separator,filter bricks/dynamic data/post terms separator,https://academy.bricksbuilder.io/developer/hooks/filters/filter-bricks-dynamic_data-post_terms_separator/,filter-bricks-dynamic_data-post_terms_separator,filter-bricks-dynamic_data-post_terms_separator,bricks-dynamic-data-post-terms-separator,developer/hooks,
new:developer/hooks/filters/filter-bricks-dynamic_data-read_more,academy,Filter: bricks/dynamic_data/read_more,filter bricks/dynamic data/read more,https://academy.bricksbuilder.io/developer/hooks/filters/filter-bricks-dynamic_data-read_more/,filter-bricks-dynamic_data-read_more,filter-bricks-dynamic_data-read_more,bricks-dynamic-data-read-more,developer/hooks,
new:developer/hooks/filters/filter-bricks-dynamic_data-replace_nonexistent_tags,academy,Filter: bricks/dynamic_data/replace_nonexistent_tags,filter bricks/dynamic data/replace nonexistent tags,https://academy.bricksbuilder.io/developer/hooks/filters/filter-bricks-dynamic_data-replace_nonexistent_tags/,filter-bricks-dynamic_data-replace_nonexistent_tags,filter-bricks-dynamic_data-replace_nonexistent_tags,bricks-dynamic-data-replace-nonexistent-tags,developer/hooks,
new:developer/hooks/filters/filter-bricks-element-render,academy,Filter: bricks/element/render,filter bricks/element/render,https://academy.bricksbuilder.io/developer/hooks/filters/filter-bricks-element-render/,filter-bricks-element-render,filter-bricks-element-render,bricks-element-render,developer/hooks,
new:developer/hooks/filters/filter-bricks-element-render_attributes,academy,Filter: bricks/element/render_attributes,filter bricks/element/render attributes,https://academy.bricksbuilder.io/developer/hooks/filters/filter-bricks-element-render_attributes/,filter-bricks-element-render_attributes,filter-bricks-element-render_attributes,bricks-element-render-attributes,developer/hooks,
new:developer/hooks/filters/filter-bricks-element-settings,academy,Filter: bricks/element/settings,filter bricks/element/settings,https://academy.bricksbuilder.io/developer/hooks/filters/filter-bricks-element-settings/,filter-bricks-element-settings,filter-bricks-element-settings,bricks-element-settings,developer/hooks,
new:developer/hooks/filters/filter-bricks-elements-element_name-control_groups,academy,Filter: bricks/elements/{element_name}/control_groups,filter bricks/elements/ element name /control groups,https://academy.bricksbuilder.io/developer/hooks/filters/filter-bricks-elements-element_name-control_groups/,filter-bricks-elements-element_name-control_groups,filter-bricks-elements-element_name-control_groups,bricks-elements-element-name-control-groups,developer/hooks,
new:developer/hooks/filters/filter-bricks-elements-element_name-controls,academy,Filter: bricks/elements/&#123;element_name&#125;/controls,filter bricks/elements/and 123 element nameand 125 /controls,https://academy.bricksbuilder.io/developer/hooks/filters/filter-bricks-elements-element_name-controls/,filter-bricks-elements-element_name-controls,filter-bricks-elements-element_name-controls,bricks-elements-element-name-controls,developer/hooks,
new:developer/hooks/filters/filter-bricks-filter_element-populated_options,academy,Filter: bricks/filter_element/populated_options,filter bricks/filter element/populated options,https://academy.bricksbuilder.io/developer/hooks/filters/filter-bricks-filter_element-populated_options/,filter-bricks-filter_element-populated_options,filter-bricks-filter_element-populated_options,bricks-filter-element-populated-options,developer/hooks,
new:developer/hooks/filters/filter-bricks-footer-attributes,academy,Filter: bricks/footer/attributes,filter bricks/footer/attributes,https://academy.bricksbuilder.io/developer/hooks/filters/filter-bricks-footer-attributes/,filter-bricks-footer-attributes,filter-bricks-footer-attributes,bricks-footer-attributes,developer/hooks,
new:developer/hooks/filters/filter-bricks-form-action-form_action,academy,Filter: bricks/form/action/{form_action},filter bricks/form/action/ form action,https://academy.bricksbuilder.io/developer/hooks/filters/filter-bricks-form-action-form_action/,filter-bricks-form-action-form_action,filter-bricks-form-action-form_action,bricks-form-action-form-action,developer/hooks,
new:developer/hooks/filters/filter-bricks-form-create_post-meta_value,academy,Filter: bricks/form/create_post/meta_value,filter bricks/form/create post/meta value,https://academy.bricksbuilder.io/developer/hooks/filters/filter-bricks-form-create_post-meta_value/,filter-bricks-form-create_post-meta_value,filter-bricks-form-create_post-meta_value,bricks-form-create-post-meta-value,developer/hooks,
new:developer/hooks/filters/filter-bricks-form-update_post-meta_value,academy,Filter: bricks/form/update_post/meta_value,filter bricks/form/update post/meta value,https://academy.bricksbuilder.io/developer/hooks/filters/filter-bricks-form-update_post-meta_value/,filter-bricks-form-update_post-meta_value,filter-bricks-form-update_post-meta_value,bricks-form-update-post-meta-value,developer/hooks,
new:developer/hooks/filters/filter-bricks-frontend-render_data,academy,Filter: bricks/frontend/render_data,filter bricks/frontend/render data,https://academy.bricksbuilder.io/developer/hooks/filters/filter-bricks-frontend-render_data/,filter-bricks-frontend-render_data,filter-bricks-frontend-render_data,bricks-frontend-render-data,developer/hooks,
new:developer/hooks/filters/filter-bricks-frontend-render_element,academy,Filter: bricks/frontend/render_element,filter bricks/frontend/render element,https://academy.bricksbuilder.io/developer/hooks/filters/filter-bricks-frontend-render_element/,filter-bricks-frontend-render_element,filter-bricks-frontend-render_element,bricks-frontend-render-element,developer/hooks,
new:developer/hooks/filters/filter-bricks-get_element_data-maybe_from_post_id,academy,Filter: bricks/get_element_data/maybe_from_post_id,filter bricks/get element data/maybe from post id,https://academy.bricksbuilder.io/developer/hooks/filters/filter-bricks-get_element_data-maybe_from_post_id/,filter-bricks-get_element_data-maybe_from_post_id,filter-bricks-get_element_data-maybe_from_post_id,bricks-get-element-data-maybe-from-post-id,developer/hooks,
new:developer/hooks/filters/filter-bricks-header-attributes,academy,Filter: bricks/header/attributes,filter bricks/header/attributes,https://academy.bricksbuilder.io/developer/hooks/filters/filter-bricks-header-attributes/,filter-bricks-header-attributes,filter-bricks-header-attributes,bricks-header-attributes,developer/hooks,
new:developer/hooks/filters/filter-bricks-i18n,academy,Filter: bricks/builder/i18n,filter bricks/builder/i18n,https://academy.bricksbuilder.io/developer/hooks/filters/filter-bricks-i18n/,filter-bricks-i18n,filter-bricks-i18n,bricks-i18n,developer/hooks,
new:developer/hooks/filters/filter-bricks-is_layout_element,academy,Filter: bricks/is_layout_element,filter bricks/is layout element,https://academy.bricksbuilder.io/developer/hooks/filters/filter-bricks-is_layout_element/,filter-bricks-is_layout_element,filter-bricks-is_layout_element,bricks-is-layout-element,developer/hooks,
new:developer/hooks/filters/filter-bricks-link_css_selectors,academy,Filter: bricks/link_css_selectors,filter bricks/link css selectors,https://academy.bricksbuilder.io/developer/hooks/filters/filter-bricks-link_css_selectors/,filter-bricks-link_css_selectors,filter-bricks-link_css_selectors,bricks-link-css-selectors,developer/hooks,
new:developer/hooks/filters/filter-bricks-maintenance-should_apply,academy,Filter: bricks/maintenance/should_apply,filter bricks/maintenance/should apply,https://academy.bricksbuilder.io/developer/hooks/filters/filter-bricks-maintenance-should_apply/,filter-bricks-maintenance-should_apply,filter-bricks-maintenance-should_apply,bricks-maintenance-should-apply,developer/hooks,
new:developer/hooks/filters/filter-bricks-nav_menu-menu,academy,Filter: bricks/nav_menu/menu,filter bricks/nav menu/menu,https://academy.bricksbuilder.io/developer/hooks/filters/filter-bricks-nav_menu-menu/,filter-bricks-nav_menu-menu,filter-bricks-nav_menu-menu,bricks-nav-menu-menu,developer/hooks,
new:developer/hooks/filters/filter-bricks-password_protection-cookie-expires,academy,Filter: bricks/password_protection/cookie_expires,filter bricks/password protection/cookie expires,https://academy.bricksbuilder.io/developer/hooks/filters/filter-bricks-password_protection-cookie-expires/,filter-bricks-password_protection-cookie-expires,filter-bricks-password_protection-cookie-expires,bricks-password-protection-cookie-expires,developer/hooks,
new:developer/hooks/filters/filter-bricks-password_protection-is_active,academy,Filter: bricks/password_protection/is_active,filter bricks/password protection/is active,https://academy.bricksbuilder.io/developer/hooks/filters/filter-bricks-password_protection-is_active/,filter-bricks-password_protection-is_active,filter-bricks-password_protection-is_active,bricks-password-protection-is-active,developer/hooks,
new:developer/hooks/filters/filter-bricks-placeholder_image,academy,Filter: bricks/placeholder_image,filter bricks/placeholder image,https://academy.bricksbuilder.io/developer/hooks/filters/filter-bricks-placeholder_image/,filter-bricks-placeholder_image,filter-bricks-placeholder_image,bricks-placeholder-image,developer/hooks,
new:developer/hooks/filters/filter-bricks-posts-merge_query,academy,Filter: bricks/posts/merge_query,filter bricks/posts/merge query,https://academy.bricksbuilder.io/developer/hooks/filters/filter-bricks-posts-merge_query/,filter-bricks-posts-merge_query,filter-bricks-posts-merge_query,bricks-posts-merge-query,developer/hooks,
new:developer/hooks/filters/filter-bricks-posts-query_vars,academy,Filter: bricks/posts/query_vars,filter bricks/posts/query vars,https://academy.bricksbuilder.io/developer/hooks/filters/filter-bricks-posts-query_vars/,filter-bricks-posts-query_vars,filter-bricks-posts-query_vars,bricks-posts-query-vars,developer/hooks,
new:developer/hooks/filters/filter-bricks-query-force_run,academy,Filter: bricks/query/force_run,filter bricks/query/force run,https://academy.bricksbuilder.io/developer/hooks/filters/filter-bricks-query-force_run/,filter-bricks-query-force_run,filter-bricks-query-force_run,bricks-query-force-run,developer/hooks,
new:developer/hooks/filters/filter-bricks-query-init_loop_index,academy,Filter: bricks/query/init_loop_index,filter bricks/query/init loop index,https://academy.bricksbuilder.io/developer/hooks/filters/filter-bricks-query-init_loop_index/,filter-bricks-query-init_loop_index,filter-bricks-query-init_loop_index,bricks-query-init-loop-index,developer/hooks,
new:developer/hooks/filters/filter-bricks-query-loop_object,academy,Filter: bricks/query/loop_object,filter bricks/query/loop object,https://academy.bricksbuilder.io/developer/hooks/filters/filter-bricks-query-loop_object/,filter-bricks-query-loop_object,filter-bricks-query-loop_object,bricks-query-loop-object,developer/hooks,
new:developer/hooks/filters/filter-bricks-query-loop_object_id,academy,Filter: bricks/query/loop_object_id,filter bricks/query/loop object id,https://academy.bricksbuilder.io/developer/hooks/filters/filter-bricks-query-loop_object_id/,filter-bricks-query-loop_object_id,filter-bricks-query-loop_object_id,bricks-query-loop-object-id,developer/hooks,
new:developer/hooks/filters/filter-bricks-query-loop_object_type,academy,Filter: bricks/query/loop_object_type,filter bricks/query/loop object type,https://academy.bricksbuilder.io/developer/hooks/filters/filter-bricks-query-loop_object_type/,filter-bricks-query-loop_object_type,filter-bricks-query-loop_object_type,bricks-query-loop-object-type,developer/hooks,
new:developer/hooks/filters/filter-bricks-query-no_results_content,academy,Filter: bricks/query/no_results_content,filter bricks/query/no results content,https://academy.bricksbuilder.io/developer/hooks/filters/filter-bricks-query-no_results_content/,filter-bricks-query-no_results_content,filter-bricks-query-no_results_content,bricks-query-no-results-content,developer/hooks,
new:developer/hooks/filters/filter-bricks-query-result,academy,Filter: bricks/query/result,filter bricks/query/result,https://academy.bricksbuilder.io/developer/hooks/filters/filter-bricks-query-result/,filter-bricks-query-result,filter-bricks-query-result,bricks-query-result,developer/hooks,
new:developer/hooks/filters/filter-bricks-query-result_count,academy,Filter: bricks/query/result_count,filter bricks/query/result count,https://academy.bricksbuilder.io/developer/hooks/filters/filter-bricks-query-result_count/,filter-bricks-query-result_count,filter-bricks-query-result_count,bricks-query-result-count,developer/hooks,
new:developer/hooks/filters/filter-bricks-query-result_max_num_pages,academy,Filter: bricks/query/result_max_num_pages,filter bricks/query/result max num pages,https://academy.bricksbuilder.io/developer/hooks/filters/filter-bricks-query-result_max_num_pages/,filter-bricks-query-result_max_num_pages,filter-bricks-query-result_max_num_pages,bricks-query-result-max-num-pages,developer/hooks,
new:developer/hooks/filters/filter-bricks-query-run,academy,Filter: bricks/query/run,filter bricks/query/run,https://academy.bricksbuilder.io/developer/hooks/filters/filter-bricks-query-run/,filter-bricks-query-run,filter-bricks-query-run,bricks-query-run,developer/hooks,
new:developer/hooks/filters/filter-bricks-registered_post_types_args,academy,Filter: bricks/registered_post_types_args,filter bricks/registered post types args,https://academy.bricksbuilder.io/developer/hooks/filters/filter-bricks-registered_post_types_args/,filter-bricks-registered_post_types_args,filter-bricks-registered_post_types_args,bricks-registered-post-types-args,developer/hooks,
new:developer/hooks/filters/filter-bricks-related_posts-query_vars,academy,Filter: bricks/related_posts/query_vars,filter bricks/related posts/query vars,https://academy.bricksbuilder.io/developer/hooks/filters/filter-bricks-related_posts-query_vars/,filter-bricks-related_posts-query_vars,filter-bricks-related_posts-query_vars,bricks-related-posts-query-vars,developer/hooks,
new:developer/hooks/filters/filter-bricks-render_query_loop_trail,academy,Filter: bricks/render_query_loop_trail,filter bricks/render query loop trail,https://academy.bricksbuilder.io/developer/hooks/filters/filter-bricks-render_query_loop_trail/,filter-bricks-render_query_loop_trail,filter-bricks-render_query_loop_trail,bricks-render-query-loop-trail,developer/hooks,
new:developer/hooks/filters/filter-bricks-screen_conditions-scores,academy,Filter: bricks/screen_conditions/scores,filter bricks/screen conditions/scores,https://academy.bricksbuilder.io/developer/hooks/filters/filter-bricks-screen_conditions-scores/,filter-bricks-screen_conditions-scores,filter-bricks-screen_conditions-scores,bricks-screen-conditions-scores,developer/hooks,
new:developer/hooks/filters/filter-bricks-search_form-home_url,academy,Filter: bricks/search_form/home_url,filter bricks/search form/home url,https://academy.bricksbuilder.io/developer/hooks/filters/filter-bricks-search_form-home_url/,filter-bricks-search_form-home_url,filter-bricks-search_form-home_url,bricks-search-form-home-url,developer/hooks,
new:developer/hooks/filters/filter-bricks-set_root_attributes,academy,Filter: bricks/element/set_root_attributes,filter bricks/element/set root attributes,https://academy.bricksbuilder.io/developer/hooks/filters/filter-bricks-set_root_attributes/,filter-bricks-set_root_attributes,filter-bricks-set_root_attributes,bricks-set-root-attributes,developer/hooks,
new:developer/hooks/filters/filter-bricks-setup-control_options,academy,Filter: bricks/setup/control_options,filter bricks/setup/control options,https://academy.bricksbuilder.io/developer/hooks/filters/filter-bricks-setup-control_options/,filter-bricks-setup-control_options,filter-bricks-setup-control_options,bricks-setup-control-options,developer/hooks,
new:developer/hooks/filters/filter-bricks-terms-query_vars,academy,Filter: bricks/terms/query_vars,filter bricks/terms/query vars,https://academy.bricksbuilder.io/developer/hooks/filters/filter-bricks-terms-query_vars/,filter-bricks-terms-query_vars,filter-bricks-terms-query_vars,bricks-terms-query-vars,developer/hooks,
new:developer/hooks/filters/filter-bricks-use_duplicate_content,academy,Filter: bricks/use_duplicate_content,filter bricks/use duplicate content,https://academy.bricksbuilder.io/developer/hooks/filters/filter-bricks-use_duplicate_content/,filter-bricks-use_duplicate_content,filter-bricks-use_duplicate_content,bricks-use-duplicate-content,developer/hooks,
new:developer/hooks/filters/filter-bricks-users-query_vars,academy,Filter: bricks/users/query_vars,filter bricks/users/query vars,https://academy.bricksbuilder.io/developer/hooks/filters/filter-bricks-users-query_vars/,filter-bricks-users-query_vars,filter-bricks-users-query_vars,bricks-users-query-vars,developer/hooks,
new:developer/hooks/filters/filter-builder-settings-type-controls_data,academy,Filter: builder/settings/{type}/controls_data,filter builder/settings/ type /controls data,https://academy.bricksbuilder.io/developer/hooks/filters/filter-builder-settings-type-controls_data/,filter-builder-settings-type-controls_data,filter-builder-settings-type-controls_data,builder-settings-type-controls-data,developer/hooks,
new:developer/hooks/filters/filter-color-palette,academy,Filter: bricks/builder/color_palette,filter bricks/builder/color palette,https://academy.bricksbuilder.io/developer/hooks/filters/filter-color-palette/,filter-color-palette,filter-color-palette,color-palette,developer/hooks,
new:developer/hooks/filters/filter-save-messages,academy,Filter: bricks/builder/save_messages,filter bricks/builder/save messages,https://academy.bricksbuilder.io/developer/hooks/filters/filter-save-messages/,filter-save-messages,filter-save-messages,save-messages,developer/hooks,
new:developer/hooks/filters/filter-standard-fonts,academy,Filter: bricks/builder/standard_fonts,filter bricks/builder/standard fonts,https://academy.bricksbuilder.io/developer/hooks/filters/filter-standard-fonts/,filter-standard-fonts,filter-standard-fonts,standard-fonts,developer/hooks,
new:developer/schema,academy,Bricks Data Model,bricks data model,https://academy.bricksbuilder.io/developer/schema/,schema,schema,schema,developer/schema,
new:developer/schema/controls/align-items,academy,Align Items Control Schema,align items control schema,https://academy.bricksbuilder.io/developer/schema/controls/align-items/,align-items,align-items,align-items,developer/schema,
new:developer/schema/controls/audio,academy,Audio Control Schema,audio control schema,https://academy.bricksbuilder.io/developer/schema/controls/audio/,audio,audio,audio,developer/schema,
new:developer/schema/controls/background,academy,Background Control Schema,background control schema,https://academy.bricksbuilder.io/developer/schema/controls/background/,background,background,background,developer/schema,
new:developer/schema/controls/border,academy,Border Control Schema,border control schema,https://academy.bricksbuilder.io/developer/schema/controls/border/,border,border,border,developer/schema,
new:developer/schema/controls/box-shadow,academy,Box Shadow Control Schema,box shadow control schema,https://academy.bricksbuilder.io/developer/schema/controls/box-shadow/,box-shadow,box-shadow,box-shadow,developer/schema,
new:developer/schema/controls/button,academy,Button Control Schema,button control schema,https://academy.bricksbuilder.io/developer/schema/controls/button/,button,button,button,developer/schema,
new:developer/schema/controls/checkbox,academy,Checkbox Control Schema,checkbox control schema,https://academy.bricksbuilder.io/developer/schema/controls/checkbox/,checkbox,checkbox,checkbox,developer/schema,
new:developer/schema/controls/code,academy,Code Control Schema,code control schema,https://academy.bricksbuilder.io/developer/schema/controls/code/,code,code,code,developer/schema,
new:developer/schema/controls/color,academy,Color Control Schema,color control schema,https://academy.bricksbuilder.io/developer/schema/controls/color/,color,color,color,developer/schema,
new:developer/schema/controls/datepicker,academy,Datepicker Control Schema,datepicker control schema,https://academy.bricksbuilder.io/developer/schema/controls/datepicker/,datepicker,datepicker,datepicker,developer/schema,
new:developer/schema/controls/dimensions,academy,Dimensions Control Schema,dimensions control schema,https://academy.bricksbuilder.io/developer/schema/controls/dimensions/,dimensions,dimensions,dimensions,developer/schema,
new:developer/schema/controls/direction,academy,Direction Control Schema,direction control schema,https://academy.bricksbuilder.io/developer/schema/controls/direction/,direction,direction,direction,developer/schema,
new:developer/schema/controls/editor,academy,Editor Control Schema,editor control schema,https://academy.bricksbuilder.io/developer/schema/controls/editor/,editor,editor,editor,developer/schema,
new:developer/schema/controls/file,academy,File Control Schema,file control schema,https://academy.bricksbuilder.io/developer/schema/controls/file/,file,file,file,developer/schema,
new:developer/schema/controls/filters,academy,Filters Control Schema,filters control schema,https://academy.bricksbuilder.io/developer/schema/controls/filters/,filters,filters,filters,developer/schema,
new:developer/schema/controls/icon,academy,Icon Control Schema,icon control schema,https://academy.bricksbuilder.io/developer/schema/controls/icon/,icon,icon,icon,developer/schema,
new:developer/schema/controls/image-gallery,academy,Image Gallery Control Schema,image gallery control schema,https://academy.bricksbuilder.io/developer/schema/controls/image-gallery/,image-gallery,image-gallery,image-gallery,developer/schema,
new:developer/schema/controls/image,academy,Image Control Schema,image control schema,https://academy.bricksbuilder.io/developer/schema/controls/image/,image,image,image,developer/schema,
new:developer/schema/controls/justify-content,academy,Justify Content Control Schema,justify content control schema,https://academy.bricksbuilder.io/developer/schema/controls/justify-content/,justify-content,justify-content,justify-content,developer/schema,
new:developer/schema/controls/link,academy,Link Control Schema,link control schema,https://academy.bricksbuilder.io/developer/schema/controls/link/,link,link,link,developer/schema,
new:developer/schema/controls/number,academy,Number Control Schema,number control schema,https://academy.bricksbuilder.io/developer/schema/controls/number/,number,number,number,developer/schema,
new:developer/schema/controls/query-list,academy,Query List Control Schema,query list control schema,https://academy.bricksbuilder.io/developer/schema/controls/query-list/,query-list,query-list,query-list,developer/schema,
new:developer/schema/controls/query,academy,Query Control Schema,query control schema,https://academy.bricksbuilder.io/developer/schema/controls/query/,query,query,query,developer/schema,
new:developer/schema/controls/radio,academy,Radio Control Schema,radio control schema,https://academy.bricksbuilder.io/developer/schema/controls/radio/,radio,radio,radio,developer/schema,
new:developer/schema/controls/repeater,academy,Repeater Control Schema,repeater control schema,https://academy.bricksbuilder.io/developer/schema/controls/repeater/,repeater,repeater,repeater,developer/schema,
new:developer/schema/controls/select,academy,Select Control Schema,select control schema,https://academy.bricksbuilder.io/developer/schema/controls/select/,select,select,select,developer/schema,
new:developer/schema/controls/spacing,academy,Spacing Control Schema,spacing control schema,https://academy.bricksbuilder.io/developer/schema/controls/spacing/,spacing,spacing,spacing,developer/schema,
new:developer/schema/controls/svg,academy,Svg Control Schema,svg control schema,https://academy.bricksbuilder.io/developer/schema/controls/svg/,svg,svg,svg,developer/schema,
new:developer/schema/controls/text-align,academy,Text Align Control Schema,text align control schema,https://academy.bricksbuilder.io/developer/schema/controls/text-align/,text-align,text-align,text-align,developer/schema,
new:developer/schema/controls/text-shadow,academy,Text Shadow Control Schema,text shadow control schema,https://academy.bricksbuilder.io/developer/schema/controls/text-shadow/,text-shadow,text-shadow,text-shadow,developer/schema,
new:developer/schema/controls/text,academy,Text Control Schema,text control schema,https://academy.bricksbuilder.io/developer/schema/controls/text/,text,text,text,developer/schema,
new:developer/schema/controls/textarea,academy,Textarea Control Schema,textarea control schema,https://academy.bricksbuilder.io/developer/schema/controls/textarea/,textarea,textarea,textarea,developer/schema,
new:developer/schema/controls/transform,academy,Transform Control Schema,transform control schema,https://academy.bricksbuilder.io/developer/schema/controls/transform/,transform,transform,transform,developer/schema,
new:developer/schema/controls/typography,academy,Typography Control Schema,typography control schema,https://academy.bricksbuilder.io/developer/schema/controls/typography/,typography,typography,typography,developer/schema,
new:developer/schema/controls/video,academy,Video Control Schema,video control schema,https://academy.bricksbuilder.io/developer/schema/controls/video/,video,video,video,developer/schema,
new:developer/schema/elements/accordion-nested,academy,Accordion (Nestable) Schema,accordion nestable schema,https://academy.bricksbuilder.io/developer/schema/elements/accordion-nested/,accordion-nested,accordion-nested,accordion-nested,developer/schema,
new:developer/schema/elements/accordion,academy,Accordion Schema,accordion schema,https://academy.bricksbuilder.io/developer/schema/elements/accordion/,accordion,accordion,accordion,developer/schema,
new:developer/schema/elements/alert,academy,Alert Schema,alert schema,https://academy.bricksbuilder.io/developer/schema/elements/alert/,alert,alert,alert,developer/schema,
new:developer/schema/elements/animated-typing,academy,Anim. Typing Schema,anim typing schema,https://academy.bricksbuilder.io/developer/schema/elements/animated-typing/,animated-typing,animated-typing,animated-typing,developer/schema,
new:developer/schema/elements/audio,academy,Audio Schema,audio schema,https://academy.bricksbuilder.io/developer/schema/elements/audio/,audio,audio,audio,developer/schema,
new:developer/schema/elements/back-to-top,academy,Back To Top Schema,back to top schema,https://academy.bricksbuilder.io/developer/schema/elements/back-to-top/,back-to-top,back-to-top,back-to-top,developer/schema,
new:developer/schema/elements/block,academy,Block Schema,block schema,https://academy.bricksbuilder.io/developer/schema/elements/block/,block,block,block,developer/schema,
new:developer/schema/elements/breadcrumbs,academy,Breadcrumbs Schema,breadcrumbs schema,https://academy.bricksbuilder.io/developer/schema/elements/breadcrumbs/,breadcrumbs,breadcrumbs,breadcrumbs,developer/schema,
new:developer/schema/elements/button,academy,Button Schema,button schema,https://academy.bricksbuilder.io/developer/schema/elements/button/,button,button,button,developer/schema,
new:developer/schema/elements/carousel,academy,Carousel Schema,carousel schema,https://academy.bricksbuilder.io/developer/schema/elements/carousel/,carousel,carousel,carousel,developer/schema,
new:developer/schema/elements/code,academy,Code Schema,code schema,https://academy.bricksbuilder.io/developer/schema/elements/code/,code,code,code,developer/schema,
new:developer/schema/elements/common/conditions,academy,Element Conditions Schema,element conditions schema,https://academy.bricksbuilder.io/developer/schema/elements/common/conditions/,conditions,conditions,conditions,developer/schema,
new:developer/schema/elements/common/element,academy,Element Schema,element schema,https://academy.bricksbuilder.io/developer/schema/elements/common/element/,element,element,element,developer/schema,
new:developer/schema/elements/common/interactions,academy,Element Interactions Schema,element interactions schema,https://academy.bricksbuilder.io/developer/schema/elements/common/interactions/,interactions,interactions,interactions,developer/schema,
new:developer/schema/elements/container,academy,Container Schema,container schema,https://academy.bricksbuilder.io/developer/schema/elements/container/,container,container,container,developer/schema,
new:developer/schema/elements/countdown,academy,Countdown Schema,countdown schema,https://academy.bricksbuilder.io/developer/schema/elements/countdown/,countdown,countdown,countdown,developer/schema,
new:developer/schema/elements/counter,academy,Counter Schema,counter schema,https://academy.bricksbuilder.io/developer/schema/elements/counter/,counter,counter,counter,developer/schema,
new:developer/schema/elements/div,academy,Div Schema,div schema,https://academy.bricksbuilder.io/developer/schema/elements/div/,div,div,div,developer/schema,
new:developer/schema/elements/divider,academy,Divider Schema,divider schema,https://academy.bricksbuilder.io/developer/schema/elements/divider/,divider,divider,divider,developer/schema,
new:developer/schema/elements/dropdown,academy,Dropdown Schema,dropdown schema,https://academy.bricksbuilder.io/developer/schema/elements/dropdown/,dropdown,dropdown,dropdown,developer/schema,
new:developer/schema/elements/facebook-page,academy,Facebook Page Schema,facebook page schema,https://academy.bricksbuilder.io/developer/schema/elements/facebook-page/,facebook-page,facebook-page,facebook-page,developer/schema,
new:developer/schema/elements/file,academy,File Schema,file schema,https://academy.bricksbuilder.io/developer/schema/elements/file/,file,file,file,developer/schema,
new:developer/schema/elements/filter-active-filters,academy,Filter - Active Filters Schema,filter active filters schema,https://academy.bricksbuilder.io/developer/schema/elements/filter-active-filters/,filter-active-filters,filter-active-filters,active-filters,developer/schema,
new:developer/schema/elements/filter-checkbox,academy,Filter - Checkbox Schema,filter checkbox schema,https://academy.bricksbuilder.io/developer/schema/elements/filter-checkbox/,filter-checkbox,filter-checkbox,checkbox,developer/schema,
new:developer/schema/elements/filter-datepicker,academy,Filter - Datepicker Schema,filter datepicker schema,https://academy.bricksbuilder.io/developer/schema/elements/filter-datepicker/,filter-datepicker,filter-datepicker,datepicker,developer/schema,
new:developer/schema/elements/filter-radio,academy,Filter - Radio Schema,filter radio schema,https://academy.bricksbuilder.io/developer/schema/elements/filter-radio/,filter-radio,filter-radio,radio,developer/schema,
new:developer/schema/elements/filter-range,academy,Filter - Range Schema,filter range schema,https://academy.bricksbuilder.io/developer/schema/elements/filter-range/,filter-range,filter-range,range,developer/schema,
new:developer/schema/elements/filter-search,academy,Filter - Search Schema,filter search schema,https://academy.bricksbuilder.io/developer/schema/elements/filter-search/,filter-search,filter-search,search,developer/schema,
new:developer/schema/elements/filter-select,academy,Filter - Select Schema,filter select schema,https://academy.bricksbuilder.io/developer/schema/elements/filter-select/,filter-select,filter-select,select,developer/schema,
new:developer/schema/elements/filter-submit,academy,Filter - Submit / Reset Schema,filter submit / reset schema,https://academy.bricksbuilder.io/developer/schema/elements/filter-submit/,filter-submit,filter-submit,submit,developer/schema,
new:developer/schema/elements/form-checkbox,academy,Form - Checkbox Schema,form checkbox schema,https://academy.bricksbuilder.io/developer/schema/elements/form-checkbox/,form-checkbox,form-checkbox,form-checkbox,developer/schema,
new:developer/schema/elements/form,academy,Form Schema,form schema,https://academy.bricksbuilder.io/developer/schema/elements/form/,form,form,form,developer/schema,
new:developer/schema/elements/heading,academy,Heading Schema,heading schema,https://academy.bricksbuilder.io/developer/schema/elements/heading/,heading,heading,heading,developer/schema,
new:developer/schema/elements/html,academy,HTML Schema,html schema,https://academy.bricksbuilder.io/developer/schema/elements/html/,html,html,html,developer/schema,
new:developer/schema/elements/icon-box,academy,Icon Box Schema,icon box schema,https://academy.bricksbuilder.io/developer/schema/elements/icon-box/,icon-box,icon-box,icon-box,developer/schema,
new:developer/schema/elements/icon,academy,Icon Schema,icon schema,https://academy.bricksbuilder.io/developer/schema/elements/icon/,icon,icon,icon,developer/schema,
new:developer/schema/elements/image-gallery,academy,Image Gallery Schema,image gallery schema,https://academy.bricksbuilder.io/developer/schema/elements/image-gallery/,image-gallery,image-gallery,image-gallery,developer/schema,
new:developer/schema/elements/image,academy,Image Schema,image schema,https://academy.bricksbuilder.io/developer/schema/elements/image/,image,image,image,developer/schema,
new:developer/schema/elements/instagram-feed,academy,Instagram Feed Schema,instagram feed schema,https://academy.bricksbuilder.io/developer/schema/elements/instagram-feed/,instagram-feed,instagram-feed,instagram-feed,developer/schema,
new:developer/schema/elements/list,academy,List Schema,list schema,https://academy.bricksbuilder.io/developer/schema/elements/list/,list,list,list,developer/schema,
new:developer/schema/elements/logo,academy,Logo Schema,logo schema,https://academy.bricksbuilder.io/developer/schema/elements/logo/,logo,logo,logo,developer/schema,
new:developer/schema/elements/map-connector,academy,Map Connector Schema,map connector schema,https://academy.bricksbuilder.io/developer/schema/elements/map-connector/,map-connector,map-connector,map-connector,developer/schema,
new:developer/schema/elements/map-leaflet,academy,Map (Leaflet) Schema,map leaflet schema,https://academy.bricksbuilder.io/developer/schema/elements/map-leaflet/,map-leaflet,map-leaflet,map-leaflet,developer/schema,
new:developer/schema/elements/map,academy,Map (Google) Schema,map google schema,https://academy.bricksbuilder.io/developer/schema/elements/map/,map,map,map,developer/schema,
new:developer/schema/elements/nav-menu,academy,Nav Menu Schema,nav menu schema,https://academy.bricksbuilder.io/developer/schema/elements/nav-menu/,nav-menu,nav-menu,nav-menu,developer/schema,
new:developer/schema/elements/nav-nested,academy,Nav (Nestable) Schema,nav nestable schema,https://academy.bricksbuilder.io/developer/schema/elements/nav-nested/,nav-nested,nav-nested,nav-nested,developer/schema,
new:developer/schema/elements/offcanvas,academy,Offcanvas Schema,offcanvas schema,https://academy.bricksbuilder.io/developer/schema/elements/offcanvas/,offcanvas,offcanvas,offcanvas,developer/schema,
new:developer/schema/elements/pagination,academy,Pagination Schema,pagination schema,https://academy.bricksbuilder.io/developer/schema/elements/pagination/,pagination,pagination,pagination,developer/schema,
new:developer/schema/elements/pie-chart,academy,Pie Chart Schema,pie chart schema,https://academy.bricksbuilder.io/developer/schema/elements/pie-chart/,pie-chart,pie-chart,pie-chart,developer/schema,
new:developer/schema/elements/post-author,academy,Author Schema,author schema,https://academy.bricksbuilder.io/developer/schema/elements/post-author/,post-author,post-author,post-author,developer/schema,
new:developer/schema/elements/post-comments,academy,Comments Schema,comments schema,https://academy.bricksbuilder.io/developer/schema/elements/post-comments/,post-comments,post-comments,post-comments,developer/schema,
new:developer/schema/elements/post-content,academy,Post Content Schema,post content schema,https://academy.bricksbuilder.io/developer/schema/elements/post-content/,post-content,post-content,post-content,developer/schema,
new:developer/schema/elements/post-excerpt,academy,Excerpt Schema,excerpt schema,https://academy.bricksbuilder.io/developer/schema/elements/post-excerpt/,post-excerpt,post-excerpt,post-excerpt,developer/schema,
new:developer/schema/elements/post-meta,academy,Meta Data Schema,meta data schema,https://academy.bricksbuilder.io/developer/schema/elements/post-meta/,post-meta,post-meta,post-meta,developer/schema,
new:developer/schema/elements/post-navigation,academy,Post Navigation Schema,post navigation schema,https://academy.bricksbuilder.io/developer/schema/elements/post-navigation/,post-navigation,post-navigation,post-navigation,developer/schema,
new:developer/schema/elements/post-reading-progress-bar,academy,Reading Progress Bar Schema,reading progress bar schema,https://academy.bricksbuilder.io/developer/schema/elements/post-reading-progress-bar/,post-reading-progress-bar,post-reading-progress-bar,post-reading-progress-bar,developer/schema,
new:developer/schema/elements/post-reading-time,academy,Reading Time Schema,reading time schema,https://academy.bricksbuilder.io/developer/schema/elements/post-reading-time/,post-reading-time,post-reading-time,post-reading-time,developer/schema,
new:developer/schema/elements/post-sharing,academy,Social Sharing Schema,social sharing schema,https://academy.bricksbuilder.io/developer/schema/elements/post-sharing/,post-sharing,post-sharing,post-sharing,developer/schema,
new:developer/schema/elements/post-taxonomy,academy,Taxonomy Schema,taxonomy schema,https://academy.bricksbuilder.io/developer/schema/elements/post-taxonomy/,post-taxonomy,post-taxonomy,post-taxonomy,developer/schema,
new:developer/schema/elements/post-title,academy,Post Title Schema,post title schema,https://academy.bricksbuilder.io/developer/schema/elements/post-title/,post-title,post-title,post-title,developer/schema,
new:developer/schema/elements/post-toc,academy,Table Of Contents Schema,table of contents schema,https://academy.bricksbuilder.io/developer/schema/elements/post-toc/,post-toc,post-toc,post-toc,developer/schema,
new:developer/schema/elements/posts,academy,Posts Schema,posts schema,https://academy.bricksbuilder.io/developer/schema/elements/posts/,posts,posts,posts,developer/schema,
new:developer/schema/elements/pricing-tables,academy,Pricing Tables Schema,pricing tables schema,https://academy.bricksbuilder.io/developer/schema/elements/pricing-tables/,pricing-tables,pricing-tables,pricing-tables,developer/schema,
new:developer/schema/elements/product-add-to-cart,academy,Add To Cart Schema,add to cart schema,https://academy.bricksbuilder.io/developer/schema/elements/product-add-to-cart/,product-add-to-cart,product-add-to-cart,product-add-to-cart,developer/schema,
new:developer/schema/elements/product-additional-information,academy,Product Additional Information Schema,product additional information schema,https://academy.bricksbuilder.io/developer/schema/elements/product-additional-information/,product-additional-information,product-additional-information,product-additional-information,developer/schema,
new:developer/schema/elements/product-content,academy,Product Content Schema,product content schema,https://academy.bricksbuilder.io/developer/schema/elements/product-content/,product-content,product-content,product-content,developer/schema,
new:developer/schema/elements/product-gallery,academy,Product Gallery Schema,product gallery schema,https://academy.bricksbuilder.io/developer/schema/elements/product-gallery/,product-gallery,product-gallery,product-gallery,developer/schema,
new:developer/schema/elements/product-meta,academy,Product Meta Schema,product meta schema,https://academy.bricksbuilder.io/developer/schema/elements/product-meta/,product-meta,product-meta,product-meta,developer/schema,
new:developer/schema/elements/product-price,academy,Product Price Schema,product price schema,https://academy.bricksbuilder.io/developer/schema/elements/product-price/,product-price,product-price,product-price,developer/schema,
new:developer/schema/elements/product-rating,academy,Product Rating Schema,product rating schema,https://academy.bricksbuilder.io/developer/schema/elements/product-rating/,product-rating,product-rating,product-rating,developer/schema,
new:developer/schema/elements/product-related,academy,Related Products Schema,related products schema,https://academy.bricksbuilder.io/developer/schema/elements/product-related/,product-related,product-related,product-related,developer/schema,
new:developer/schema/elements/product-reviews,academy,Product Reviews Schema,product reviews schema,https://academy.bricksbuilder.io/developer/schema/elements/product-reviews/,product-reviews,product-reviews,product-reviews,developer/schema,
new:developer/schema/elements/product-short-description,academy,Product Short Description Schema,product short description schema,https://academy.bricksbuilder.io/developer/schema/elements/product-short-description/,product-short-description,product-short-description,product-short-description,developer/schema,
new:developer/schema/elements/product-stock,academy,Product Stock Schema,product stock schema,https://academy.bricksbuilder.io/developer/schema/elements/product-stock/,product-stock,product-stock,product-stock,developer/schema,
new:developer/schema/elements/product-tabs,academy,Product Tabs Schema,product tabs schema,https://academy.bricksbuilder.io/developer/schema/elements/product-tabs/,product-tabs,product-tabs,product-tabs,developer/schema,
new:developer/schema/elements/product-title,academy,Product Title Schema,product title schema,https://academy.bricksbuilder.io/developer/schema/elements/product-title/,product-title,product-title,product-title,developer/schema,
new:developer/schema/elements/product-upsells,academy,Product Up/Cross-Sells Schema,product up/cross sells schema,https://academy.bricksbuilder.io/developer/schema/elements/product-upsells/,product-upsells,product-upsells,product-upsells,developer/schema,
new:developer/schema/elements/progress-bar,academy,Progress Bar Schema,progress bar schema,https://academy.bricksbuilder.io/developer/schema/elements/progress-bar/,progress-bar,progress-bar,progress-bar,developer/schema,
new:developer/schema/elements/query-results-summary,academy,Query Results Summary Schema,query results summary schema,https://academy.bricksbuilder.io/developer/schema/elements/query-results-summary/,query-results-summary,query-results-summary,query-results-summary,developer/schema,
new:developer/schema/elements/rating,academy,Rating Schema,rating schema,https://academy.bricksbuilder.io/developer/schema/elements/rating/,rating,rating,rating,developer/schema,
new:developer/schema/elements/related-posts,academy,Related Posts Schema,related posts schema,https://academy.bricksbuilder.io/developer/schema/elements/related-posts/,related-posts,related-posts,related-posts,developer/schema,
new:developer/schema/elements/search,academy,Search Schema,search schema,https://academy.bricksbuilder.io/developer/schema/elements/search/,search,search,search,developer/schema,
new:developer/schema/elements/section,academy,Section Schema,section schema,https://academy.bricksbuilder.io/developer/schema/elements/section/,section,section,section,developer/schema,
new:developer/schema/elements/shortcode,academy,Shortcode Schema,shortcode schema,https://academy.bricksbuilder.io/developer/schema/elements/shortcode/,shortcode,shortcode,shortcode,developer/schema,
new:developer/schema/elements/sidebar,academy,Sidebar Schema,sidebar schema,https://academy.bricksbuilder.io/developer/schema/elements/sidebar/,sidebar,sidebar,sidebar,developer/schema,
new:developer/schema/elements/slider-nested,academy,Slidercarousel Elementbricks (Nestable) Schema,slidercarousel elementbricks nestable schema,https://academy.bricksbuilder.io/developer/schema/elements/slider-nested/,slider-nested,slider-nested,slider-nested,developer/schema,
new:developer/schema/elements/slider,academy,Slidercarousel Elementbricks Schema,slidercarousel elementbricks schema,https://academy.bricksbuilder.io/developer/schema/elements/slider/,slider,slider,slider,developer/schema,
new:developer/schema/elements/slot,academy,Slot Schema,slot schema,https://academy.bricksbuilder.io/developer/schema/elements/slot/,slot,slot,slot,developer/schema,
new:developer/schema/elements/social-icons,academy,Icon List Schema,icon list schema,https://academy.bricksbuilder.io/developer/schema/elements/social-icons/,social-icons,social-icons,social-icons,developer/schema,
new:developer/schema/elements/svg,academy,SVG Schema,svg schema,https://academy.bricksbuilder.io/developer/schema/elements/svg/,svg,svg,svg,developer/schema,
new:developer/schema/elements/tabs-nested,academy,Tabs (Nestable) Schema,tabs nestable schema,https://academy.bricksbuilder.io/developer/schema/elements/tabs-nested/,tabs-nested,tabs-nested,tabs-nested,developer/schema,
new:developer/schema/elements/tabs,academy,Tabs Schema,tabs schema,https://academy.bricksbuilder.io/developer/schema/elements/tabs/,tabs,tabs,tabs,developer/schema,
new:developer/schema/elements/team-members,academy,Team Members Schema,team members schema,https://academy.bricksbuilder.io/developer/schema/elements/team-members/,team-members,team-members,team-members,developer/schema,
new:developer/schema/elements/template,academy,Template Schema,template schema,https://academy.bricksbuilder.io/developer/schema/elements/template/,template,template,template,developer/schema,
new:developer/schema/elements/testimonials,academy,Testimonials Schema,testimonials schema,https://academy.bricksbuilder.io/developer/schema/elements/testimonials/,testimonials,testimonials,testimonials,developer/schema,
new:developer/schema/elements/text-basic,academy,Basic Text Schema,basic text schema,https://academy.bricksbuilder.io/developer/schema/elements/text-basic/,text-basic,text-basic,text-basic,developer/schema,
new:developer/schema/elements/text-link,academy,Text Link Schema,text link schema,https://academy.bricksbuilder.io/developer/schema/elements/text-link/,text-link,text-link,text-link,developer/schema,
new:developer/schema/elements/text,academy,Rich Text Schema,rich text schema,https://academy.bricksbuilder.io/developer/schema/elements/text/,text,text,text,developer/schema,
new:developer/schema/elements/toggle-mode,academy,Toggle - Mode Schema,toggle mode schema,https://academy.bricksbuilder.io/developer/schema/elements/toggle-mode/,toggle-mode,toggle-mode,toggle-mode,developer/schema,
new:developer/schema/elements/toggle,academy,Toggle Schema,toggle schema,https://academy.bricksbuilder.io/developer/schema/elements/toggle/,toggle,toggle,toggle,developer/schema,
new:developer/schema/elements/video,academy,Video Schema,video schema,https://academy.bricksbuilder.io/developer/schema/elements/video/,video,video,video,developer/schema,
new:developer/schema/elements/woocommerce-account-add-payment-method,academy,Account - Add Payment Method Schema,account add payment method schema,https://academy.bricksbuilder.io/developer/schema/elements/woocommerce-account-add-payment-method/,woocommerce-account-add-payment-method,woocommerce-account-add-payment-method,woocommerce-account-add-payment-method,developer/schema,
new:developer/schema/elements/woocommerce-account-addresses,academy,Account - Addresses Schema,account addresses schema,https://academy.bricksbuilder.io/developer/schema/elements/woocommerce-account-addresses/,woocommerce-account-addresses,woocommerce-account-addresses,woocommerce-account-addresses,developer/schema,
new:developer/schema/elements/woocommerce-account-downloads,academy,Account - Downloads Schema,account downloads schema,https://academy.bricksbuilder.io/developer/schema/elements/woocommerce-account-downloads/,woocommerce-account-downloads,woocommerce-account-downloads,woocommerce-account-downloads,developer/schema,
new:developer/schema/elements/woocommerce-account-edit-account-form,academy,Account Edit Account Form Schema,account edit account form schema,https://academy.bricksbuilder.io/developer/schema/elements/woocommerce-account-edit-account-form/,woocommerce-account-edit-account-form,woocommerce-account-edit-account-form,woocommerce-account-edit-account-form,developer/schema,
new:developer/schema/elements/woocommerce-account-edit-address-form,academy,Account Edit Address Form Schema,account edit address form schema,https://academy.bricksbuilder.io/developer/schema/elements/woocommerce-account-edit-address-form/,woocommerce-account-edit-address-form,woocommerce-account-edit-address-form,woocommerce-account-edit-address-form,developer/schema,
new:developer/schema/elements/woocommerce-account-form-edit-account,academy,Account - Edit Account Schema,account edit account schema,https://academy.bricksbuilder.io/developer/schema/elements/woocommerce-account-form-edit-account/,woocommerce-account-form-edit-account,woocommerce-account-form-edit-account,woocommerce-account-form-edit-account,developer/schema,
new:developer/schema/elements/woocommerce-account-form-edit-address,academy,Account - Edit Address Schema,account edit address schema,https://academy.bricksbuilder.io/developer/schema/elements/woocommerce-account-form-edit-address/,woocommerce-account-form-edit-address,woocommerce-account-form-edit-address,woocommerce-account-form-edit-address,developer/schema,
new:developer/schema/elements/woocommerce-account-form-login,academy,Account - Login Form Schema,account login form schema,https://academy.bricksbuilder.io/developer/schema/elements/woocommerce-account-form-login/,woocommerce-account-form-login,woocommerce-account-form-login,woocommerce-account-form-login,developer/schema,
new:developer/schema/elements/woocommerce-account-form-lost-password,academy,Account - Lost Password Schema,account lost password schema,https://academy.bricksbuilder.io/developer/schema/elements/woocommerce-account-form-lost-password/,woocommerce-account-form-lost-password,woocommerce-account-form-lost-password,woocommerce-account-form-lost-password,developer/schema,
new:developer/schema/elements/woocommerce-account-form-register,academy,Account - Register Form Schema,account register form schema,https://academy.bricksbuilder.io/developer/schema/elements/woocommerce-account-form-register/,woocommerce-account-form-register,woocommerce-account-form-register,woocommerce-account-form-register,developer/schema,
new:developer/schema/elements/woocommerce-account-form-reset-password,academy,Account - Reset Password Schema,account reset password schema,https://academy.bricksbuilder.io/developer/schema/elements/woocommerce-account-form-reset-password/,woocommerce-account-form-reset-password,woocommerce-account-form-reset-password,woocommerce-account-form-reset-password,developer/schema,
new:developer/schema/elements/woocommerce-account-login-form,academy,WooCommerce Login Form Schema,woocommerce login form schema,https://academy.bricksbuilder.io/developer/schema/elements/woocommerce-account-login-form/,woocommerce-account-login-form,woocommerce-account-login-form,woocommerce-account-login-form,developer/schema,
new:developer/schema/elements/woocommerce-account-lost-password-form,academy,Account Lost Password Form Schema,account lost password form schema,https://academy.bricksbuilder.io/developer/schema/elements/woocommerce-account-lost-password-form/,woocommerce-account-lost-password-form,woocommerce-account-lost-password-form,woocommerce-account-lost-password-form,developer/schema,
new:developer/schema/elements/woocommerce-account-order-withdrawal-form,academy,Account Order Withdrawal Form Schema,account order withdrawal form schema,https://academy.bricksbuilder.io/developer/schema/elements/woocommerce-account-order-withdrawal-form/,woocommerce-account-order-withdrawal-form,woocommerce-account-order-withdrawal-form,woocommerce-account-order-withdrawal-form,developer/schema,
new:developer/schema/elements/woocommerce-account-orders-pagination,academy,Account - Orders Pagination Schema,account orders pagination schema,https://academy.bricksbuilder.io/developer/schema/elements/woocommerce-account-orders-pagination/,woocommerce-account-orders-pagination,woocommerce-account-orders-pagination,woocommerce-account-orders-pagination,developer/schema,
new:developer/schema/elements/woocommerce-account-orders,academy,Account - Orders Schema,account orders schema,https://academy.bricksbuilder.io/developer/schema/elements/woocommerce-account-orders/,woocommerce-account-orders,woocommerce-account-orders,woocommerce-account-orders,developer/schema,
new:developer/schema/elements/woocommerce-account-page-v2,academy,Account - Page V2 Schema,account page v2 schema,https://academy.bricksbuilder.io/developer/schema/elements/woocommerce-account-page-v2/,woocommerce-account-page-v2,woocommerce-account-page-v2,woocommerce-account-page-v2,developer/schema,
new:developer/schema/elements/woocommerce-account-page,academy,Account - Page Schema,account page schema,https://academy.bricksbuilder.io/developer/schema/elements/woocommerce-account-page/,woocommerce-account-page,woocommerce-account-page,woocommerce-account-page,developer/schema,
new:developer/schema/elements/woocommerce-account-payment-methods,academy,Account - Payment Methods Schema,account payment methods schema,https://academy.bricksbuilder.io/developer/schema/elements/woocommerce-account-payment-methods/,woocommerce-account-payment-methods,woocommerce-account-payment-methods,woocommerce-account-payment-methods,developer/schema,
new:developer/schema/elements/woocommerce-account-register-form,academy,Account Register Form Schema,account register form schema,https://academy.bricksbuilder.io/developer/schema/elements/woocommerce-account-register-form/,woocommerce-account-register-form,woocommerce-account-register-form,woocommerce-account-register-form,developer/schema,
new:developer/schema/elements/woocommerce-account-reset-password-form,academy,Account Reset Password Form Schema,account reset password form schema,https://academy.bricksbuilder.io/developer/schema/elements/woocommerce-account-reset-password-form/,woocommerce-account-reset-password-form,woocommerce-account-reset-password-form,woocommerce-account-reset-password-form,developer/schema,
new:developer/schema/elements/woocommerce-account-v2-state-add-payment-method,academy,Add Payment Method (StateWooCommerce Template Statebricks) Schema,add payment method statewoocommerce template statebricks schema,https://academy.bricksbuilder.io/developer/schema/elements/woocommerce-account-v2-state-add-payment-method/,woocommerce-account-v2-state-add-payment-method,woocommerce-account-v2-state-add-payment-method,woocommerce-account-v2-state-add-payment-method,developer/schema,
new:developer/schema/elements/woocommerce-account-v2-state-addresses,academy,Addresses (StateWooCommerce Template Statebricks) Schema,addresses statewoocommerce template statebricks schema,https://academy.bricksbuilder.io/developer/schema/elements/woocommerce-account-v2-state-addresses/,woocommerce-account-v2-state-addresses,woocommerce-account-v2-state-addresses,woocommerce-account-v2-state-addresses,developer/schema,
new:developer/schema/elements/woocommerce-account-v2-state-dashboard,academy,Dashboard (StateWooCommerce Template Statebricks) Schema,dashboard statewoocommerce template statebricks schema,https://academy.bricksbuilder.io/developer/schema/elements/woocommerce-account-v2-state-dashboard/,woocommerce-account-v2-state-dashboard,woocommerce-account-v2-state-dashboard,woocommerce-account-v2-state-dashboard,developer/schema,
new:developer/schema/elements/woocommerce-account-v2-state-downloads,academy,Downloads (StateWooCommerce Template Statebricks) Schema,downloads statewoocommerce template statebricks schema,https://academy.bricksbuilder.io/developer/schema/elements/woocommerce-account-v2-state-downloads/,woocommerce-account-v2-state-downloads,woocommerce-account-v2-state-downloads,woocommerce-account-v2-state-downloads,developer/schema,
new:developer/schema/elements/woocommerce-account-v2-state-edit-account,academy,Edit Account (StateWooCommerce Template Statebricks) Schema,edit account statewoocommerce template statebricks schema,https://academy.bricksbuilder.io/developer/schema/elements/woocommerce-account-v2-state-edit-account/,woocommerce-account-v2-state-edit-account,woocommerce-account-v2-state-edit-account,woocommerce-account-v2-state-edit-account,developer/schema,
new:developer/schema/elements/woocommerce-account-v2-state-edit-address,academy,Edit Address (StateWooCommerce Template Statebricks) Schema,edit address statewoocommerce template statebricks schema,https://academy.bricksbuilder.io/developer/schema/elements/woocommerce-account-v2-state-edit-address/,woocommerce-account-v2-state-edit-address,woocommerce-account-v2-state-edit-address,woocommerce-account-v2-state-edit-address,developer/schema,
new:developer/schema/elements/woocommerce-account-v2-state-login,academy,Login (StateWooCommerce Template Statebricks) Schema,login statewoocommerce template statebricks schema,https://academy.bricksbuilder.io/developer/schema/elements/woocommerce-account-v2-state-login/,woocommerce-account-v2-state-login,woocommerce-account-v2-state-login,woocommerce-account-v2-state-login,developer/schema,
new:developer/schema/elements/woocommerce-account-v2-state-lost-password-confirmation,academy,Lost Password Confirmation (StateWooCommerce Template Statebricks) Schema,lost password confirmation statewoocommerce template statebricks schema,https://academy.bricksbuilder.io/developer/schema/elements/woocommerce-account-v2-state-lost-password-confirmation/,woocommerce-account-v2-state-lost-password-confirmation,woocommerce-account-v2-state-lost-password-confirmation,woocommerce-account-v2-state-lost-password-confirmation,developer/schema,
new:developer/schema/elements/woocommerce-account-v2-state-lost-password,academy,Lost Password (StateWooCommerce Template Statebricks) Schema,lost password statewoocommerce template statebricks schema,https://academy.bricksbuilder.io/developer/schema/elements/woocommerce-account-v2-state-lost-password/,woocommerce-account-v2-state-lost-password,woocommerce-account-v2-state-lost-password,woocommerce-account-v2-state-lost-password,developer/schema,
new:developer/schema/elements/woocommerce-account-v2-state-order-withdrawal,academy,Order Withdrawal (StateWooCommerce Template Statebricks) Schema,order withdrawal statewoocommerce template statebricks schema,https://academy.bricksbuilder.io/developer/schema/elements/woocommerce-account-v2-state-order-withdrawal/,woocommerce-account-v2-state-order-withdrawal,woocommerce-account-v2-state-order-withdrawal,woocommerce-account-v2-state-order-withdrawal,developer/schema,
new:developer/schema/elements/woocommerce-account-v2-state-orders,academy,Orders (StateWooCommerce Template Statebricks) Schema,orders statewoocommerce template statebricks schema,https://academy.bricksbuilder.io/developer/schema/elements/woocommerce-account-v2-state-orders/,woocommerce-account-v2-state-orders,woocommerce-account-v2-state-orders,woocommerce-account-v2-state-orders,developer/schema,
new:developer/schema/elements/woocommerce-account-v2-state-payment-methods,academy,Payment Methods (StateWooCommerce Template Statebricks) Schema,payment methods statewoocommerce template statebricks schema,https://academy.bricksbuilder.io/developer/schema/elements/woocommerce-account-v2-state-payment-methods/,woocommerce-account-v2-state-payment-methods,woocommerce-account-v2-state-payment-methods,woocommerce-account-v2-state-payment-methods,developer/schema,
new:developer/schema/elements/woocommerce-account-v2-state-reset-password,academy,Reset Password (StateWooCommerce Template Statebricks) Schema,reset password statewoocommerce template statebricks schema,https://academy.bricksbuilder.io/developer/schema/elements/woocommerce-account-v2-state-reset-password/,woocommerce-account-v2-state-reset-password,woocommerce-account-v2-state-reset-password,woocommerce-account-v2-state-reset-password,developer/schema,
new:developer/schema/elements/woocommerce-account-v2-state-view-order,academy,View Order (StateWooCommerce Template Statebricks) Schema,view order statewoocommerce template statebricks schema,https://academy.bricksbuilder.io/developer/schema/elements/woocommerce-account-v2-state-view-order/,woocommerce-account-v2-state-view-order,woocommerce-account-v2-state-view-order,woocommerce-account-v2-state-view-order,developer/schema,
new:developer/schema/elements/woocommerce-account-view-order,academy,Account - View Order Schema,account view order schema,https://academy.bricksbuilder.io/developer/schema/elements/woocommerce-account-view-order/,woocommerce-account-view-order,woocommerce-account-view-order,woocommerce-account-view-order,developer/schema,
new:developer/schema/elements/woocommerce-breadcrumbs,academy,Breadcrumbs (WooCommerce) Schema,breadcrumbs woocommerce schema,https://academy.bricksbuilder.io/developer/schema/elements/woocommerce-breadcrumbs/,woocommerce-breadcrumbs,woocommerce-breadcrumbs,woocommerce-breadcrumbs,developer/schema,
new:developer/schema/elements/woocommerce-cart-collaterals,academy,Cart Totals Schema,cart totals schema,https://academy.bricksbuilder.io/developer/schema/elements/woocommerce-cart-collaterals/,woocommerce-cart-collaterals,woocommerce-cart-collaterals,woocommerce-cart-collaterals,developer/schema,
new:developer/schema/elements/woocommerce-cart-coupon,academy,Cart Coupon Schema,cart coupon schema,https://academy.bricksbuilder.io/developer/schema/elements/woocommerce-cart-coupon/,woocommerce-cart-coupon,woocommerce-cart-coupon,woocommerce-cart-coupon,developer/schema,
new:developer/schema/elements/woocommerce-cart-form,academy,Cart Form Schema,cart form schema,https://academy.bricksbuilder.io/developer/schema/elements/woocommerce-cart-form/,woocommerce-cart-form,woocommerce-cart-form,woocommerce-cart-form,developer/schema,
new:developer/schema/elements/woocommerce-cart-item-data,academy,Cart Item Data Schema,cart item data schema,https://academy.bricksbuilder.io/developer/schema/elements/woocommerce-cart-item-data/,woocommerce-cart-item-data,woocommerce-cart-item-data,woocommerce-cart-item-data,developer/schema,
new:developer/schema/elements/woocommerce-cart-items,academy,Cart Items Schema,cart items schema,https://academy.bricksbuilder.io/developer/schema/elements/woocommerce-cart-items/,woocommerce-cart-items,woocommerce-cart-items,woocommerce-cart-items,developer/schema,
new:developer/schema/elements/woocommerce-cart-quantity,academy,Cart Quantity Schema,cart quantity schema,https://academy.bricksbuilder.io/developer/schema/elements/woocommerce-cart-quantity/,woocommerce-cart-quantity,woocommerce-cart-quantity,woocommerce-cart-quantity,developer/schema,
new:developer/schema/elements/woocommerce-cart-v2-state-cart,academy,Filled Cart (StateWooCommerce Template Statebricks) Schema,filled cart statewoocommerce template statebricks schema,https://academy.bricksbuilder.io/developer/schema/elements/woocommerce-cart-v2-state-cart/,woocommerce-cart-v2-state-cart,woocommerce-cart-v2-state-cart,woocommerce-cart-v2-state-cart,developer/schema,
new:developer/schema/elements/woocommerce-cart-v2-state-empty,academy,Empty Cart (StateWooCommerce Template Statebricks) Schema,empty cart statewoocommerce template statebricks schema,https://academy.bricksbuilder.io/developer/schema/elements/woocommerce-cart-v2-state-empty/,woocommerce-cart-v2-state-empty,woocommerce-cart-v2-state-empty,woocommerce-cart-v2-state-empty,developer/schema,
new:developer/schema/elements/woocommerce-cart-v2,academy,Cart (V2) Schema,cart v2 schema,https://academy.bricksbuilder.io/developer/schema/elements/woocommerce-cart-v2/,woocommerce-cart-v2,woocommerce-cart-v2,woocommerce-cart-v2,developer/schema,
new:developer/schema/elements/woocommerce-checkout-account-fields,academy,Checkout Account Fields Schema,checkout account fields schema,https://academy.bricksbuilder.io/developer/schema/elements/woocommerce-checkout-account-fields/,woocommerce-checkout-account-fields,woocommerce-checkout-account-fields,woocommerce-checkout-account-fields,developer/schema,
new:developer/schema/elements/woocommerce-checkout-billing-address,academy,Checkout Billing Address Schema,checkout billing address schema,https://academy.bricksbuilder.io/developer/schema/elements/woocommerce-checkout-billing-address/,woocommerce-checkout-billing-address,woocommerce-checkout-billing-address,woocommerce-checkout-billing-address,developer/schema,
new:developer/schema/elements/woocommerce-checkout-coupon,academy,Checkout Coupon Schema,checkout coupon schema,https://academy.bricksbuilder.io/developer/schema/elements/woocommerce-checkout-coupon/,woocommerce-checkout-coupon,woocommerce-checkout-coupon,woocommerce-checkout-coupon,developer/schema,
new:developer/schema/elements/woocommerce-checkout-customer-details,academy,Checkout Customer Details Schema,checkout customer details schema,https://academy.bricksbuilder.io/developer/schema/elements/woocommerce-checkout-customer-details/,woocommerce-checkout-customer-details,woocommerce-checkout-customer-details,woocommerce-checkout-customer-details,developer/schema,
new:developer/schema/elements/woocommerce-checkout-login,academy,Checkout Login Schema,checkout login schema,https://academy.bricksbuilder.io/developer/schema/elements/woocommerce-checkout-login/,woocommerce-checkout-login,woocommerce-checkout-login,woocommerce-checkout-login,developer/schema,
new:developer/schema/elements/woocommerce-checkout-order-payment,academy,Checkout Order Payment Schema,checkout order payment schema,https://academy.bricksbuilder.io/developer/schema/elements/woocommerce-checkout-order-payment/,woocommerce-checkout-order-payment,woocommerce-checkout-order-payment,woocommerce-checkout-order-payment,developer/schema,
new:developer/schema/elements/woocommerce-checkout-order-review,academy,Checkout Order Review Schema,checkout order review schema,https://academy.bricksbuilder.io/developer/schema/elements/woocommerce-checkout-order-review/,woocommerce-checkout-order-review,woocommerce-checkout-order-review,woocommerce-checkout-order-review,developer/schema,
new:developer/schema/elements/woocommerce-checkout-order-summary,academy,Checkout Order Summary Schema,checkout order summary schema,https://academy.bricksbuilder.io/developer/schema/elements/woocommerce-checkout-order-summary/,woocommerce-checkout-order-summary,woocommerce-checkout-order-summary,woocommerce-checkout-order-summary,developer/schema,
new:developer/schema/elements/woocommerce-checkout-order-table,academy,Checkout Order Table Schema,checkout order table schema,https://academy.bricksbuilder.io/developer/schema/elements/woocommerce-checkout-order-table/,woocommerce-checkout-order-table,woocommerce-checkout-order-table,woocommerce-checkout-order-table,developer/schema,
new:developer/schema/elements/woocommerce-checkout-place-order,academy,Checkout Place Order Schema,checkout place order schema,https://academy.bricksbuilder.io/developer/schema/elements/woocommerce-checkout-place-order/,woocommerce-checkout-place-order,woocommerce-checkout-place-order,woocommerce-checkout-place-order,developer/schema,
new:developer/schema/elements/woocommerce-checkout-shipping-address,academy,Checkout Shipping Address Schema,checkout shipping address schema,https://academy.bricksbuilder.io/developer/schema/elements/woocommerce-checkout-shipping-address/,woocommerce-checkout-shipping-address,woocommerce-checkout-shipping-address,woocommerce-checkout-shipping-address,developer/schema,
new:developer/schema/elements/woocommerce-checkout-step-nav-item,academy,Checkout Step Nav Item Schema,checkout step nav item schema,https://academy.bricksbuilder.io/developer/schema/elements/woocommerce-checkout-step-nav-item/,woocommerce-checkout-step-nav-item,woocommerce-checkout-step-nav-item,woocommerce-checkout-step-nav-item,developer/schema,
new:developer/schema/elements/woocommerce-checkout-step,academy,Checkout Step Schema,checkout step schema,https://academy.bricksbuilder.io/developer/schema/elements/woocommerce-checkout-step/,woocommerce-checkout-step,woocommerce-checkout-step,woocommerce-checkout-step,developer/schema,
new:developer/schema/elements/woocommerce-checkout-steps-nav,academy,Checkout Steps Navigation Schema,checkout steps navigation schema,https://academy.bricksbuilder.io/developer/schema/elements/woocommerce-checkout-steps-nav/,woocommerce-checkout-steps-nav,woocommerce-checkout-steps-nav,woocommerce-checkout-steps-nav,developer/schema,
new:developer/schema/elements/woocommerce-checkout-thankyou,academy,Checkout Thank You Schema,checkout thank you schema,https://academy.bricksbuilder.io/developer/schema/elements/woocommerce-checkout-thankyou/,woocommerce-checkout-thankyou,woocommerce-checkout-thankyou,woocommerce-checkout-thankyou,developer/schema,
new:developer/schema/elements/woocommerce-checkout-v2-state-checkout,academy,Checkout (StateWooCommerce Template Statebricks) Schema,checkout statewoocommerce template statebricks schema,https://academy.bricksbuilder.io/developer/schema/elements/woocommerce-checkout-v2-state-checkout/,woocommerce-checkout-v2-state-checkout,woocommerce-checkout-v2-state-checkout,woocommerce-checkout-v2-state-checkout,developer/schema,
new:developer/schema/elements/woocommerce-checkout-v2-state-login,academy,Login Required (StateWooCommerce Template Statebricks) Schema,login required statewoocommerce template statebricks schema,https://academy.bricksbuilder.io/developer/schema/elements/woocommerce-checkout-v2-state-login/,woocommerce-checkout-v2-state-login,woocommerce-checkout-v2-state-login,woocommerce-checkout-v2-state-login,developer/schema,
new:developer/schema/elements/woocommerce-checkout-v2-state-pay,academy,Pay (StateWooCommerce Template Statebricks) Schema,pay statewoocommerce template statebricks schema,https://academy.bricksbuilder.io/developer/schema/elements/woocommerce-checkout-v2-state-pay/,woocommerce-checkout-v2-state-pay,woocommerce-checkout-v2-state-pay,woocommerce-checkout-v2-state-pay,developer/schema,
new:developer/schema/elements/woocommerce-checkout-v2-state-receipt,academy,Order Receipt (StateWooCommerce Template Statebricks) Schema,order receipt statewoocommerce template statebricks schema,https://academy.bricksbuilder.io/developer/schema/elements/woocommerce-checkout-v2-state-receipt/,woocommerce-checkout-v2-state-receipt,woocommerce-checkout-v2-state-receipt,woocommerce-checkout-v2-state-receipt,developer/schema,
new:developer/schema/elements/woocommerce-checkout-v2-state-thankyou,academy,Thank You (StateWooCommerce Template Statebricks) Schema,thank you statewoocommerce template statebricks schema,https://academy.bricksbuilder.io/developer/schema/elements/woocommerce-checkout-v2-state-thankyou/,woocommerce-checkout-v2-state-thankyou,woocommerce-checkout-v2-state-thankyou,woocommerce-checkout-v2-state-thankyou,developer/schema,
new:developer/schema/elements/woocommerce-checkout-v2,academy,Checkout (V2) Schema,checkout v2 schema,https://academy.bricksbuilder.io/developer/schema/elements/woocommerce-checkout-v2/,woocommerce-checkout-v2,woocommerce-checkout-v2,woocommerce-checkout-v2,developer/schema,
new:developer/schema/elements/woocommerce-dynamic-fragment,academy,Dynamic Fragment Schema,dynamic fragment schema,https://academy.bricksbuilder.io/developer/schema/elements/woocommerce-dynamic-fragment/,woocommerce-dynamic-fragment,woocommerce-dynamic-fragment,woocommerce-dynamic-fragment,developer/schema,
new:developer/schema/elements/woocommerce-form-field,academy,WooCommerce Form Field Schema,woocommerce form field schema,https://academy.bricksbuilder.io/developer/schema/elements/woocommerce-form-field/,woocommerce-form-field,woocommerce-form-field,woocommerce-form-field,developer/schema,
new:developer/schema/elements/woocommerce-form-submit,academy,WooCommerce Form Submit Schema,woocommerce form submit schema,https://academy.bricksbuilder.io/developer/schema/elements/woocommerce-form-submit/,woocommerce-form-submit,woocommerce-form-submit,woocommerce-form-submit,developer/schema,
new:developer/schema/elements/woocommerce-item-data,academy,Woocommerce Item Data Schema,woocommerce item data schema,https://academy.bricksbuilder.io/developer/schema/elements/woocommerce-item-data/,woocommerce-item-data,woocommerce-item-data,woocommerce-item-data,developer/schema,
new:developer/schema/elements/woocommerce-mini-cart,academy,Mini Cart Schema,mini cart schema,https://academy.bricksbuilder.io/developer/schema/elements/woocommerce-mini-cart/,woocommerce-mini-cart,woocommerce-mini-cart,woocommerce-mini-cart,developer/schema,
new:developer/schema/elements/woocommerce-notice,academy,Notice Schema,notice schema,https://academy.bricksbuilder.io/developer/schema/elements/woocommerce-notice/,woocommerce-notice,woocommerce-notice,woocommerce-notice,developer/schema,
new:developer/schema/elements/woocommerce-order-item-data,academy,Order Item Data Schema,order item data schema,https://academy.bricksbuilder.io/developer/schema/elements/woocommerce-order-item-data/,woocommerce-order-item-data,woocommerce-order-item-data,woocommerce-order-item-data,developer/schema,
new:developer/schema/elements/woocommerce-payment-options,academy,Payment Options Schema,payment options schema,https://academy.bricksbuilder.io/developer/schema/elements/woocommerce-payment-options/,woocommerce-payment-options,woocommerce-payment-options,woocommerce-payment-options,developer/schema,
new:developer/schema/elements/woocommerce-products-archive-description,academy,Products Archive Description Schema,products archive description schema,https://academy.bricksbuilder.io/developer/schema/elements/woocommerce-products-archive-description/,woocommerce-products-archive-description,woocommerce-products-archive-description,woocommerce-products-archive-description,developer/schema,
new:developer/schema/elements/woocommerce-products-filter,academy,Products Filter Schema,products filter schema,https://academy.bricksbuilder.io/developer/schema/elements/woocommerce-products-filter/,woocommerce-products-filter,woocommerce-products-filter,woocommerce-products-filter,developer/schema,
new:developer/schema/elements/woocommerce-products-orderby,academy,Products Orderby Schema,products orderby schema,https://academy.bricksbuilder.io/developer/schema/elements/woocommerce-products-orderby/,woocommerce-products-orderby,woocommerce-products-orderby,woocommerce-products-orderby,developer/schema,
new:developer/schema/elements/woocommerce-products-pagination,academy,Products Pagination Schema,products pagination schema,https://academy.bricksbuilder.io/developer/schema/elements/woocommerce-products-pagination/,woocommerce-products-pagination,woocommerce-products-pagination,woocommerce-products-pagination,developer/schema,
new:developer/schema/elements/woocommerce-products-total-results,academy,Products Total Results Schema,products total results schema,https://academy.bricksbuilder.io/developer/schema/elements/woocommerce-products-total-results/,woocommerce-products-total-results,woocommerce-products-total-results,woocommerce-products-total-results,developer/schema,
new:developer/schema/elements/woocommerce-products,academy,Products Schema,products schema,https://academy.bricksbuilder.io/developer/schema/elements/woocommerce-products/,woocommerce-products,woocommerce-products,woocommerce-products,developer/schema,
new:developer/schema/elements/woocommerce-shipping-options,academy,Shipping Options Schema,shipping options schema,https://academy.bricksbuilder.io/developer/schema/elements/woocommerce-shipping-options/,woocommerce-shipping-options,woocommerce-shipping-options,woocommerce-shipping-options,developer/schema,
new:developer/schema/elements/woocommerce-template-hook,academy,WooCommerce Template Hook Schema,woocommerce template hook schema,https://academy.bricksbuilder.io/developer/schema/elements/woocommerce-template-hook/,woocommerce-template-hook,woocommerce-template-hook,woocommerce-template-hook,developer/schema,
new:developer/schema/elements/wordpress,academy,WordPress Schema,wordpress schema,https://academy.bricksbuilder.io/developer/schema/elements/wordpress/,wordpress,wordpress,wordpress,developer/schema,
new:developer/schema/general/content-area,academy,Content Area Schema,content area schema,https://academy.bricksbuilder.io/developer/schema/general/content-area/,content-area,content-area,content-area,developer/schema,
new:developer/schema/global/breakpoints,academy,Breakpoints Schema,breakpoints schema,https://academy.bricksbuilder.io/developer/schema/global/breakpoints/,breakpoints,breakpoints,breakpoints,developer/schema,
new:developer/schema/global/color-palettes,academy,Color Palettes Schema,color palettes schema,https://academy.bricksbuilder.io/developer/schema/global/color-palettes/,color-palettes,color-palettes,color-palettes,developer/schema,
new:developer/schema/global/components,academy,Components Schema,components schema,https://academy.bricksbuilder.io/developer/schema/global/components/,components,components,components,developer/schema,
new:developer/schema/global/global-classes,academy,Global Classes Schema,global classes schema,https://academy.bricksbuilder.io/developer/schema/global/global-classes/,global-classes,global-classes,global-classes,developer/schema,
new:developer/schema/global/global-variables,academy,Global Variables Schema,global variables schema,https://academy.bricksbuilder.io/developer/schema/global/global-variables/,global-variables,global-variables,global-variables,developer/schema,
new:developer/schema/global/pseudo-classes,academy,Pseudo-Classes Schema,pseudo classes schema,https://academy.bricksbuilder.io/developer/schema/global/pseudo-classes/,pseudo-classes,pseudo-classes,pseudo-classes,developer/schema,
new:developer/schema/global/theme-styles,academy,Theme Styles Schema,theme styles schema,https://academy.bricksbuilder.io/developer/schema/global/theme-styles/,theme-styles,theme-styles,theme-styles,developer/schema,
new:developer/schema/settings/page,academy,Page Settings Schema,page settings schema,https://academy.bricksbuilder.io/developer/schema/settings/page/,page,page,page,developer/schema,
new:developer/schema/settings/template,academy,Template Settings Schema,template settings schema,https://academy.bricksbuilder.io/developer/schema/settings/template/,template,template,template,developer/schema,
new:getting-started,academy,Getting Started,getting started,https://academy.bricksbuilder.io/getting-started/,getting-started,getting-started,getting-started,getting-started,
new:getting-started/blog-post-template,academy,Blog post template,blog post template,https://academy.bricksbuilder.io/getting-started/blog-post-template/,blog-post-template,blog-post-template,blog-post-template,getting-started/blog-post-template,
new:getting-started/building-your-first-page,academy,Start your first page,start your first page,https://academy.bricksbuilder.io/getting-started/building-your-first-page/,building-your-first-page,building-your-first-page,building-your-first-page,getting-started/building-your-first-page,
new:getting-started/global-classes,academy,Global classes,global classes,https://academy.bricksbuilder.io/getting-started/global-classes/,global-classes,global-classes,global-classes,getting-started/global-classes,
new:getting-started/header-template,academy,Building a header template,building a header template,https://academy.bricksbuilder.io/getting-started/header-template/,header-template,header-template,header-template,getting-started/header-template,
new:getting-started/installation-setup,academy,Installation and setup,installation and setup,https://academy.bricksbuilder.io/getting-started/installation-setup/,installation-setup,installation-setup,installation-setup,getting-started/installation-setup,
new:getting-started/interface-tour,academy,Interface tour,interface tour,https://academy.bricksbuilder.io/getting-started/interface-tour/,interface-tour,interface-tour,interface-tour,getting-started/interface-tour,
new:getting-started/next-steps,academy,Next steps,next steps,https://academy.bricksbuilder.io/getting-started/next-steps/,next-steps,next-steps,next-steps,getting-started/next-steps,
new:getting-started/query-loops-dynamic-data,academy,Query loops and dynamic data,query loops and dynamic data,https://academy.bricksbuilder.io/getting-started/query-loops-dynamic-data/,query-loops-dynamic-data,query-loops-dynamic-data,query-loops-dynamic-data,getting-started/query-loops-dynamic-data,
new:getting-started/responsive-basics,academy,Responsive basics,responsive basics,https://academy.bricksbuilder.io/getting-started/responsive-basics/,responsive-basics,responsive-basics,responsive-basics,getting-started/responsive-basics,
new:getting-started/settings-defaults,academy,Settings and defaults,settings and defaults,https://academy.bricksbuilder.io/getting-started/settings-defaults/,settings-defaults,settings-defaults,settings-defaults,getting-started/settings-defaults,
new:getting-started/templates-intro,academy,An intro to templates,an intro to templates,https://academy.bricksbuilder.io/getting-started/templates-intro/,templates-intro,templates-intro,templates-intro,getting-started/templates-intro,
new:getting-started/theme-styles,academy,Theme styles,theme styles,https://academy.bricksbuilder.io/getting-started/theme-styles/,theme-styles,theme-styles,theme-styles,getting-started/theme-styles,
new:integrations,academy,Integrations,integrations,https://academy.bricksbuilder.io/integrations/,integrations,integrations,integrations,integrations,
new:integrations/gutenberg,academy,Gutenberg,gutenberg,https://academy.bricksbuilder.io/integrations/gutenberg/,gutenberg,gutenberg,gutenberg,integrations/gutenberg,
new:integrations/gutenberg/components-as-blocks,academy,Bricks components as blocks,bricks components as blocks,https://academy.bricksbuilder.io/integrations/gutenberg/components-as-blocks/,components-as-blocks,components-as-blocks,components-as-blocks,integrations/gutenberg,
new:integrations/how-to-set-up-your-google-maps-api-key,academy,How to set up your Google Maps API key,how to set up your google maps api key,https://academy.bricksbuilder.io/integrations/how-to-set-up-your-google-maps-api-key/,how-to-set-up-your-google-maps-api-key,how-to-set-up-your-google-maps-api-key,how-to-set-up-your-google-maps-api-key,integrations/how-to-set-up-your-google-maps-api-key,
new:integrations/how-to-use-wpml-with-bricks,academy,How to use WPML with Bricks,how to use wpml with bricks,https://academy.bricksbuilder.io/integrations/how-to-use-wpml-with-bricks/,how-to-use-wpml-with-bricks,how-to-use-wpml-with-bricks,how-to-use-wpml-with-bricks,integrations/how-to-use-wpml-with-bricks,
new:integrations/instagram-access-token,academy,How to get your Instagram Access Token,how to get your instagram access token,https://academy.bricksbuilder.io/integrations/instagram-access-token/,instagram-access-token,instagram-access-token,instagram-access-token,integrations/instagram-access-token,
new:integrations/map-leaflet,academy,Map (Leaflet),map leaflet,https://academy.bricksbuilder.io/integrations/map-leaflet/,map-leaflet,map-leaflet,map-leaflet,integrations/map-leaflet,
new:integrations/polylang,academy,How to use Polylang with Bricks,how to use polylang with bricks,https://academy.bricksbuilder.io/integrations/polylang/,polylang,polylang,polylang,integrations/polylang,
new:integrations/unsplash,academy,Unsplash Integration,unsplash integration,https://academy.bricksbuilder.io/integrations/unsplash/,unsplash,unsplash,unsplash,integrations/unsplash,
new:integrations/woocommerce,academy,WooCommerce,woocommerce,https://academy.bricksbuilder.io/integrations/woocommerce/,woocommerce,woocommerce,woocommerce,integrations/woocommerce,
new:integrations/woocommerce/advanced-modular-elements,academy,WooCommerce advanced modular elements,woocommerce advanced modular elements,https://academy.bricksbuilder.io/integrations/woocommerce/advanced-modular-elements/,advanced-modular-elements,advanced-modular-elements,advanced-modular-elements,integrations/woocommerce,
new:integrations/woocommerce/cart,academy,Cart (WooCommerce),cart woocommerce,https://academy.bricksbuilder.io/integrations/woocommerce/cart/,cart,cart,cart,integrations/woocommerce,
new:integrations/woocommerce/checkout,academy,Checkout (WooCommerce),checkout woocommerce,https://academy.bricksbuilder.io/integrations/woocommerce/checkout/,checkout,checkout,checkout,integrations/woocommerce,
new:integrations/woocommerce/create-custom-mini-cart-dynamic-fragment,academy,Create a custom mini cart with Dynamic fragment,create a custom mini cart with dynamic fragment,https://academy.bricksbuilder.io/integrations/woocommerce/create-custom-mini-cart-dynamic-fragment/,create-custom-mini-cart-dynamic-fragment,create-custom-mini-cart-dynamic-fragment,create-custom-mini-cart-dynamic-fragment,integrations/woocommerce,
new:integrations/woocommerce/creating-dynamic-woocommerce-archive-pages,academy,Creating dynamic WooCommerce archive pages,creating dynamic woocommerce archive pages,https://academy.bricksbuilder.io/integrations/woocommerce/creating-dynamic-woocommerce-archive-pages/,creating-dynamic-woocommerce-archive-pages,creating-dynamic-woocommerce-archive-pages,creating-dynamic-woocommerce-archive-pages,integrations/woocommerce,
new:integrations/woocommerce/element-checkout-coupon,academy,Element: Checkout Coupon,checkout coupon,https://academy.bricksbuilder.io/integrations/woocommerce/element-checkout-coupon/,element-checkout-coupon,element-checkout-coupon,element-checkout-coupon,integrations/woocommerce,
new:integrations/woocommerce/element-checkout-login,academy,Element: Checkout Login,checkout login,https://academy.bricksbuilder.io/integrations/woocommerce/element-checkout-login/,element-checkout-login,element-checkout-login,element-checkout-login,integrations/woocommerce,
new:integrations/woocommerce/how-to-create-product-quick-view-with-bricks,academy,How to Create Product Quick View with Bricks,how to create product quick view with bricks,https://academy.bricksbuilder.io/integrations/woocommerce/how-to-create-product-quick-view-with-bricks/,how-to-create-product-quick-view-with-bricks,how-to-create-product-quick-view-with-bricks,how-to-create-product-quick-view-with-bricks,integrations/woocommerce,
new:integrations/woocommerce/multistep-checkout-v2,academy,Checkout v2 multistep checkout,checkout v2 multistep checkout,https://academy.bricksbuilder.io/integrations/woocommerce/multistep-checkout-v2/,multistep-checkout-v2,multistep-checkout-v2,multistep-checkout-v2,integrations/woocommerce,
new:integrations/woocommerce/product-archive-woocommerce,academy,Product Archive (WooCommerce),product archive woocommerce,https://academy.bricksbuilder.io/integrations/woocommerce/product-archive-woocommerce/,product-archive-woocommerce,product-archive-woocommerce,product-archive-woocommerce,integrations/woocommerce,
new:integrations/woocommerce/product-variation-swatches,academy,Product Variation Swatches (WooCommerce),product variation swatches woocommerce,https://academy.bricksbuilder.io/integrations/woocommerce/product-variation-swatches/,product-variation-swatches,product-variation-swatches,product-variation-swatches,integrations/woocommerce,
new:integrations/woocommerce/single-product,academy,Single Product (WooCommerce),single product woocommerce,https://academy.bricksbuilder.io/integrations/woocommerce/single-product/,single-product,single-product,single-product,integrations/woocommerce,
new:integrations/woocommerce/woo-setup-wizard,academy,Woo Setup Wizard,woo setup wizard,https://academy.bricksbuilder.io/integrations/woocommerce/woo-setup-wizard/,woo-setup-wizard,woo-setup-wizard,woo-setup-wizard,integrations/woocommerce,
new:integrations/woocommerce/woocommerce-account-builder,academy,WooCommerce Account Builder,woocommerce account builder,https://academy.bricksbuilder.io/integrations/woocommerce/woocommerce-account-builder/,woocommerce-account-builder,woocommerce-account-builder,woocommerce-account-builder,integrations/woocommerce,
new:integrations/woocommerce/woocommerce-builder,academy,WooCommerce Builder,woocommerce builder,https://academy.bricksbuilder.io/integrations/woocommerce/woocommerce-builder/,woocommerce-builder,woocommerce-builder,woocommerce-builder,integrations/woocommerce,
new:integrations/woocommerce/woocommerce-notices,academy,WooCommerce Notices,woocommerce notices,https://academy.bricksbuilder.io/integrations/woocommerce/woocommerce-notices/,woocommerce-notices,woocommerce-notices,woocommerce-notices,integrations/woocommerce,
new:integrations/woocommerce/woocommerce-template-hooks,academy,WooCommerce Template Hooks,woocommerce template hooks,https://academy.bricksbuilder.io/integrations/woocommerce/woocommerce-template-hooks/,woocommerce-template-hooks,woocommerce-template-hooks,woocommerce-template-hooks,integrations/woocommerce,
new:integrations/woocommerce/woocommerce-v2-query-loops-dynamic-tags,academy,WooCommerce v2 query loops and dynamic tags,woocommerce v2 query loops and dynamic tags,https://academy.bricksbuilder.io/integrations/woocommerce/woocommerce-v2-query-loops-dynamic-tags/,woocommerce-v2-query-loops-dynamic-tags,woocommerce-v2-query-loops-dynamic-tags,woocommerce-v2-query-loops-dynamic-tags,integrations/woocommerce,
new:privacy,academy,Privacy,privacy,https://academy.bricksbuilder.io/privacy/,privacy,privacy,privacy,privacy,
