doc_id,title,source_url,local_path,section,subsection,doc_kind,asset_count,external_embed_count,status,note
new:builder,Builder,https://academy.bricksbuilder.io/builder/,corpus/bricks-academy/builder.md,builder,builder,guide,0,0,ok,
new:builder/dynamic-content/dynamic-data,Dynamic Data,https://academy.bricksbuilder.io/builder/dynamic-content/dynamic-data/,corpus/bricks-academy/builder/dynamic-content/dynamic-data.md,builder,builder/dynamic-content,guide,4,2,ok,external embeds preserved as links
new:builder/dynamic-content/global-queries-query-manager,Global Queries & Query Manager,https://academy.bricksbuilder.io/builder/dynamic-content/global-queries-query-manager/,corpus/bricks-academy/builder/dynamic-content/global-queries-query-manager.md,builder,builder/dynamic-content,guide,2,1,ok,external embeds preserved as links
new:builder/dynamic-content/query-data-from-apis,Query Data from APIs,https://academy.bricksbuilder.io/builder/dynamic-content/query-data-from-apis/,corpus/bricks-academy/builder/dynamic-content/query-data-from-apis.md,builder,builder/dynamic-content,guide,5,1,ok,external embeds preserved as links
new:builder/dynamic-content/query-filters,"Query Sort, Filter & Live Search",https://academy.bricksbuilder.io/builder/dynamic-content/query-filters/,corpus/bricks-academy/builder/dynamic-content/query-filters.md,builder,builder/dynamic-content,guide,22,1,ok,external embeds preserved as links
new:builder/dynamic-content/query-loop,Query Loop,https://academy.bricksbuilder.io/builder/dynamic-content/query-loop/,corpus/bricks-academy/builder/dynamic-content/query-loop.md,builder,builder/dynamic-content,guide,34,1,ok,external embeds preserved as links
new:builder/elements,Elements,https://academy.bricksbuilder.io/builder/elements/,corpus/bricks-academy/builder/elements.md,builder,builder/elements,guide,0,0,ok,
new:builder/elements/basic/button,Button,https://academy.bricksbuilder.io/builder/elements/basic/button/,corpus/bricks-academy/builder/elements/basic/button.md,builder,builder/elements,element,0,0,ok,
new:builder/elements/basic/heading,Heading,https://academy.bricksbuilder.io/builder/elements/basic/heading/,corpus/bricks-academy/builder/elements/basic/heading.md,builder,builder/elements,element,0,0,ok,
new:builder/elements/basic/icon,Icon,https://academy.bricksbuilder.io/builder/elements/basic/icon/,corpus/bricks-academy/builder/elements/basic/icon.md,builder,builder/elements,element,0,0,ok,
new:builder/elements/basic/image,Image,https://academy.bricksbuilder.io/builder/elements/basic/image/,corpus/bricks-academy/builder/elements/basic/image.md,builder,builder/elements,element,0,0,ok,
new:builder/elements/basic/text-basic,Text basic,https://academy.bricksbuilder.io/builder/elements/basic/text-basic/,corpus/bricks-academy/builder/elements/basic/text-basic.md,builder,builder/elements,element,0,0,ok,
new:builder/elements/basic/text-link,Text Link,https://academy.bricksbuilder.io/builder/elements/basic/text-link/,corpus/bricks-academy/builder/elements/basic/text-link.md,builder,builder/elements,element,0,0,ok,
new:builder/elements/basic/text,Rich text,https://academy.bricksbuilder.io/builder/elements/basic/text/,corpus/bricks-academy/builder/elements/basic/text.md,builder,builder/elements,element,0,0,ok,
new:builder/elements/basic/video,Video,https://academy.bricksbuilder.io/builder/elements/basic/video/,corpus/bricks-academy/builder/elements/basic/video.md,builder,builder/elements,element,1,0,ok,
new:builder/elements/filter/filter-active-filters,Filter active filters,https://academy.bricksbuilder.io/builder/elements/filter/filter-active-filters/,corpus/bricks-academy/builder/elements/filter/filter-active-filters.md,builder,builder/elements,element,0,0,ok,
new:builder/elements/filter/filter-checkbox,Filter checkbox,https://academy.bricksbuilder.io/builder/elements/filter/filter-checkbox/,corpus/bricks-academy/builder/elements/filter/filter-checkbox.md,builder,builder/elements,element,0,0,ok,
new:builder/elements/filter/filter-datepicker,Filter datepicker,https://academy.bricksbuilder.io/builder/elements/filter/filter-datepicker/,corpus/bricks-academy/builder/elements/filter/filter-datepicker.md,builder,builder/elements,element,0,0,ok,
new:builder/elements/filter/filter-radio,Filter radio,https://academy.bricksbuilder.io/builder/elements/filter/filter-radio/,corpus/bricks-academy/builder/elements/filter/filter-radio.md,builder,builder/elements,element,0,0,ok,
new:builder/elements/filter/filter-range,Filter range,https://academy.bricksbuilder.io/builder/elements/filter/filter-range/,corpus/bricks-academy/builder/elements/filter/filter-range.md,builder,builder/elements,element,0,0,ok,
new:builder/elements/filter/filter-search,Filter search,https://academy.bricksbuilder.io/builder/elements/filter/filter-search/,corpus/bricks-academy/builder/elements/filter/filter-search.md,builder,builder/elements,element,0,0,ok,
new:builder/elements/filter/filter-select,Filter select,https://academy.bricksbuilder.io/builder/elements/filter/filter-select/,corpus/bricks-academy/builder/elements/filter/filter-select.md,builder,builder/elements,element,0,0,ok,
new:builder/elements/filter/filter-submit,Filter submit,https://academy.bricksbuilder.io/builder/elements/filter/filter-submit/,corpus/bricks-academy/builder/elements/filter/filter-submit.md,builder,builder/elements,element,0,0,ok,
new:builder/elements/general/accordion-nested,Accordion (nestable),https://academy.bricksbuilder.io/builder/elements/general/accordion-nested/,corpus/bricks-academy/builder/elements/general/accordion-nested.md,builder,builder/elements,element,0,0,ok,
new:builder/elements/general/accordion,Accordion,https://academy.bricksbuilder.io/builder/elements/general/accordion/,corpus/bricks-academy/builder/elements/general/accordion.md,builder,builder/elements,element,0,0,ok,
new:builder/elements/general/alert,Alert,https://academy.bricksbuilder.io/builder/elements/general/alert/,corpus/bricks-academy/builder/elements/general/alert.md,builder,builder/elements,element,0,0,ok,
new:builder/elements/general/animated-typing,Animated typing,https://academy.bricksbuilder.io/builder/elements/general/animated-typing/,corpus/bricks-academy/builder/elements/general/animated-typing.md,builder,builder/elements,element,0,0,ok,
new:builder/elements/general/back-to-top,Back to Top,https://academy.bricksbuilder.io/builder/elements/general/back-to-top/,corpus/bricks-academy/builder/elements/general/back-to-top.md,builder,builder/elements,element,0,0,ok,
new:builder/elements/general/breadcrumbs,Breadcrumbs,https://academy.bricksbuilder.io/builder/elements/general/breadcrumbs/,corpus/bricks-academy/builder/elements/general/breadcrumbs.md,builder,builder/elements,element,11,0,ok,
new:builder/elements/general/code,Code,https://academy.bricksbuilder.io/builder/elements/general/code/,corpus/bricks-academy/builder/elements/general/code.md,builder,builder/elements,element,0,0,ok,
new:builder/elements/general/countdown,Countdown,https://academy.bricksbuilder.io/builder/elements/general/countdown/,corpus/bricks-academy/builder/elements/general/countdown.md,builder,builder/elements,element,0,0,ok,
new:builder/elements/general/counter,Counter,https://academy.bricksbuilder.io/builder/elements/general/counter/,corpus/bricks-academy/builder/elements/general/counter.md,builder,builder/elements,element,0,0,ok,
new:builder/elements/general/dropdown,Dropdown,https://academy.bricksbuilder.io/builder/elements/general/dropdown/,corpus/bricks-academy/builder/elements/general/dropdown.md,builder,builder/elements,element,0,0,ok,
new:builder/elements/general/facebook-page,Facebook page,https://academy.bricksbuilder.io/builder/elements/general/facebook-page/,corpus/bricks-academy/builder/elements/general/facebook-page.md,builder,builder/elements,element,0,0,ok,
new:builder/elements/general/form,Form,https://academy.bricksbuilder.io/builder/elements/general/form/,corpus/bricks-academy/builder/elements/general/form.md,builder,builder/elements,element,14,0,ok,
new:builder/elements/general/html,HTML,https://academy.bricksbuilder.io/builder/elements/general/html/,corpus/bricks-academy/builder/elements/general/html.md,builder,builder/elements,element,0,0,ok,
new:builder/elements/general/icon-box,Icon box,https://academy.bricksbuilder.io/builder/elements/general/icon-box/,corpus/bricks-academy/builder/elements/general/icon-box.md,builder,builder/elements,element,0,0,ok,
new:builder/elements/general/icon-list,Icon list,https://academy.bricksbuilder.io/builder/elements/general/icon-list/,corpus/bricks-academy/builder/elements/general/icon-list.md,builder,builder/elements,element,0,0,ok,
new:builder/elements/general/map-connector,Map Connector,https://academy.bricksbuilder.io/builder/elements/general/map-connector/,corpus/bricks-academy/builder/elements/general/map-connector.md,builder,builder/elements,element,0,0,ok,
new:builder/elements/general/map-leaflet,Map (Leaflet),https://academy.bricksbuilder.io/builder/elements/general/map-leaflet/,corpus/bricks-academy/builder/elements/general/map-leaflet.md,builder,builder/elements,element,0,0,ok,
new:builder/elements/general/map,Map,https://academy.bricksbuilder.io/builder/elements/general/map/,corpus/bricks-academy/builder/elements/general/map.md,builder,builder/elements,element,14,0,ok,
new:builder/elements/general/nav-nested,Nav (Nestable),https://academy.bricksbuilder.io/builder/elements/general/nav-nested/,corpus/bricks-academy/builder/elements/general/nav-nested.md,builder,builder/elements,element,0,0,ok,
new:builder/elements/general/offcanvas,Offcanvas,https://academy.bricksbuilder.io/builder/elements/general/offcanvas/,corpus/bricks-academy/builder/elements/general/offcanvas.md,builder,builder/elements,element,0,0,ok,
new:builder/elements/general/pie-chart,Pie chart,https://academy.bricksbuilder.io/builder/elements/general/pie-chart/,corpus/bricks-academy/builder/elements/general/pie-chart.md,builder,builder/elements,element,0,0,ok,
new:builder/elements/general/pricing-tables,Pricing tables,https://academy.bricksbuilder.io/builder/elements/general/pricing-tables/,corpus/bricks-academy/builder/elements/general/pricing-tables.md,builder,builder/elements,element,0,0,ok,
new:builder/elements/general/progress-bar,Progress bar,https://academy.bricksbuilder.io/builder/elements/general/progress-bar/,corpus/bricks-academy/builder/elements/general/progress-bar.md,builder,builder/elements,element,0,0,ok,
new:builder/elements/general/rating,Rating,https://academy.bricksbuilder.io/builder/elements/general/rating/,corpus/bricks-academy/builder/elements/general/rating.md,builder,builder/elements,element,0,0,ok,
new:builder/elements/general/slot,Slot,https://academy.bricksbuilder.io/builder/elements/general/slot/,corpus/bricks-academy/builder/elements/general/slot.md,builder,builder/elements,element,0,0,ok,
new:builder/elements/general/tabs-nested,Tabs (nestable),https://academy.bricksbuilder.io/builder/elements/general/tabs-nested/,corpus/bricks-academy/builder/elements/general/tabs-nested.md,builder,builder/elements,element,0,0,ok,
new:builder/elements/general/tabs,Tabs,https://academy.bricksbuilder.io/builder/elements/general/tabs/,corpus/bricks-academy/builder/elements/general/tabs.md,builder,builder/elements,element,0,0,ok,
new:builder/elements/general/team-members,Team members,https://academy.bricksbuilder.io/builder/elements/general/team-members/,corpus/bricks-academy/builder/elements/general/team-members.md,builder,builder/elements,element,0,0,ok,
new:builder/elements/general/template,Template,https://academy.bricksbuilder.io/builder/elements/general/template/,corpus/bricks-academy/builder/elements/general/template.md,builder,builder/elements,element,0,0,ok,
new:builder/elements/general/testimonials,Testimonials,https://academy.bricksbuilder.io/builder/elements/general/testimonials/,corpus/bricks-academy/builder/elements/general/testimonials.md,builder,builder/elements,element,0,0,ok,
new:builder/elements/general/toggle-mode,Toggle - Mode,https://academy.bricksbuilder.io/builder/elements/general/toggle-mode/,corpus/bricks-academy/builder/elements/general/toggle-mode.md,builder,builder/elements,element,0,0,ok,
new:builder/elements/general/toggle,Toggle,https://academy.bricksbuilder.io/builder/elements/general/toggle/,corpus/bricks-academy/builder/elements/general/toggle.md,builder,builder/elements,element,0,0,ok,
new:builder/elements/layout/block,Block,https://academy.bricksbuilder.io/builder/elements/layout/block/,corpus/bricks-academy/builder/elements/layout/block.md,builder,builder/elements,element,0,0,ok,
new:builder/elements/layout/container,Container,https://academy.bricksbuilder.io/builder/elements/layout/container/,corpus/bricks-academy/builder/elements/layout/container.md,builder,builder/elements,element,4,2,ok,external embeds preserved as links
new:builder/elements/layout/div,Div,https://academy.bricksbuilder.io/builder/elements/layout/div/,corpus/bricks-academy/builder/elements/layout/div.md,builder,builder/elements,element,0,0,ok,
new:builder/elements/layout/divider,Divider,https://academy.bricksbuilder.io/builder/elements/layout/divider/,corpus/bricks-academy/builder/elements/layout/divider.md,builder,builder/elements,element,0,0,ok,
new:builder/elements/layout/list,List,https://academy.bricksbuilder.io/builder/elements/layout/list/,corpus/bricks-academy/builder/elements/layout/list.md,builder,builder/elements,element,0,0,ok,
new:builder/elements/layout/section,Section,https://academy.bricksbuilder.io/builder/elements/layout/section/,corpus/bricks-academy/builder/elements/layout/section.md,builder,builder/elements,element,1,0,ok,
new:builder/elements/media/audio,Audio,https://academy.bricksbuilder.io/builder/elements/media/audio/,corpus/bricks-academy/builder/elements/media/audio.md,builder,builder/elements,element,0,0,ok,
new:builder/elements/media/carousel,Carousel,https://academy.bricksbuilder.io/builder/elements/media/carousel/,corpus/bricks-academy/builder/elements/media/carousel.md,builder,builder/elements,element,0,0,ok,
new:builder/elements/media/file,File,https://academy.bricksbuilder.io/builder/elements/media/file/,corpus/bricks-academy/builder/elements/media/file.md,builder,builder/elements,element,3,0,ok,
new:builder/elements/media/image-gallery,Image gallery,https://academy.bricksbuilder.io/builder/elements/media/image-gallery/,corpus/bricks-academy/builder/elements/media/image-gallery.md,builder,builder/elements,element,0,0,ok,
new:builder/elements/media/instagram-feed,Instagram feed,https://academy.bricksbuilder.io/builder/elements/media/instagram-feed/,corpus/bricks-academy/builder/elements/media/instagram-feed.md,builder,builder/elements,element,0,0,ok,
new:builder/elements/media/logo,Logo,https://academy.bricksbuilder.io/builder/elements/media/logo/,corpus/bricks-academy/builder/elements/media/logo.md,builder,builder/elements,element,0,0,ok,
new:builder/elements/media/slider-nested,Slider (nestable),https://academy.bricksbuilder.io/builder/elements/media/slider-nested/,corpus/bricks-academy/builder/elements/media/slider-nested.md,builder,builder/elements,element,0,0,ok,
new:builder/elements/media/slider,Slider,https://academy.bricksbuilder.io/builder/elements/media/slider/,corpus/bricks-academy/builder/elements/media/slider.md,builder,builder/elements,element,0,0,ok,
new:builder/elements/media/svg,SVG,https://academy.bricksbuilder.io/builder/elements/media/svg/,corpus/bricks-academy/builder/elements/media/svg.md,builder,builder/elements,element,0,0,ok,
new:builder/elements/product/product-add-to-cart,Add to cart,https://academy.bricksbuilder.io/builder/elements/product/product-add-to-cart/,corpus/bricks-academy/builder/elements/product/product-add-to-cart.md,builder,builder/elements,element,0,0,ok,
new:builder/elements/product/product-additional-information,Product additional information,https://academy.bricksbuilder.io/builder/elements/product/product-additional-information/,corpus/bricks-academy/builder/elements/product/product-additional-information.md,builder,builder/elements,element,0,0,ok,
new:builder/elements/product/product-content,Product content,https://academy.bricksbuilder.io/builder/elements/product/product-content/,corpus/bricks-academy/builder/elements/product/product-content.md,builder,builder/elements,element,0,0,ok,
new:builder/elements/product/product-gallery,Product gallery,https://academy.bricksbuilder.io/builder/elements/product/product-gallery/,corpus/bricks-academy/builder/elements/product/product-gallery.md,builder,builder/elements,element,0,0,ok,
new:builder/elements/product/product-meta,Product meta,https://academy.bricksbuilder.io/builder/elements/product/product-meta/,corpus/bricks-academy/builder/elements/product/product-meta.md,builder,builder/elements,element,0,0,ok,
new:builder/elements/product/product-price,Product price,https://academy.bricksbuilder.io/builder/elements/product/product-price/,corpus/bricks-academy/builder/elements/product/product-price.md,builder,builder/elements,element,0,0,ok,
new:builder/elements/product/product-rating,Product rating,https://academy.bricksbuilder.io/builder/elements/product/product-rating/,corpus/bricks-academy/builder/elements/product/product-rating.md,builder,builder/elements,element,0,0,ok,
new:builder/elements/product/product-related,Related products,https://academy.bricksbuilder.io/builder/elements/product/product-related/,corpus/bricks-academy/builder/elements/product/product-related.md,builder,builder/elements,element,0,0,ok,
new:builder/elements/product/product-reviews,Product reviews,https://academy.bricksbuilder.io/builder/elements/product/product-reviews/,corpus/bricks-academy/builder/elements/product/product-reviews.md,builder,builder/elements,element,0,0,ok,
new:builder/elements/product/product-short-description,Product short description,https://academy.bricksbuilder.io/builder/elements/product/product-short-description/,corpus/bricks-academy/builder/elements/product/product-short-description.md,builder,builder/elements,element,0,0,ok,
new:builder/elements/product/product-stock,Product stock,https://academy.bricksbuilder.io/builder/elements/product/product-stock/,corpus/bricks-academy/builder/elements/product/product-stock.md,builder,builder/elements,element,0,0,ok,
new:builder/elements/product/product-tabs,Product tabs,https://academy.bricksbuilder.io/builder/elements/product/product-tabs/,corpus/bricks-academy/builder/elements/product/product-tabs.md,builder,builder/elements,element,0,0,ok,
new:builder/elements/product/product-title,Product title,https://academy.bricksbuilder.io/builder/elements/product/product-title/,corpus/bricks-academy/builder/elements/product/product-title.md,builder,builder/elements,element,0,0,ok,
new:builder/elements/product/product-upsells,Product up/cross-sells,https://academy.bricksbuilder.io/builder/elements/product/product-upsells/,corpus/bricks-academy/builder/elements/product/product-upsells.md,builder,builder/elements,element,0,0,ok,
new:builder/elements/query/query-results-summary,Query results summary,https://academy.bricksbuilder.io/builder/elements/query/query-results-summary/,corpus/bricks-academy/builder/elements/query/query-results-summary.md,builder,builder/elements,element,2,0,ok,
new:builder/elements/single/author,Author,https://academy.bricksbuilder.io/builder/elements/single/author/,corpus/bricks-academy/builder/elements/single/author.md,builder,builder/elements,element,0,0,ok,
new:builder/elements/single/comments,Comments,https://academy.bricksbuilder.io/builder/elements/single/comments/,corpus/bricks-academy/builder/elements/single/comments.md,builder,builder/elements,element,0,0,ok,
new:builder/elements/single/excerpt,Excerpt,https://academy.bricksbuilder.io/builder/elements/single/excerpt/,corpus/bricks-academy/builder/elements/single/excerpt.md,builder,builder/elements,element,0,0,ok,
new:builder/elements/single/meta-data,Meta data,https://academy.bricksbuilder.io/builder/elements/single/meta-data/,corpus/bricks-academy/builder/elements/single/meta-data.md,builder,builder/elements,element,0,0,ok,
new:builder/elements/single/post-content,Post content,https://academy.bricksbuilder.io/builder/elements/single/post-content/,corpus/bricks-academy/builder/elements/single/post-content.md,builder,builder/elements,element,3,0,ok,
new:builder/elements/single/post-navigation,Post navigation,https://academy.bricksbuilder.io/builder/elements/single/post-navigation/,corpus/bricks-academy/builder/elements/single/post-navigation.md,builder,builder/elements,element,0,0,ok,
new:builder/elements/single/post-reading-progress-bar,Post reading progress bar,https://academy.bricksbuilder.io/builder/elements/single/post-reading-progress-bar/,corpus/bricks-academy/builder/elements/single/post-reading-progress-bar.md,builder,builder/elements,element,0,0,ok,
new:builder/elements/single/post-reading-time,Post reading time,https://academy.bricksbuilder.io/builder/elements/single/post-reading-time/,corpus/bricks-academy/builder/elements/single/post-reading-time.md,builder,builder/elements,element,0,0,ok,
new:builder/elements/single/post-title,Post title,https://academy.bricksbuilder.io/builder/elements/single/post-title/,corpus/bricks-academy/builder/elements/single/post-title.md,builder,builder/elements,element,0,0,ok,
new:builder/elements/single/post-toc,Post table of contents,https://academy.bricksbuilder.io/builder/elements/single/post-toc/,corpus/bricks-academy/builder/elements/single/post-toc.md,builder,builder/elements,element,0,0,ok,
new:builder/elements/single/related-posts,Related posts,https://academy.bricksbuilder.io/builder/elements/single/related-posts/,corpus/bricks-academy/builder/elements/single/related-posts.md,builder,builder/elements,element,0,0,ok,
new:builder/elements/single/social-sharing,Social sharing,https://academy.bricksbuilder.io/builder/elements/single/social-sharing/,corpus/bricks-academy/builder/elements/single/social-sharing.md,builder,builder/elements,element,0,0,ok,
new:builder/elements/single/taxonomy,Taxonomy,https://academy.bricksbuilder.io/builder/elements/single/taxonomy/,corpus/bricks-academy/builder/elements/single/taxonomy.md,builder,builder/elements,element,0,0,ok,
new:builder/elements/woocommerce/account-add-payment-method,Account - Add payment method,https://academy.bricksbuilder.io/builder/elements/woocommerce/account-add-payment-method/,corpus/bricks-academy/builder/elements/woocommerce/account-add-payment-method.md,builder,builder/elements,element,0,0,ok,
new:builder/elements/woocommerce/account-addresses,Account - Addresses,https://academy.bricksbuilder.io/builder/elements/woocommerce/account-addresses/,corpus/bricks-academy/builder/elements/woocommerce/account-addresses.md,builder,builder/elements,element,0,0,ok,
new:builder/elements/woocommerce/account-downloads,Account - Downloads,https://academy.bricksbuilder.io/builder/elements/woocommerce/account-downloads/,corpus/bricks-academy/builder/elements/woocommerce/account-downloads.md,builder,builder/elements,element,0,0,ok,
new:builder/elements/woocommerce/account-form-edit-account,Account - Edit account,https://academy.bricksbuilder.io/builder/elements/woocommerce/account-form-edit-account/,corpus/bricks-academy/builder/elements/woocommerce/account-form-edit-account.md,builder,builder/elements,element,0,0,ok,
new:builder/elements/woocommerce/account-form-edit-address,Account - Edit address,https://academy.bricksbuilder.io/builder/elements/woocommerce/account-form-edit-address/,corpus/bricks-academy/builder/elements/woocommerce/account-form-edit-address.md,builder,builder/elements,element,0,0,ok,
new:builder/elements/woocommerce/account-form-login,Account - Login form,https://academy.bricksbuilder.io/builder/elements/woocommerce/account-form-login/,corpus/bricks-academy/builder/elements/woocommerce/account-form-login.md,builder,builder/elements,element,0,0,ok,
new:builder/elements/woocommerce/account-form-lost-password,Account - Lost password,https://academy.bricksbuilder.io/builder/elements/woocommerce/account-form-lost-password/,corpus/bricks-academy/builder/elements/woocommerce/account-form-lost-password.md,builder,builder/elements,element,0,0,ok,
new:builder/elements/woocommerce/account-form-register,Account - Register form,https://academy.bricksbuilder.io/builder/elements/woocommerce/account-form-register/,corpus/bricks-academy/builder/elements/woocommerce/account-form-register.md,builder,builder/elements,element,0,0,ok,
new:builder/elements/woocommerce/account-form-reset-password,Account - Reset password,https://academy.bricksbuilder.io/builder/elements/woocommerce/account-form-reset-password/,corpus/bricks-academy/builder/elements/woocommerce/account-form-reset-password.md,builder,builder/elements,element,0,0,ok,
new:builder/elements/woocommerce/account-orders,Account - Orders,https://academy.bricksbuilder.io/builder/elements/woocommerce/account-orders/,corpus/bricks-academy/builder/elements/woocommerce/account-orders.md,builder,builder/elements,element,0,0,ok,
new:builder/elements/woocommerce/account-page-v2,Account - Page v2,https://academy.bricksbuilder.io/builder/elements/woocommerce/account-page-v2/,corpus/bricks-academy/builder/elements/woocommerce/account-page-v2.md,builder,builder/elements,element,3,0,ok,
new:builder/elements/woocommerce/account-page,Account - Page,https://academy.bricksbuilder.io/builder/elements/woocommerce/account-page/,corpus/bricks-academy/builder/elements/woocommerce/account-page.md,builder,builder/elements,element,0,0,ok,
new:builder/elements/woocommerce/account-payment-methods,Account - Payment methods,https://academy.bricksbuilder.io/builder/elements/woocommerce/account-payment-methods/,corpus/bricks-academy/builder/elements/woocommerce/account-payment-methods.md,builder,builder/elements,element,0,0,ok,
new:builder/elements/woocommerce/account-view-order,Account - View order,https://academy.bricksbuilder.io/builder/elements/woocommerce/account-view-order/,corpus/bricks-academy/builder/elements/woocommerce/account-view-order.md,builder,builder/elements,element,0,0,ok,
new:builder/elements/woocommerce/breadcrumbs,WooCommerce Breadcrumbs,https://academy.bricksbuilder.io/builder/elements/woocommerce/breadcrumbs/,corpus/bricks-academy/builder/elements/woocommerce/breadcrumbs.md,builder,builder/elements,element,0,0,ok,
new:builder/elements/woocommerce/cart-collaterals,Cart totals,https://academy.bricksbuilder.io/builder/elements/woocommerce/cart-collaterals/,corpus/bricks-academy/builder/elements/woocommerce/cart-collaterals.md,builder,builder/elements,element,0,0,ok,
new:builder/elements/woocommerce/cart-coupon,Cart coupon,https://academy.bricksbuilder.io/builder/elements/woocommerce/cart-coupon/,corpus/bricks-academy/builder/elements/woocommerce/cart-coupon.md,builder,builder/elements,element,0,0,ok,
new:builder/elements/woocommerce/cart-items,Cart items,https://academy.bricksbuilder.io/builder/elements/woocommerce/cart-items/,corpus/bricks-academy/builder/elements/woocommerce/cart-items.md,builder,builder/elements,element,0,0,ok,
new:builder/elements/woocommerce/cart-v2,Cart v2,https://academy.bricksbuilder.io/builder/elements/woocommerce/cart-v2/,corpus/bricks-academy/builder/elements/woocommerce/cart-v2.md,builder,builder/elements,element,3,0,ok,
new:builder/elements/woocommerce/checkout-coupon,Checkout coupon,https://academy.bricksbuilder.io/builder/elements/woocommerce/checkout-coupon/,corpus/bricks-academy/builder/elements/woocommerce/checkout-coupon.md,builder,builder/elements,element,0,0,ok,
new:builder/elements/woocommerce/checkout-customer-details,Checkout customer details,https://academy.bricksbuilder.io/builder/elements/woocommerce/checkout-customer-details/,corpus/bricks-academy/builder/elements/woocommerce/checkout-customer-details.md,builder,builder/elements,element,0,0,ok,
new:builder/elements/woocommerce/checkout-login,Checkout login,https://academy.bricksbuilder.io/builder/elements/woocommerce/checkout-login/,corpus/bricks-academy/builder/elements/woocommerce/checkout-login.md,builder,builder/elements,element,0,0,ok,
new:builder/elements/woocommerce/checkout-order-payment,Checkout order payment,https://academy.bricksbuilder.io/builder/elements/woocommerce/checkout-order-payment/,corpus/bricks-academy/builder/elements/woocommerce/checkout-order-payment.md,builder,builder/elements,element,0,0,ok,
new:builder/elements/woocommerce/checkout-order-review,Checkout order review,https://academy.bricksbuilder.io/builder/elements/woocommerce/checkout-order-review/,corpus/bricks-academy/builder/elements/woocommerce/checkout-order-review.md,builder,builder/elements,element,0,0,ok,
new:builder/elements/woocommerce/checkout-order-table,Checkout order table,https://academy.bricksbuilder.io/builder/elements/woocommerce/checkout-order-table/,corpus/bricks-academy/builder/elements/woocommerce/checkout-order-table.md,builder,builder/elements,element,0,0,ok,
new:builder/elements/woocommerce/checkout-thankyou,Checkout thank you,https://academy.bricksbuilder.io/builder/elements/woocommerce/checkout-thankyou/,corpus/bricks-academy/builder/elements/woocommerce/checkout-thankyou.md,builder,builder/elements,element,0,0,ok,
new:builder/elements/woocommerce/checkout-v2,Checkout v2,https://academy.bricksbuilder.io/builder/elements/woocommerce/checkout-v2/,corpus/bricks-academy/builder/elements/woocommerce/checkout-v2.md,builder,builder/elements,element,6,0,ok,
new:builder/elements/woocommerce/dynamic-fragment,Dynamic fragment,https://academy.bricksbuilder.io/builder/elements/woocommerce/dynamic-fragment/,corpus/bricks-academy/builder/elements/woocommerce/dynamic-fragment.md,builder,builder/elements,element,2,0,ok,
new:builder/elements/woocommerce/mini-cart,Mini cart,https://academy.bricksbuilder.io/builder/elements/woocommerce/mini-cart/,corpus/bricks-academy/builder/elements/woocommerce/mini-cart.md,builder,builder/elements,element,0,0,ok,
new:builder/elements/woocommerce/notice,Notice,https://academy.bricksbuilder.io/builder/elements/woocommerce/notice/,corpus/bricks-academy/builder/elements/woocommerce/notice.md,builder,builder/elements,element,0,0,ok,
new:builder/elements/woocommerce/products-archive-description,Products archive description,https://academy.bricksbuilder.io/builder/elements/woocommerce/products-archive-description/,corpus/bricks-academy/builder/elements/woocommerce/products-archive-description.md,builder,builder/elements,element,0,0,ok,
new:builder/elements/woocommerce/products-filter,Products filter,https://academy.bricksbuilder.io/builder/elements/woocommerce/products-filter/,corpus/bricks-academy/builder/elements/woocommerce/products-filter.md,builder,builder/elements,element,0,0,ok,
new:builder/elements/woocommerce/products-orderby,Products orderby,https://academy.bricksbuilder.io/builder/elements/woocommerce/products-orderby/,corpus/bricks-academy/builder/elements/woocommerce/products-orderby.md,builder,builder/elements,element,0,0,ok,
new:builder/elements/woocommerce/products-pagination,Products pagination,https://academy.bricksbuilder.io/builder/elements/woocommerce/products-pagination/,corpus/bricks-academy/builder/elements/woocommerce/products-pagination.md,builder,builder/elements,element,0,0,ok,
new:builder/elements/woocommerce/products-total-results,Products total results,https://academy.bricksbuilder.io/builder/elements/woocommerce/products-total-results/,corpus/bricks-academy/builder/elements/woocommerce/products-total-results.md,builder,builder/elements,element,0,0,ok,
new:builder/elements/woocommerce/products,Products,https://academy.bricksbuilder.io/builder/elements/woocommerce/products/,corpus/bricks-academy/builder/elements/woocommerce/products.md,builder,builder/elements,element,0,0,ok,
new:builder/elements/woocommerce/template-hook,WooCommerce Template Hook,https://academy.bricksbuilder.io/builder/elements/woocommerce/template-hook/,corpus/bricks-academy/builder/elements/woocommerce/template-hook.md,builder,builder/elements,element,0,0,ok,
new:builder/elements/wordpress/nav-menu,Nav menu,https://academy.bricksbuilder.io/builder/elements/wordpress/nav-menu/,corpus/bricks-academy/builder/elements/wordpress/nav-menu.md,builder,builder/elements,element,0,0,ok,
new:builder/elements/wordpress/pagination,Pagination,https://academy.bricksbuilder.io/builder/elements/wordpress/pagination/,corpus/bricks-academy/builder/elements/wordpress/pagination.md,builder,builder/elements,element,0,0,ok,
new:builder/elements/wordpress/posts,Posts,https://academy.bricksbuilder.io/builder/elements/wordpress/posts/,corpus/bricks-academy/builder/elements/wordpress/posts.md,builder,builder/elements,element,0,0,ok,
new:builder/elements/wordpress/search,Search,https://academy.bricksbuilder.io/builder/elements/wordpress/search/,corpus/bricks-academy/builder/elements/wordpress/search.md,builder,builder/elements,element,0,0,ok,
new:builder/elements/wordpress/shortcode,Shortcode,https://academy.bricksbuilder.io/builder/elements/wordpress/shortcode/,corpus/bricks-academy/builder/elements/wordpress/shortcode.md,builder,builder/elements,element,0,0,ok,
new:builder/elements/wordpress/sidebar,Sidebar,https://academy.bricksbuilder.io/builder/elements/wordpress/sidebar/,corpus/bricks-academy/builder/elements/wordpress/sidebar.md,builder,builder/elements,element,0,0,ok,
new:builder/elements/wordpress/wordpress,WordPress,https://academy.bricksbuilder.io/builder/elements/wordpress/wordpress/,corpus/bricks-academy/builder/elements/wordpress/wordpress.md,builder,builder/elements,element,0,0,ok,
new:builder/features,Features,https://academy.bricksbuilder.io/builder/features/,corpus/bricks-academy/builder/features.md,builder,builder/features,guide,0,0,ok,
new:builder/features/accessibility,Accessibility,https://academy.bricksbuilder.io/builder/features/accessibility/,corpus/bricks-academy/builder/features/accessibility.md,builder,builder/features,guide,2,0,ok,
new:builder/features/add-custom-animation-to-interaction,How to add a custom animation in interaction,https://academy.bricksbuilder.io/builder/features/add-custom-animation-to-interaction/,corpus/bricks-academy/builder/features/add-custom-animation-to-interaction.md,builder,builder/features,guide,2,0,ok,
new:builder/features/ai-abilities-and-skills,AI Abilities and Skills,https://academy.bricksbuilder.io/builder/features/ai-abilities-and-skills/,corpus/bricks-academy/builder/features/ai-abilities-and-skills.md,builder,builder/features,guide,2,1,ok,external embeds preserved as links
new:builder/features/an-intro-to-templates,An Intro To Templates,https://academy.bricksbuilder.io/builder/features/an-intro-to-templates/,corpus/bricks-academy/builder/features/an-intro-to-templates.md,builder,builder/features,guide,3,1,ok,external embeds preserved as links
new:builder/features/builder-browser,Builder Browser,https://academy.bricksbuilder.io/builder/features/builder-browser/,corpus/bricks-academy/builder/features/builder-browser.md,builder,builder/features,guide,2,1,ok,external embeds preserved as links
new:builder/features/code-review,Code review,https://academy.bricksbuilder.io/builder/features/code-review/,corpus/bricks-academy/builder/features/code-review.md,builder,builder/features,guide,1,0,ok,
new:builder/features/code-signatures,Code signatures,https://academy.bricksbuilder.io/builder/features/code-signatures/,corpus/bricks-academy/builder/features/code-signatures.md,builder,builder/features,guide,3,0,ok,
new:builder/features/color-manager,Color Manager,https://academy.bricksbuilder.io/builder/features/color-manager/,corpus/bricks-academy/builder/features/color-manager.md,builder,builder/features,guide,4,0,ok,
new:builder/features/components,Components,https://academy.bricksbuilder.io/builder/features/components/,corpus/bricks-academy/builder/features/components.md,builder,builder/features,guide,30,1,ok,external embeds preserved as links
new:builder/features/create-template,Creating Your First Template,https://academy.bricksbuilder.io/builder/features/create-template/,corpus/bricks-academy/builder/features/create-template.md,builder,builder/features,guide,0,1,ok,external embeds preserved as links
new:builder/features/create-update-posts-on-the-frontend,Create & Update Posts on the Frontend,https://academy.bricksbuilder.io/builder/features/create-update-posts-on-the-frontend/,corpus/bricks-academy/builder/features/create-update-posts-on-the-frontend.md,builder,builder/features,guide,5,1,ok,external embeds preserved as links
new:builder/features/custom-attributes,Custom Attributes,https://academy.bricksbuilder.io/builder/features/custom-attributes/,corpus/bricks-academy/builder/features/custom-attributes.md,builder,builder/features,guide,1,0,ok,
new:builder/features/custom-authentication-pages,Custom Authentication Pages,https://academy.bricksbuilder.io/builder/features/custom-authentication-pages/,corpus/bricks-academy/builder/features/custom-authentication-pages.md,builder,builder/features,guide,1,0,ok,
new:builder/features/custom-code,Custom Code,https://academy.bricksbuilder.io/builder/features/custom-code/,corpus/bricks-academy/builder/features/custom-code.md,builder,builder/features,guide,3,2,ok,external embeds preserved as links
new:builder/features/element-conditions,Element Conditions,https://academy.bricksbuilder.io/builder/features/element-conditions/,corpus/bricks-academy/builder/features/element-conditions.md,builder,builder/features,guide,8,0,ok,
new:builder/features/global-import-export,Global Import / Export,https://academy.bricksbuilder.io/builder/features/global-import-export/,corpus/bricks-academy/builder/features/global-import-export.md,builder,builder/features,guide,4,1,ok,external embeds preserved as links
new:builder/features/html-css-to-bricks,HTML & CSS to Bricks,https://academy.bricksbuilder.io/builder/features/html-css-to-bricks/,corpus/bricks-academy/builder/features/html-css-to-bricks.md,builder,builder/features,guide,0,1,ok,external embeds preserved as links
new:builder/features/icon-manager,Icon Manager,https://academy.bricksbuilder.io/builder/features/icon-manager/,corpus/bricks-academy/builder/features/icon-manager.md,builder,builder/features,guide,1,0,ok,
new:builder/features/interactions,Interactions,https://academy.bricksbuilder.io/builder/features/interactions/,corpus/bricks-academy/builder/features/interactions.md,builder,builder/features,guide,24,0,ok,
new:builder/features/maintenance-mode,Maintenance Mode,https://academy.bricksbuilder.io/builder/features/maintenance-mode/,corpus/bricks-academy/builder/features/maintenance-mode.md,builder,builder/features,guide,1,0,ok,
new:builder/features/media-browser,Media Browser,https://academy.bricksbuilder.io/builder/features/media-browser/,corpus/bricks-academy/builder/features/media-browser.md,builder,builder/features,guide,6,0,ok,
new:builder/features/menu-builder,Menu Builder,https://academy.bricksbuilder.io/builder/features/menu-builder/,corpus/bricks-academy/builder/features/menu-builder.md,builder,builder/features,guide,13,1,ok,external embeds preserved as links
new:builder/features/nestable-slider-instance,Nestable Slider: Customization via JavaScript,https://academy.bricksbuilder.io/builder/features/nestable-slider-instance/,corpus/bricks-academy/builder/features/nestable-slider-instance.md,builder,builder/features,guide,5,0,ok,
new:builder/features/password-protection,Password Protection,https://academy.bricksbuilder.io/builder/features/password-protection/,corpus/bricks-academy/builder/features/password-protection.md,builder,builder/features,guide,9,0,ok,
new:builder/features/popup-builder,Popup Builder,https://academy.bricksbuilder.io/builder/features/popup-builder/,corpus/bricks-academy/builder/features/popup-builder.md,builder,builder/features,guide,15,0,ok,
new:builder/features/remote-components,Remote Components,https://academy.bricksbuilder.io/builder/features/remote-components/,corpus/bricks-academy/builder/features/remote-components.md,builder,builder/features,guide,4,0,ok,
new:builder/features/remote-templates,Remote Templates,https://academy.bricksbuilder.io/builder/features/remote-templates/,corpus/bricks-academy/builder/features/remote-templates.md,builder,builder/features,guide,4,0,ok,
new:builder/features/save-form-submissions,Save Form Submissions,https://academy.bricksbuilder.io/builder/features/save-form-submissions/,corpus/bricks-academy/builder/features/save-form-submissions.md,builder,builder/features,guide,6,0,ok,
new:builder/features/search-criteria,Search Criteria,https://academy.bricksbuilder.io/builder/features/search-criteria/,corpus/bricks-academy/builder/features/search-criteria.md,builder,builder/features,guide,1,0,ok,
new:builder/features/sidebars,Create Your Own Sidebars,https://academy.bricksbuilder.io/builder/features/sidebars/,corpus/bricks-academy/builder/features/sidebars.md,builder,builder/features,guide,0,0,ok,
new:builder/features/style-manager,Style Manager,https://academy.bricksbuilder.io/builder/features/style-manager/,corpus/bricks-academy/builder/features/style-manager.md,builder,builder/features,guide,8,0,ok,
new:builder/features/svg-uploads,SVG Uploads,https://academy.bricksbuilder.io/builder/features/svg-uploads/,corpus/bricks-academy/builder/features/svg-uploads.md,builder,builder/features,guide,0,0,ok,
new:builder/features/template-library,Template Library,https://academy.bricksbuilder.io/builder/features/template-library/,corpus/bricks-academy/builder/features/template-library.md,builder,builder/features,guide,2,1,ok,external embeds preserved as links
new:builder/features/template-settings,Template Settings,https://academy.bricksbuilder.io/builder/features/template-settings/,corpus/bricks-academy/builder/features/template-settings.md,builder,builder/features,guide,2,0,ok,
new:builder/features/user-activation,User activation,https://academy.bricksbuilder.io/builder/features/user-activation/,corpus/bricks-academy/builder/features/user-activation.md,builder,builder/features,guide,2,0,ok,
new:builder/features/visual-grid-builder,Visual Grid Builder,https://academy.bricksbuilder.io/builder/features/visual-grid-builder/,corpus/bricks-academy/builder/features/visual-grid-builder.md,builder,builder/features,guide,8,0,ok,
new:builder/features/wireframe-templates,Wireframe Templates,https://academy.bricksbuilder.io/builder/features/wireframe-templates/,corpus/bricks-academy/builder/features/wireframe-templates.md,builder,builder/features,guide,6,3,ok,external embeds preserved as links
new:builder/interface/builder-access,Builder Access & Capabilities,https://academy.bricksbuilder.io/builder/interface/builder-access/,corpus/bricks-academy/builder/interface/builder-access.md,builder,builder/interface,guide,6,0,ok,
new:builder/interface/builder-interface-customiser-profiles,Builder Interface Customiser and Profiles,https://academy.bricksbuilder.io/builder/interface/builder-interface-customiser-profiles/,corpus/bricks-academy/builder/interface/builder-interface-customiser-profiles.md,builder,builder/interface,guide,8,1,ok,external embeds preserved as links
new:builder/interface/builder-mode,Builder Mode (Custom),https://academy.bricksbuilder.io/builder/interface/builder-mode/,corpus/bricks-academy/builder/interface/builder-mode.md,builder,builder/interface,guide,2,0,ok,
new:builder/interface/command-palette,Command Palette,https://academy.bricksbuilder.io/builder/interface/command-palette/,corpus/bricks-academy/builder/interface/command-palette.md,builder,builder/interface,guide,5,0,ok,
new:builder/interface/context-menu,Context Menu,https://academy.bricksbuilder.io/builder/interface/context-menu/,corpus/bricks-academy/builder/interface/context-menu.md,builder,builder/interface,guide,0,1,ok,external embeds preserved as links
new:builder/interface/editing-elements,Adding & Editing Elements,https://academy.bricksbuilder.io/builder/interface/editing-elements/,corpus/bricks-academy/builder/interface/editing-elements.md,builder,builder/interface,guide,2,0,ok,
new:builder/interface/editing-with-bricks,Start Editing With Bricks,https://academy.bricksbuilder.io/builder/interface/editing-with-bricks/,corpus/bricks-academy/builder/interface/editing-with-bricks.md,builder,builder/interface,guide,4,0,ok,
new:builder/interface/keyboard-shortcuts,Keyboard Shortcuts,https://academy.bricksbuilder.io/builder/interface/keyboard-shortcuts/,corpus/bricks-academy/builder/interface/keyboard-shortcuts.md,builder,builder/interface,guide,0,0,ok,
new:builder/interface/page-settings,Page Settings,https://academy.bricksbuilder.io/builder/interface/page-settings/,corpus/bricks-academy/builder/interface/page-settings.md,builder,builder/interface,guide,3,0,ok,
new:builder/interface/responsive-editing,Responsive Editing,https://academy.bricksbuilder.io/builder/interface/responsive-editing/,corpus/bricks-academy/builder/interface/responsive-editing.md,builder,builder/interface,guide,12,0,ok,
new:builder/interface/revisions,Revisions,https://academy.bricksbuilder.io/builder/interface/revisions/,corpus/bricks-academy/builder/interface/revisions.md,builder,builder/interface,guide,1,0,ok,
new:builder/interface/save-publish,Save & Publish,https://academy.bricksbuilder.io/builder/interface/save-publish/,corpus/bricks-academy/builder/interface/save-publish.md,builder,builder/interface,guide,0,0,ok,
new:builder/license/license-and-updates,"License, updates, and your account",https://academy.bricksbuilder.io/builder/license/license-and-updates/,corpus/bricks-academy/builder/license/license-and-updates.md,builder,builder/license,guide,1,0,ok,
new:builder/license/restrict-license-key-usage,Restrict License Key Usage,https://academy.bricksbuilder.io/builder/license/restrict-license-key-usage/,corpus/bricks-academy/builder/license/restrict-license-key-usage.md,builder,builder/license,guide,2,0,ok,
new:builder/setup/known-issues,Known issues,https://academy.bricksbuilder.io/builder/setup/known-issues/,corpus/bricks-academy/builder/setup/known-issues.md,builder,builder/setup,guide,14,0,ok,
new:builder/setup/requirements,Requirements,https://academy.bricksbuilder.io/builder/setup/requirements/,corpus/bricks-academy/builder/setup/requirements.md,builder,builder/setup,guide,0,0,ok,
new:builder/setup/settings,Bricks Settings,https://academy.bricksbuilder.io/builder/setup/settings/,corpus/bricks-academy/builder/setup/settings.md,builder,builder/setup,guide,1,0,ok,
new:builder/setup/troubleshooting,Troubleshooting a Bricks Website,https://academy.bricksbuilder.io/builder/setup/troubleshooting/,corpus/bricks-academy/builder/setup/troubleshooting.md,builder,builder/setup,guide,1,0,ok,
new:builder/styling/adobe-fonts,Integration: Adobe Fonts,https://academy.bricksbuilder.io/builder/styling/adobe-fonts/,corpus/bricks-academy/builder/styling/adobe-fonts.md,builder,builder/styling,guide,5,0,ok,
new:builder/styling/cascade-layer,Cascade layer,https://academy.bricksbuilder.io/builder/styling/cascade-layer/,corpus/bricks-academy/builder/styling/cascade-layer.md,builder,builder/styling,guide,0,1,ok,external embeds preserved as links
new:builder/styling/contextual-spacing,Contextual Spacing,https://academy.bricksbuilder.io/builder/styling/contextual-spacing/,corpus/bricks-academy/builder/styling/contextual-spacing.md,builder,builder/styling,guide,9,0,ok,
new:builder/styling/css-grid-layout,CSS Grid Layout,https://academy.bricksbuilder.io/builder/styling/css-grid-layout/,corpus/bricks-academy/builder/styling/css-grid-layout.md,builder,builder/styling,guide,4,0,ok,
new:builder/styling/custom-fonts,Custom Fonts,https://academy.bricksbuilder.io/builder/styling/custom-fonts/,corpus/bricks-academy/builder/styling/custom-fonts.md,builder,builder/styling,guide,3,1,ok,external embeds preserved as links
new:builder/styling/fluid-typography,Fluid Typography,https://academy.bricksbuilder.io/builder/styling/fluid-typography/,corpus/bricks-academy/builder/styling/fluid-typography.md,builder,builder/styling,guide,3,0,ok,
new:builder/styling/font-manager,Font Manager,https://academy.bricksbuilder.io/builder/styling/font-manager/,corpus/bricks-academy/builder/styling/font-manager.md,builder,builder/styling,guide,3,0,ok,
new:builder/styling/global-class-import-manager,Global class import manager,https://academy.bricksbuilder.io/builder/styling/global-class-import-manager/,corpus/bricks-academy/builder/styling/global-class-import-manager.md,builder,builder/styling,guide,3,0,ok,
new:builder/styling/global-class-manager,Global Class Manager,https://academy.bricksbuilder.io/builder/styling/global-class-manager/,corpus/bricks-academy/builder/styling/global-class-manager.md,builder,builder/styling,guide,8,0,ok,
new:builder/styling/global-css-classes,Global CSS Classes,https://academy.bricksbuilder.io/builder/styling/global-css-classes/,corpus/bricks-academy/builder/styling/global-css-classes.md,builder,builder/styling,guide,1,1,ok,external embeds preserved as links
new:builder/styling/global-variables-manager,Global Variables Manager,https://academy.bricksbuilder.io/builder/styling/global-variables-manager/,corpus/bricks-academy/builder/styling/global-variables-manager.md,builder,builder/styling,guide,9,0,ok,
new:builder/styling/gradients-overlays,Gradients & Overlays,https://academy.bricksbuilder.io/builder/styling/gradients-overlays/,corpus/bricks-academy/builder/styling/gradients-overlays.md,builder,builder/styling,guide,0,1,ok,external embeds preserved as links
new:builder/styling/hover-styles,Hover Styles,https://academy.bricksbuilder.io/builder/styling/hover-styles/,corpus/bricks-academy/builder/styling/hover-styles.md,builder,builder/styling,guide,0,0,ok,
new:builder/styling/layout,Understanding The Layout,https://academy.bricksbuilder.io/builder/styling/layout/,corpus/bricks-academy/builder/styling/layout.md,builder,builder/styling,guide,11,0,ok,
new:builder/styling/masonry-layout,Masonry Layout,https://academy.bricksbuilder.io/builder/styling/masonry-layout/,corpus/bricks-academy/builder/styling/masonry-layout.md,builder,builder/styling,guide,4,0,ok,
new:builder/styling/pseudo-classes,Styling Element States & Parts,https://academy.bricksbuilder.io/builder/styling/pseudo-classes/,corpus/bricks-academy/builder/styling/pseudo-classes.md,builder,builder/styling,guide,8,1,ok,external embeds preserved as links
new:builder/styling/scroll-snap,Scroll Snap,https://academy.bricksbuilder.io/builder/styling/scroll-snap/,corpus/bricks-academy/builder/styling/scroll-snap.md,builder,builder/styling,guide,0,1,ok,external embeds preserved as links
new:builder/styling/shape-dividers,Shape Dividers,https://academy.bricksbuilder.io/builder/styling/shape-dividers/,corpus/bricks-academy/builder/styling/shape-dividers.md,builder,builder/styling,guide,0,1,ok,external embeds preserved as links
new:builder/styling/theme-styles,Theme Styles,https://academy.bricksbuilder.io/builder/styling/theme-styles/,corpus/bricks-academy/builder/styling/theme-styles.md,builder,builder/styling,guide,1,1,ok,external embeds preserved as links
new:builder/templates,Templates,https://academy.bricksbuilder.io/builder/templates/,corpus/bricks-academy/builder/templates.md,builder,builder/templates,guide,0,0,ok,
new:developer,Developer,https://academy.bricksbuilder.io/developer/,corpus/bricks-academy/developer.md,developer,developer,guide,0,0,ok,
new:developer/controls,Controls,https://academy.bricksbuilder.io/developer/controls/,corpus/bricks-academy/developer/controls.md,developer,developer/controls,guide,0,0,ok,
new:developer/controls/align-items-control,Align Items Control (Flexbox),https://academy.bricksbuilder.io/developer/controls/align-items-control/,corpus/bricks-academy/developer/controls/align-items-control.md,developer,developer/controls,control,0,0,ok,
new:developer/controls/apply-control,Apply Control,https://academy.bricksbuilder.io/developer/controls/apply-control/,corpus/bricks-academy/developer/controls/apply-control.md,developer,developer/controls,control,0,0,ok,
new:developer/controls/audio-control,Audio Control,https://academy.bricksbuilder.io/developer/controls/audio-control/,corpus/bricks-academy/developer/controls/audio-control.md,developer,developer/controls,control,0,0,ok,
new:developer/controls/background-control,Background Control,https://academy.bricksbuilder.io/developer/controls/background-control/,corpus/bricks-academy/developer/controls/background-control.md,developer,developer/controls,control,0,0,ok,
new:developer/controls/border-control,Border Control,https://academy.bricksbuilder.io/developer/controls/border-control/,corpus/bricks-academy/developer/controls/border-control.md,developer,developer/controls,control,0,0,ok,
new:developer/controls/box-shadow-control,Box Shadow Control,https://academy.bricksbuilder.io/developer/controls/box-shadow-control/,corpus/bricks-academy/developer/controls/box-shadow-control.md,developer,developer/controls,control,0,0,ok,
new:developer/controls/checkbox-control,Checkbox Control,https://academy.bricksbuilder.io/developer/controls/checkbox-control/,corpus/bricks-academy/developer/controls/checkbox-control.md,developer,developer/controls,control,0,0,ok,
new:developer/controls/code-control,Code Control,https://academy.bricksbuilder.io/developer/controls/code-control/,corpus/bricks-academy/developer/controls/code-control.md,developer,developer/controls,control,0,0,ok,
new:developer/controls/color-control,Color Control,https://academy.bricksbuilder.io/developer/controls/color-control/,corpus/bricks-academy/developer/controls/color-control.md,developer,developer/controls,control,0,0,ok,
new:developer/controls/datepicker-control,Datepicker Control,https://academy.bricksbuilder.io/developer/controls/datepicker-control/,corpus/bricks-academy/developer/controls/datepicker-control.md,developer,developer/controls,control,0,0,ok,
new:developer/controls/dimensions-control,Dimensions Control,https://academy.bricksbuilder.io/developer/controls/dimensions-control/,corpus/bricks-academy/developer/controls/dimensions-control.md,developer,developer/controls,control,0,0,ok,
new:developer/controls/direction-control,Direction Control (Flexbox),https://academy.bricksbuilder.io/developer/controls/direction-control/,corpus/bricks-academy/developer/controls/direction-control.md,developer,developer/controls,control,0,0,ok,
new:developer/controls/editor-control,Editor Control,https://academy.bricksbuilder.io/developer/controls/editor-control/,corpus/bricks-academy/developer/controls/editor-control.md,developer,developer/controls,control,0,0,ok,
new:developer/controls/element-controls,Element Controls,https://academy.bricksbuilder.io/developer/controls/element-controls/,corpus/bricks-academy/developer/controls/element-controls.md,developer,developer/controls,control,0,0,ok,
new:developer/controls/filters-control,Filters Control,https://academy.bricksbuilder.io/developer/controls/filters-control/,corpus/bricks-academy/developer/controls/filters-control.md,developer,developer/controls,control,0,0,ok,
new:developer/controls/gradient-control,Gradient Control,https://academy.bricksbuilder.io/developer/controls/gradient-control/,corpus/bricks-academy/developer/controls/gradient-control.md,developer,developer/controls,control,0,0,ok,
new:developer/controls/icon-control,Icon Control,https://academy.bricksbuilder.io/developer/controls/icon-control/,corpus/bricks-academy/developer/controls/icon-control.md,developer,developer/controls,control,0,0,ok,
new:developer/controls/image-control,Image Control,https://academy.bricksbuilder.io/developer/controls/image-control/,corpus/bricks-academy/developer/controls/image-control.md,developer,developer/controls,control,0,0,ok,
new:developer/controls/image-gallery-control,Image Gallery Control,https://academy.bricksbuilder.io/developer/controls/image-gallery-control/,corpus/bricks-academy/developer/controls/image-gallery-control.md,developer,developer/controls,control,0,0,ok,
new:developer/controls/info-control,Info Control,https://academy.bricksbuilder.io/developer/controls/info-control/,corpus/bricks-academy/developer/controls/info-control.md,developer,developer/controls,control,0,0,ok,
new:developer/controls/justify-content-control,Justify Content Control (Flexbox),https://academy.bricksbuilder.io/developer/controls/justify-content-control/,corpus/bricks-academy/developer/controls/justify-content-control.md,developer,developer/controls,control,0,0,ok,
new:developer/controls/link-control,Link Control,https://academy.bricksbuilder.io/developer/controls/link-control/,corpus/bricks-academy/developer/controls/link-control.md,developer,developer/controls,control,0,0,ok,
new:developer/controls/number-control,Number Control,https://academy.bricksbuilder.io/developer/controls/number-control/,corpus/bricks-academy/developer/controls/number-control.md,developer,developer/controls,control,0,0,ok,
new:developer/controls/query-control,Query Control,https://academy.bricksbuilder.io/developer/controls/query-control/,corpus/bricks-academy/developer/controls/query-control.md,developer,developer/controls,control,0,0,ok,
new:developer/controls/repeater-control,Repeater Control,https://academy.bricksbuilder.io/developer/controls/repeater-control/,corpus/bricks-academy/developer/controls/repeater-control.md,developer,developer/controls,control,0,0,ok,
new:developer/controls/select-control,Select Control,https://academy.bricksbuilder.io/developer/controls/select-control/,corpus/bricks-academy/developer/controls/select-control.md,developer,developer/controls,control,0,0,ok,
new:developer/controls/slider-control,Slider Control,https://academy.bricksbuilder.io/developer/controls/slider-control/,corpus/bricks-academy/developer/controls/slider-control.md,developer,developer/controls,control,0,0,ok,
new:developer/controls/svg-control,SVG Control,https://academy.bricksbuilder.io/developer/controls/svg-control/,corpus/bricks-academy/developer/controls/svg-control.md,developer,developer/controls,control,0,0,ok,
new:developer/controls/text-align-control,Text Align Control,https://academy.bricksbuilder.io/developer/controls/text-align-control/,corpus/bricks-academy/developer/controls/text-align-control.md,developer,developer/controls,control,0,0,ok,
new:developer/controls/text-control,Text Control,https://academy.bricksbuilder.io/developer/controls/text-control/,corpus/bricks-academy/developer/controls/text-control.md,developer,developer/controls,control,0,0,ok,
new:developer/controls/text-decoration-control,Text Decoration Control,https://academy.bricksbuilder.io/developer/controls/text-decoration-control/,corpus/bricks-academy/developer/controls/text-decoration-control.md,developer,developer/controls,control,0,0,ok,
new:developer/controls/text-shadow-control,Text Shadow Control,https://academy.bricksbuilder.io/developer/controls/text-shadow-control/,corpus/bricks-academy/developer/controls/text-shadow-control.md,developer,developer/controls,control,0,0,ok,
new:developer/controls/text-transform-control,Text Transform Control,https://academy.bricksbuilder.io/developer/controls/text-transform-control/,corpus/bricks-academy/developer/controls/text-transform-control.md,developer,developer/controls,control,0,0,ok,
new:developer/controls/textarea-control,Textarea Control,https://academy.bricksbuilder.io/developer/controls/textarea-control/,corpus/bricks-academy/developer/controls/textarea-control.md,developer,developer/controls,control,0,0,ok,
new:developer/controls/typography-control,Typography Control,https://academy.bricksbuilder.io/developer/controls/typography-control/,corpus/bricks-academy/developer/controls/typography-control.md,developer,developer/controls,control,0,0,ok,
new:developer/dynamic-data/create-your-own-dynamic-data-tag,Create Your Own Dynamic Data Tag,https://academy.bricksbuilder.io/developer/dynamic-data/create-your-own-dynamic-data-tag/,corpus/bricks-academy/developer/dynamic-data/create-your-own-dynamic-data-tag.md,developer,developer/dynamic-data,guide,1,0,ok,
new:developer/elements/create-your-own-elements,Create Your Own Elements,https://academy.bricksbuilder.io/developer/elements/create-your-own-elements/,corpus/bricks-academy/developer/elements/create-your-own-elements.md,developer,developer/elements,guide,0,0,ok,
new:developer/elements/nestable-elements,Nestable Elements (API),https://academy.bricksbuilder.io/developer/elements/nestable-elements/,corpus/bricks-academy/developer/elements/nestable-elements.md,developer,developer/elements,guide,1,0,ok,
new:developer/functions/function-bricks_render_dynamic_data,Function: bricks_render_dynamic_data,https://academy.bricksbuilder.io/developer/functions/function-bricks_render_dynamic_data/,corpus/bricks-academy/developer/functions/function-bricks_render_dynamic_data.md,developer,developer/functions,guide,0,0,ok,
new:developer/guides/asset-loading,Asset Loading Optimization,https://academy.bricksbuilder.io/developer/guides/asset-loading/,corpus/bricks-academy/developer/guides/asset-loading.md,developer,developer/guides,guide,1,1,ok,external embeds preserved as links
new:developer/guides/best-practices,Best Practices,https://academy.bricksbuilder.io/developer/guides/best-practices/,corpus/bricks-academy/developer/guides/best-practices.md,developer,developer/guides,guide,0,0,ok,
new:developer/guides/bricks-cli,Bricks CLI,https://academy.bricksbuilder.io/developer/guides/bricks-cli/,corpus/bricks-academy/developer/guides/bricks-cli.md,developer,developer/guides,guide,0,0,ok,
new:developer/guides/bricks-css-compatibility-guidelines,Bricks CSS: Compatibility guidelines,https://academy.bricksbuilder.io/developer/guides/bricks-css-compatibility-guidelines/,corpus/bricks-academy/developer/guides/bricks-css-compatibility-guidelines.md,developer,developer/guides,guide,1,0,ok,
new:developer/guides/child-theme,Child Theme,https://academy.bricksbuilder.io/developer/guides/child-theme/,corpus/bricks-academy/developer/guides/child-theme.md,developer,developer/guides,guide,0,0,ok,
new:developer/guides/converter,Converter,https://academy.bricksbuilder.io/developer/guides/converter/,corpus/bricks-academy/developer/guides/converter.md,developer,developer/guides,guide,1,0,ok,
new:developer/guides/custom-javascript-events-in-bricks,Custom JavaScript events in Bricks,https://academy.bricksbuilder.io/developer/guides/custom-javascript-events-in-bricks/,corpus/bricks-academy/developer/guides/custom-javascript-events-in-bricks.md,developer,developer/guides,guide,0,0,ok,
new:developer/hooks,Hooks,https://academy.bricksbuilder.io/developer/hooks/,corpus/bricks-academy/developer/hooks.md,developer,developer/hooks,guide,0,0,ok,
new:developer/hooks/actions,Action Hooks,https://academy.bricksbuilder.io/developer/hooks/actions/,corpus/bricks-academy/developer/hooks/actions.md,developer,developer/hooks,hook,0,0,ok,
new:developer/hooks/actions/action-bricks-generate_css_file,Action: bricks/generate_css_file,https://academy.bricksbuilder.io/developer/hooks/actions/action-bricks-generate_css_file/,corpus/bricks-academy/developer/hooks/actions/action-bricks-generate_css_file.md,developer,developer/hooks,hook,0,0,ok,
new:developer/hooks/actions/action-bricks-query-after_loop,Action: bricks/query/after_loop,https://academy.bricksbuilder.io/developer/hooks/actions/action-bricks-query-after_loop/,corpus/bricks-academy/developer/hooks/actions/action-bricks-query-after_loop.md,developer,developer/hooks,hook,0,0,ok,
new:developer/hooks/actions/action-bricks-query-before_loop,Action: bricks/query/before_loop,https://academy.bricksbuilder.io/developer/hooks/actions/action-bricks-query-before_loop/,corpus/bricks-academy/developer/hooks/actions/action-bricks-query-before_loop.md,developer,developer/hooks,hook,0,0,ok,
new:developer/hooks/actions/bricks-after_footer,Action: bricks_after_footer,https://academy.bricksbuilder.io/developer/hooks/actions/bricks-after_footer/,corpus/bricks-academy/developer/hooks/actions/bricks-after_footer.md,developer,developer/hooks,hook,0,0,ok,
new:developer/hooks/actions/bricks-after_header,Action: bricks_after_header,https://academy.bricksbuilder.io/developer/hooks/actions/bricks-after_header/,corpus/bricks-academy/developer/hooks/actions/bricks-after_header.md,developer,developer/hooks,hook,0,0,ok,
new:developer/hooks/actions/bricks-after_site_wrapper,Action: bricks_after_site_wrapper,https://academy.bricksbuilder.io/developer/hooks/actions/bricks-after_site_wrapper/,corpus/bricks-academy/developer/hooks/actions/bricks-after_site_wrapper.md,developer,developer/hooks,hook,0,0,ok,
new:developer/hooks/actions/bricks-archive_product-after,Action: bricks/archive_product/after,https://academy.bricksbuilder.io/developer/hooks/actions/bricks-archive_product-after/,corpus/bricks-academy/developer/hooks/actions/bricks-archive_product-after.md,developer,developer/hooks,hook,0,0,ok,
new:developer/hooks/actions/bricks-archive_product-before,Action: bricks/archive_product/before,https://academy.bricksbuilder.io/developer/hooks/actions/bricks-archive_product-before/,corpus/bricks-academy/developer/hooks/actions/bricks-archive_product-before.md,developer,developer/hooks,hook,0,0,ok,
new:developer/hooks/actions/bricks-before_footer,Action: bricks_before_footer,https://academy.bricksbuilder.io/developer/hooks/actions/bricks-before_footer/,corpus/bricks-academy/developer/hooks/actions/bricks-before_footer.md,developer,developer/hooks,hook,0,0,ok,
new:developer/hooks/actions/bricks-before_header,Action: bricks_before_header,https://academy.bricksbuilder.io/developer/hooks/actions/bricks-before_header/,corpus/bricks-academy/developer/hooks/actions/bricks-before_header.md,developer,developer/hooks,hook,0,0,ok,
new:developer/hooks/actions/bricks-before_site_wrapper,Action: bricks_before_site_wrapper,https://academy.bricksbuilder.io/developer/hooks/actions/bricks-before_site_wrapper/,corpus/bricks-academy/developer/hooks/actions/bricks-before_site_wrapper.md,developer,developer/hooks,hook,0,0,ok,
new:developer/hooks/actions/bricks-body,Action: bricks_body,https://academy.bricksbuilder.io/developer/hooks/actions/bricks-body/,corpus/bricks-academy/developer/hooks/actions/bricks-body.md,developer,developer/hooks,hook,0,0,ok,
new:developer/hooks/actions/bricks-builder-switch_locale,Action: bricks/builder/switch_locale,https://academy.bricksbuilder.io/developer/hooks/actions/bricks-builder-switch_locale/,corpus/bricks-academy/developer/hooks/actions/bricks-builder-switch_locale.md,developer,developer/hooks,hook,0,0,ok,
new:developer/hooks/actions/bricks-database-get_all_templates_by_type-after_query,Action: bricks/database/get_all_templates_by_type/after_query,https://academy.bricksbuilder.io/developer/hooks/actions/bricks-database-get_all_templates_by_type-after_query/,corpus/bricks-academy/developer/hooks/actions/bricks-database-get_all_templates_by_type-after_query.md,developer,developer/hooks,hook,0,0,ok,
new:developer/hooks/actions/bricks-dynamic_data-after_do_action,Action: bricks/dynamic_data/after_do_action,https://academy.bricksbuilder.io/developer/hooks/actions/bricks-dynamic_data-after_do_action/,corpus/bricks-academy/developer/hooks/actions/bricks-dynamic_data-after_do_action.md,developer,developer/hooks,hook,0,0,ok,
new:developer/hooks/actions/bricks-dynamic_data-before_do_action,Action: bricks/dynamic_data/before_do_action,https://academy.bricksbuilder.io/developer/hooks/actions/bricks-dynamic_data-before_do_action/,corpus/bricks-academy/developer/hooks/actions/bricks-dynamic_data-before_do_action.md,developer,developer/hooks,hook,0,0,ok,
new:developer/hooks/actions/bricks-dynamic_data-tag_value_parsed,Action: bricks/dynamic_data/tag_value_parsed,https://academy.bricksbuilder.io/developer/hooks/actions/bricks-dynamic_data-tag_value_parsed/,corpus/bricks-academy/developer/hooks/actions/bricks-dynamic_data-tag_value_parsed.md,developer,developer/hooks,hook,0,0,ok,
new:developer/hooks/actions/bricks-dynamic_data-tags_registered,Action: bricks/dynamic_data/tags_registered,https://academy.bricksbuilder.io/developer/hooks/actions/bricks-dynamic_data-tags_registered/,corpus/bricks-academy/developer/hooks/actions/bricks-dynamic_data-tags_registered.md,developer,developer/hooks,hook,0,0,ok,
new:developer/hooks/actions/bricks-execute_filter_index_job,Action: bricks_execute_filter_index_job,https://academy.bricksbuilder.io/developer/hooks/actions/bricks-execute_filter_index_job/,corpus/bricks-academy/developer/hooks/actions/bricks-execute_filter_index_job.md,developer,developer/hooks,hook,0,0,ok,
new:developer/hooks/actions/bricks-filter_element-before_set_data_source_from_custom_field,Action: bricks/filter_element/before_set_data_source_from_custom_field,https://academy.bricksbuilder.io/developer/hooks/actions/bricks-filter_element-before_set_data_source_from_custom_field/,corpus/bricks-academy/developer/hooks/actions/bricks-filter_element-before_set_data_source_from_custom_field.md,developer,developer/hooks,hook,0,0,ok,
new:developer/hooks/actions/bricks-form-custom_action,Action: bricks/form/custom_action,https://academy.bricksbuilder.io/developer/hooks/actions/bricks-form-custom_action/,corpus/bricks-academy/developer/hooks/actions/bricks-form-custom_action.md,developer,developer/hooks,hook,0,0,ok,
new:developer/hooks/actions/bricks-frontend-after_render_data,Action: bricks/frontend/after_render_data,https://academy.bricksbuilder.io/developer/hooks/actions/bricks-frontend-after_render_data/,corpus/bricks-academy/developer/hooks/actions/bricks-frontend-after_render_data.md,developer,developer/hooks,hook,0,0,ok,
new:developer/hooks/actions/bricks-frontend-before_render_data,Action: bricks/frontend/before_render_data,https://academy.bricksbuilder.io/developer/hooks/actions/bricks-frontend-before_render_data/,corpus/bricks-academy/developer/hooks/actions/bricks-frontend-before_render_data.md,developer,developer/hooks,hook,0,0,ok,
new:developer/hooks/actions/bricks-get_templates-query_after,Action: bricks/get_templates/query_after,https://academy.bricksbuilder.io/developer/hooks/actions/bricks-get_templates-query_after/,corpus/bricks-academy/developer/hooks/actions/bricks-get_templates-query_after.md,developer,developer/hooks,hook,0,0,ok,
new:developer/hooks/actions/bricks-indexer,Action: bricks_indexer,https://academy.bricksbuilder.io/developer/hooks/actions/bricks-indexer/,corpus/bricks-academy/developer/hooks/actions/bricks-indexer.md,developer,developer/hooks,hook,0,0,ok,
new:developer/hooks/actions/bricks-load_elements-after,Action: bricks/load_elements/after,https://academy.bricksbuilder.io/developer/hooks/actions/bricks-load_elements-after/,corpus/bricks-academy/developer/hooks/actions/bricks-load_elements-after.md,developer,developer/hooks,hook,0,0,ok,
new:developer/hooks/actions/bricks-load_elements-before,Action: bricks/load_elements/before,https://academy.bricksbuilder.io/developer/hooks/actions/bricks-load_elements-before/,corpus/bricks-academy/developer/hooks/actions/bricks-load_elements-before.md,developer,developer/hooks,hook,0,0,ok,
new:developer/hooks/actions/bricks-meta_tags,Action: bricks_meta_tags,https://academy.bricksbuilder.io/developer/hooks/actions/bricks-meta_tags/,corpus/bricks-academy/developer/hooks/actions/bricks-meta_tags.md,developer,developer/hooks,hook,0,0,ok,
new:developer/hooks/actions/bricks-query-query_api_response,Action: bricks/query/query_api_response,https://academy.bricksbuilder.io/developer/hooks/actions/bricks-query-query_api_response/,corpus/bricks-academy/developer/hooks/actions/bricks-query-query_api_response.md,developer,developer/hooks,hook,0,0,ok,
new:developer/hooks/actions/bricks-query_filters-index_post-before,Action: bricks/query_filters/index_post/before,https://academy.bricksbuilder.io/developer/hooks/actions/bricks-query_filters-index_post-before/,corpus/bricks-academy/developer/hooks/actions/bricks-query_filters-index_post-before.md,developer,developer/hooks,hook,0,0,ok,
new:developer/hooks/actions/bricks-query_filters-index_user-before,Action: bricks/query_filters/index_user/before,https://academy.bricksbuilder.io/developer/hooks/actions/bricks-query_filters-index_user-before/,corpus/bricks-academy/developer/hooks/actions/bricks-query_filters-index_user-before.md,developer,developer/hooks,hook,0,0,ok,
new:developer/hooks/actions/bricks-render_popup_content-start,Action: bricks/render_popup_content/start,https://academy.bricksbuilder.io/developer/hooks/actions/bricks-render_popup_content-start/,corpus/bricks-academy/developer/hooks/actions/bricks-render_popup_content-start.md,developer,developer/hooks,hook,0,0,ok,
new:developer/hooks/actions/bricks-render_query_page-start,Action: bricks/render_query_page/start,https://academy.bricksbuilder.io/developer/hooks/actions/bricks-render_query_page-start/,corpus/bricks-academy/developer/hooks/actions/bricks-render_query_page-start.md,developer,developer/hooks,hook,0,0,ok,
new:developer/hooks/actions/bricks-render_query_result-start,Action: bricks/render_query_result/start,https://academy.bricksbuilder.io/developer/hooks/actions/bricks-render_query_result-start/,corpus/bricks-academy/developer/hooks/actions/bricks-render_query_result-start.md,developer,developer/hooks,hook,0,0,ok,
new:developer/hooks/actions/bricks-sendgrid_double_opt_in_handler,Action: bricks_sendgrid_double_opt_in_handler,https://academy.bricksbuilder.io/developer/hooks/actions/bricks-sendgrid_double_opt_in_handler/,corpus/bricks-academy/developer/hooks/actions/bricks-sendgrid_double_opt_in_handler.md,developer,developer/hooks,hook,0,0,ok,
new:developer/hooks/actions/render_footer,Action: render_footer,https://academy.bricksbuilder.io/developer/hooks/actions/render_footer/,corpus/bricks-academy/developer/hooks/actions/render_footer.md,developer,developer/hooks,hook,0,0,ok,
new:developer/hooks/actions/render_header,Action: render_header,https://academy.bricksbuilder.io/developer/hooks/actions/render_header/,corpus/bricks-academy/developer/hooks/actions/render_header.md,developer,developer/hooks,hook,0,0,ok,
new:developer/hooks/filters,Filter Hooks,https://academy.bricksbuilder.io/developer/hooks/filters/,corpus/bricks-academy/developer/hooks/filters.md,developer,developer/hooks,hook,0,0,ok,
new:developer/hooks/filters/bricks-acf-filter_field_groups,Filter: bricks/acf/filter_field_groups,https://academy.bricksbuilder.io/developer/hooks/filters/bricks-acf-filter_field_groups/,corpus/bricks-academy/developer/hooks/filters/bricks-acf-filter_field_groups.md,developer,developer/hooks,hook,0,0,ok,
new:developer/hooks/filters/bricks-acf-google_map-address_parts,Filter: bricks/acf/google_map/address_parts,https://academy.bricksbuilder.io/developer/hooks/filters/bricks-acf-google_map-address_parts/,corpus/bricks-academy/developer/hooks/filters/bricks-acf-google_map-address_parts.md,developer,developer/hooks,hook,0,0,ok,
new:developer/hooks/filters/bricks-acf-google_map-show_as_address,Filter: bricks/acf/google_map/show_as_address,https://academy.bricksbuilder.io/developer/hooks/filters/bricks-acf-google_map-show_as_address/,corpus/bricks-academy/developer/hooks/filters/bricks-acf-google_map-show_as_address.md,developer,developer/hooks,hook,0,0,ok,
new:developer/hooks/filters/bricks-acf-google_map-text_output,Filter: bricks/acf/google_map/text_output,https://academy.bricksbuilder.io/developer/hooks/filters/bricks-acf-google_map-text_output/,corpus/bricks-academy/developer/hooks/filters/bricks-acf-google_map-text_output.md,developer,developer/hooks,hook,0,0,ok,
new:developer/hooks/filters/bricks-acf-taxonomy-show_as_link,Filter: bricks/acf/taxonomy/show_as_link,https://academy.bricksbuilder.io/developer/hooks/filters/bricks-acf-taxonomy-show_as_link/,corpus/bricks-academy/developer/hooks/filters/bricks-acf-taxonomy-show_as_link.md,developer,developer/hooks,hook,0,0,ok,
new:developer/hooks/filters/bricks-active_templates,Filter: bricks/active_templates,https://academy.bricksbuilder.io/developer/hooks/filters/bricks-active_templates/,corpus/bricks-academy/developer/hooks/filters/bricks-active_templates.md,developer,developer/hooks,hook,0,0,ok,
new:developer/hooks/filters/bricks-ajax-get_pages_args,Filter: bricks/ajax/get_pages_args,https://academy.bricksbuilder.io/developer/hooks/filters/bricks-ajax-get_pages_args/,corpus/bricks-academy/developer/hooks/filters/bricks-ajax-get_pages_args.md,developer,developer/hooks,hook,0,0,ok,
new:developer/hooks/filters/bricks-allowed_html_tags,Filter: bricks/allowed_html_tags,https://academy.bricksbuilder.io/developer/hooks/filters/bricks-allowed_html_tags/,corpus/bricks-academy/developer/hooks/filters/bricks-allowed_html_tags.md,developer,developer/hooks,hook,0,0,ok,
new:developer/hooks/filters/bricks-api-get_templates_data,Filter: bricks/api/get_templates_data,https://academy.bricksbuilder.io/developer/hooks/filters/bricks-api-get_templates_data/,corpus/bricks-academy/developer/hooks/filters/bricks-api-get_templates_data.md,developer,developer/hooks,hook,0,0,ok,
new:developer/hooks/filters/bricks-breadcrumbs-home_label,Filter: bricks/breadcrumbs/home_label,https://academy.bricksbuilder.io/developer/hooks/filters/bricks-breadcrumbs-home_label/,corpus/bricks-academy/developer/hooks/filters/bricks-breadcrumbs-home_label.md,developer,developer/hooks,hook,0,0,ok,
new:developer/hooks/filters/bricks-breadcrumbs-items,Filter: bricks/breadcrumbs/items,https://academy.bricksbuilder.io/developer/hooks/filters/bricks-breadcrumbs-items/,corpus/bricks-academy/developer/hooks/filters/bricks-breadcrumbs-items.md,developer,developer/hooks,hook,0,0,ok,
new:developer/hooks/filters/bricks-breadcrumbs-separator,Filter: bricks/breadcrumbs/separator,https://academy.bricksbuilder.io/developer/hooks/filters/bricks-breadcrumbs-separator/,corpus/bricks-academy/developer/hooks/filters/bricks-breadcrumbs-separator.md,developer,developer/hooks,hook,0,0,ok,
new:developer/hooks/filters/bricks-builder-current_page_type,Filter: bricks/builder/current_page_type,https://academy.bricksbuilder.io/developer/hooks/filters/bricks-builder-current_page_type/,corpus/bricks-academy/developer/hooks/filters/bricks-builder-current_page_type.md,developer,developer/hooks,hook,0,0,ok,
new:developer/hooks/filters/bricks-builder-data_post_id,Filter: bricks/builder/data_post_id,https://academy.bricksbuilder.io/developer/hooks/filters/bricks-builder-data_post_id/,corpus/bricks-academy/developer/hooks/filters/bricks-builder-data_post_id.md,developer,developer/hooks,hook,0,0,ok,
new:developer/hooks/filters/bricks-builder-dynamic_wrapper,Filter: bricks/builder/dynamic_wrapper,https://academy.bricksbuilder.io/developer/hooks/filters/bricks-builder-dynamic_wrapper/,corpus/bricks-academy/developer/hooks/filters/bricks-builder-dynamic_wrapper.md,developer,developer/hooks,hook,0,0,ok,
new:developer/hooks/filters/bricks-builder-first_element_category,Filter: bricks/builder/first_element_category,https://academy.bricksbuilder.io/developer/hooks/filters/bricks-builder-first_element_category/,corpus/bricks-academy/developer/hooks/filters/bricks-builder-first_element_category.md,developer,developer/hooks,hook,0,0,ok,
new:developer/hooks/filters/bricks-builder-post_title,Filter: bricks/builder/post_title,https://academy.bricksbuilder.io/developer/hooks/filters/bricks-builder-post_title/,corpus/bricks-academy/developer/hooks/filters/bricks-builder-post_title.md,developer,developer/hooks,hook,0,0,ok,
new:developer/hooks/filters/bricks-builder-state_group_definitions,Filter: bricks/builder/state_group_definitions,https://academy.bricksbuilder.io/developer/hooks/filters/bricks-builder-state_group_definitions/,corpus/bricks-academy/developer/hooks/filters/bricks-builder-state_group_definitions.md,developer,developer/hooks,hook,0,0,ok,
new:developer/hooks/filters/bricks-builder-supported_post_types,Filter: bricks/builder/supported_post_types,https://academy.bricksbuilder.io/developer/hooks/filters/bricks-builder-supported_post_types/,corpus/bricks-academy/developer/hooks/filters/bricks-builder-supported_post_types.md,developer,developer/hooks,hook,0,0,ok,
new:developer/hooks/filters/bricks-builder-term_name,Filter: bricks/builder/term_name,https://academy.bricksbuilder.io/developer/hooks/filters/bricks-builder-term_name/,corpus/bricks-academy/developer/hooks/filters/bricks-builder-term_name.md,developer,developer/hooks,hook,0,0,ok,
new:developer/hooks/filters/bricks-cmb2-checkbox_value,Filter: bricks/cmb2/checkbox_value,https://academy.bricksbuilder.io/developer/hooks/filters/bricks-cmb2-checkbox_value/,corpus/bricks-academy/developer/hooks/filters/bricks-cmb2-checkbox_value.md,developer,developer/hooks,hook,0,0,ok,
new:developer/hooks/filters/bricks-code-echo_everywhere,Filter: bricks/code/echo_everywhere,https://academy.bricksbuilder.io/developer/hooks/filters/bricks-code-echo_everywhere/,corpus/bricks-academy/developer/hooks/filters/bricks-code-echo_everywhere.md,developer,developer/hooks,hook,0,0,ok,
new:developer/hooks/filters/bricks-combined_search-post_ids,Filter: bricks/combined_search/post_ids,https://academy.bricksbuilder.io/developer/hooks/filters/bricks-combined_search-post_ids/,corpus/bricks-academy/developer/hooks/filters/bricks-combined_search-post_ids.md,developer,developer/hooks,hook,0,0,ok,
new:developer/hooks/filters/bricks-combined_search-term_ids,Filter: bricks/combined_search/term_ids,https://academy.bricksbuilder.io/developer/hooks/filters/bricks-combined_search-term_ids/,corpus/bricks-academy/developer/hooks/filters/bricks-combined_search-term_ids.md,developer,developer/hooks,hook,0,0,ok,
new:developer/hooks/filters/bricks-combined_search-user_ids,Filter: bricks/combined_search/user_ids,https://academy.bricksbuilder.io/developer/hooks/filters/bricks-combined_search-user_ids/,corpus/bricks-academy/developer/hooks/filters/bricks-combined_search-user_ids.md,developer,developer/hooks,hook,0,0,ok,
new:developer/hooks/filters/bricks-comments-author_tag,Filter: bricks/comments/author_tag,https://academy.bricksbuilder.io/developer/hooks/filters/bricks-comments-author_tag/,corpus/bricks-academy/developer/hooks/filters/bricks-comments-author_tag.md,developer,developer/hooks,hook,0,0,ok,
new:developer/hooks/filters/bricks-conditions-groups,Filter: bricks/conditions/groups,https://academy.bricksbuilder.io/developer/hooks/filters/bricks-conditions-groups/,corpus/bricks-academy/developer/hooks/filters/bricks-conditions-groups.md,developer,developer/hooks,hook,0,0,ok,
new:developer/hooks/filters/bricks-conditions-options,Filter: bricks/conditions/options,https://academy.bricksbuilder.io/developer/hooks/filters/bricks-conditions-options/,corpus/bricks-academy/developer/hooks/filters/bricks-conditions-options.md,developer,developer/hooks,hook,0,0,ok,
new:developer/hooks/filters/bricks-conditions-result,Filter: bricks/conditions/result,https://academy.bricksbuilder.io/developer/hooks/filters/bricks-conditions-result/,corpus/bricks-academy/developer/hooks/filters/bricks-conditions-result.md,developer,developer/hooks,hook,0,0,ok,
new:developer/hooks/filters/bricks-content_analysis-full_post_content_id,Filter: bricks/content_analysis/full_post_content_id,https://academy.bricksbuilder.io/developer/hooks/filters/bricks-content_analysis-full_post_content_id/,corpus/bricks-academy/developer/hooks/filters/bricks-content_analysis-full_post_content_id.md,developer,developer/hooks,hook,0,0,ok,
new:developer/hooks/filters/bricks-custom_fonts-mime_types,Filter: bricks/custom_fonts/mime_types,https://academy.bricksbuilder.io/developer/hooks/filters/bricks-custom_fonts-mime_types/,corpus/bricks-academy/developer/hooks/filters/bricks-custom_fonts-mime_types.md,developer,developer/hooks,hook,0,0,ok,
new:developer/hooks/filters/bricks-database-bricks_get_all_templates_by_type_args,Filter: bricks/database/bricks_get_all_templates_by_type_args,https://academy.bricksbuilder.io/developer/hooks/filters/bricks-database-bricks_get_all_templates_by_type_args/,corpus/bricks-academy/developer/hooks/filters/bricks-database-bricks_get_all_templates_by_type_args.md,developer,developer/hooks,hook,0,0,ok,
new:developer/hooks/filters/bricks-database-content_type,Filter: bricks/database/content_type,https://academy.bricksbuilder.io/developer/hooks/filters/bricks-database-content_type/,corpus/bricks-academy/developer/hooks/filters/bricks-database-content_type.md,developer,developer/hooks,hook,0,0,ok,
new:developer/hooks/filters/bricks-database-get_all_templates_cache_key,Filter: bricks/database/get_all_templates_cache_key,https://academy.bricksbuilder.io/developer/hooks/filters/bricks-database-get_all_templates_cache_key/,corpus/bricks-academy/developer/hooks/filters/bricks-database-get_all_templates_cache_key.md,developer,developer/hooks,hook,0,0,ok,
new:developer/hooks/filters/bricks-dynamic_data-allowed_keys,Filter: bricks/dynamic_data/allowed_keys,https://academy.bricksbuilder.io/developer/hooks/filters/bricks-dynamic_data-allowed_keys/,corpus/bricks-academy/developer/hooks/filters/bricks-dynamic_data-allowed_keys.md,developer,developer/hooks,hook,0,0,ok,
new:developer/hooks/filters/bricks-dynamic_data-author_value,Filter: bricks/dynamic_data/author_value,https://academy.bricksbuilder.io/developer/hooks/filters/bricks-dynamic_data-author_value/,corpus/bricks-academy/developer/hooks/filters/bricks-dynamic_data-author_value.md,developer,developer/hooks,hook,0,0,ok,
new:developer/hooks/filters/bricks-dynamic_data-do_action_context,Filter: bricks/dynamic_data/do_action_context,https://academy.bricksbuilder.io/developer/hooks/filters/bricks-dynamic_data-do_action_context/,corpus/bricks-academy/developer/hooks/filters/bricks-dynamic_data-do_action_context.md,developer,developer/hooks,hook,0,0,ok,
new:developer/hooks/filters/bricks-dynamic_data-format_value,Filter: bricks/dynamic_data/format_value,https://academy.bricksbuilder.io/developer/hooks/filters/bricks-dynamic_data-format_value/,corpus/bricks-academy/developer/hooks/filters/bricks-dynamic_data-format_value.md,developer,developer/hooks,hook,0,0,ok,
new:developer/hooks/filters/bricks-dynamic_data-meta_value-meta_key,Filter: bricks/dynamic_data/meta_value/{meta_key},https://academy.bricksbuilder.io/developer/hooks/filters/bricks-dynamic_data-meta_value-meta_key/,corpus/bricks-academy/developer/hooks/filters/bricks-dynamic_data-meta_value-meta_key.md,developer,developer/hooks,hook,0,0,ok,
new:developer/hooks/filters/bricks-dynamic_data-register_hook,Filter: bricks/dynamic_data/register_hook,https://academy.bricksbuilder.io/developer/hooks/filters/bricks-dynamic_data-register_hook/,corpus/bricks-academy/developer/hooks/filters/bricks-dynamic_data-register_hook.md,developer,developer/hooks,hook,0,0,ok,
new:developer/hooks/filters/bricks-dynamic_data-register_providers,Filter: bricks/dynamic_data/register_providers,https://academy.bricksbuilder.io/developer/hooks/filters/bricks-dynamic_data-register_providers/,corpus/bricks-academy/developer/hooks/filters/bricks-dynamic_data-register_providers.md,developer,developer/hooks,hook,0,0,ok,
new:developer/hooks/filters/bricks-dynamic_data-render_content,Filter: bricks/dynamic_data/render_content,https://academy.bricksbuilder.io/developer/hooks/filters/bricks-dynamic_data-render_content/,corpus/bricks-academy/developer/hooks/filters/bricks-dynamic_data-render_content.md,developer,developer/hooks,hook,0,0,ok,
new:developer/hooks/filters/bricks-dynamic_data-render_tag,Filter: bricks/dynamic_data/render_tag,https://academy.bricksbuilder.io/developer/hooks/filters/bricks-dynamic_data-render_tag/,corpus/bricks-academy/developer/hooks/filters/bricks-dynamic_data-render_tag.md,developer,developer/hooks,hook,0,0,ok,
new:developer/hooks/filters/bricks-dynamic_data-text_separator,Filter: bricks/dynamic_data/text_separator,https://academy.bricksbuilder.io/developer/hooks/filters/bricks-dynamic_data-text_separator/,corpus/bricks-academy/developer/hooks/filters/bricks-dynamic_data-text_separator.md,developer,developer/hooks,hook,0,0,ok,
new:developer/hooks/filters/bricks-dynamic_data-user_value,Filter: bricks/dynamic_data/user_value,https://academy.bricksbuilder.io/developer/hooks/filters/bricks-dynamic_data-user_value/,corpus/bricks-academy/developer/hooks/filters/bricks-dynamic_data-user_value.md,developer,developer/hooks,hook,0,0,ok,
new:developer/hooks/filters/bricks-dynamic_tags_list,Filter: bricks/dynamic_tags_list,https://academy.bricksbuilder.io/developer/hooks/filters/bricks-dynamic_tags_list/,corpus/bricks-academy/developer/hooks/filters/bricks-dynamic_tags_list.md,developer,developer/hooks,hook,0,0,ok,
new:developer/hooks/filters/bricks-element-builder_setup_query,Filter: bricks/element/builder_setup_query,https://academy.bricksbuilder.io/developer/hooks/filters/bricks-element-builder_setup_query/,corpus/bricks-academy/developer/hooks/filters/bricks-element-builder_setup_query.md,developer,developer/hooks,hook,0,0,ok,
new:developer/hooks/filters/bricks-element-form-datepicker_options,Filter: bricks/element/form/datepicker_options,https://academy.bricksbuilder.io/developer/hooks/filters/bricks-element-form-datepicker_options/,corpus/bricks-academy/developer/hooks/filters/bricks-element-form-datepicker_options.md,developer,developer/hooks,hook,0,0,ok,
new:developer/hooks/filters/bricks-element-form-honeypot-result,Filter: bricks/element/form/honeypot/result,https://academy.bricksbuilder.io/developer/hooks/filters/bricks-element-form-honeypot-result/,corpus/bricks-academy/developer/hooks/filters/bricks-element-form-honeypot-result.md,developer,developer/hooks,hook,0,0,ok,
new:developer/hooks/filters/bricks-element-maybe_set_aria_current_page,Filter: bricks/element/maybe_set_aria_current_page,https://academy.bricksbuilder.io/developer/hooks/filters/bricks-element-maybe_set_aria_current_page/,corpus/bricks-academy/developer/hooks/filters/bricks-element-maybe_set_aria_current_page.md,developer,developer/hooks,hook,0,0,ok,
new:developer/hooks/filters/bricks-elements-element_name-scripts,Filter: bricks/elements/{element_name}/scripts,https://academy.bricksbuilder.io/developer/hooks/filters/bricks-elements-element_name-scripts/,corpus/bricks-academy/developer/hooks/filters/bricks-elements-element_name-scripts.md,developer,developer/hooks,hook,0,0,ok,
new:developer/hooks/filters/bricks-elements-nav_menu-menus,Filter: bricks/elements/nav_menu/menus,https://academy.bricksbuilder.io/developer/hooks/filters/bricks-elements-nav_menu-menus/,corpus/bricks-academy/developer/hooks/filters/bricks-elements-nav_menu-menus.md,developer,developer/hooks,hook,0,0,ok,
new:developer/hooks/filters/bricks-elements-nav_menu-name,Filter: bricks/elements/nav_menu/name,https://academy.bricksbuilder.io/developer/hooks/filters/bricks-elements-nav_menu-name/,corpus/bricks-academy/developer/hooks/filters/bricks-elements-nav_menu-name.md,developer,developer/hooks,hook,0,0,ok,
new:developer/hooks/filters/bricks-export_template_args,Filter: bricks/export_template_args,https://academy.bricksbuilder.io/developer/hooks/filters/bricks-export_template_args/,corpus/bricks-academy/developer/hooks/filters/bricks-export_template_args.md,developer,developer/hooks,hook,0,0,ok,
new:developer/hooks/filters/bricks-filter-element-datepicker_options,Filter: bricks/filter-element/datepicker_options,https://academy.bricksbuilder.io/developer/hooks/filters/bricks-filter-element-datepicker_options/,corpus/bricks-academy/developer/hooks/filters/bricks-filter-element-datepicker_options.md,developer,developer/hooks,hook,0,0,ok,
new:developer/hooks/filters/bricks-filter-taxonomy_args,Filter: bricks/filter/taxonomy_args,https://academy.bricksbuilder.io/developer/hooks/filters/bricks-filter-taxonomy_args/,corpus/bricks-academy/developer/hooks/filters/bricks-filter-taxonomy_args.md,developer,developer/hooks,hook,0,0,ok,
new:developer/hooks/filters/bricks-filter_element-controls,Filter: bricks/filter_element/controls,https://academy.bricksbuilder.io/developer/hooks/filters/bricks-filter_element-controls/,corpus/bricks-academy/developer/hooks/filters/bricks-filter_element-controls.md,developer,developer/hooks,hook,0,0,ok,
new:developer/hooks/filters/bricks-filter_element-count_source-filter_source,Filter: bricks/filter_element/count_source_{filter_source},https://academy.bricksbuilder.io/developer/hooks/filters/bricks-filter_element-count_source-filter_source/,corpus/bricks-academy/developer/hooks/filters/bricks-filter_element-count_source-filter_source.md,developer,developer/hooks,hook,0,0,ok,
new:developer/hooks/filters/bricks-filter_element-count_source_wcfield,Filter: bricks/filter_element/count_source_wcField,https://academy.bricksbuilder.io/developer/hooks/filters/bricks-filter_element-count_source_wcfield/,corpus/bricks-academy/developer/hooks/filters/bricks-filter_element-count_source_wcfield.md,developer,developer/hooks,hook,0,0,ok,
new:developer/hooks/filters/bricks-filter_element-data_source-filter_source,Filter: bricks/filter_element/data_source_{filter_source},https://academy.bricksbuilder.io/developer/hooks/filters/bricks-filter_element-data_source-filter_source/,corpus/bricks-academy/developer/hooks/filters/bricks-filter_element-data_source-filter_source.md,developer,developer/hooks,hook,0,0,ok,
new:developer/hooks/filters/bricks-filter_element-data_source_wcfield,Filter: bricks/filter_element/data_source_wcField,https://academy.bricksbuilder.io/developer/hooks/filters/bricks-filter_element-data_source_wcfield/,corpus/bricks-academy/developer/hooks/filters/bricks-filter_element-data_source_wcfield.md,developer,developer/hooks,hook,0,0,ok,
new:developer/hooks/filters/bricks-filter_element-datepicker_date_format,Filter: bricks/filter_element/datepicker_date_format,https://academy.bricksbuilder.io/developer/hooks/filters/bricks-filter_element-datepicker_date_format/,corpus/bricks-academy/developer/hooks/filters/bricks-filter_element-datepicker_date_format.md,developer,developer/hooks,hook,0,0,ok,
new:developer/hooks/filters/bricks-filter_element-datepicker_db_date_format,Filter: bricks/filter_element/datepicker_db_date_format,https://academy.bricksbuilder.io/developer/hooks/filters/bricks-filter_element-datepicker_db_date_format/,corpus/bricks-academy/developer/hooks/filters/bricks-filter_element-datepicker_db_date_format.md,developer,developer/hooks,hook,0,0,ok,
new:developer/hooks/filters/bricks-filter_element-filtered_source,Filter: bricks/filter_element/filtered_source,https://academy.bricksbuilder.io/developer/hooks/filters/bricks-filter_element-filtered_source/,corpus/bricks-academy/developer/hooks/filters/bricks-filter_element-filtered_source.md,developer,developer/hooks,hook,0,0,ok,
new:developer/hooks/filters/bricks-fix_filter_element_db,Filter: bricks/fix_filter_element_db,https://academy.bricksbuilder.io/developer/hooks/filters/bricks-fix_filter_element_db/,corpus/bricks-academy/developer/hooks/filters/bricks-fix_filter_element_db.md,developer,developer/hooks,hook,0,0,ok,
new:developer/hooks/filters/bricks-form-file_directory,Filter: bricks/form/file_directory,https://academy.bricksbuilder.io/developer/hooks/filters/bricks-form-file_directory/,corpus/bricks-academy/developer/hooks/filters/bricks-form-file_directory.md,developer,developer/hooks,hook,1,0,ok,
new:developer/hooks/filters/bricks-form-recaptcha_score_threshold,Filter: bricks/form/recaptcha_score_threshold,https://academy.bricksbuilder.io/developer/hooks/filters/bricks-form-recaptcha_score_threshold/,corpus/bricks-academy/developer/hooks/filters/bricks-form-recaptcha_score_threshold.md,developer,developer/hooks,hook,0,0,ok,
new:developer/hooks/filters/bricks-form-response,Filter: bricks/form/response,https://academy.bricksbuilder.io/developer/hooks/filters/bricks-form-response/,corpus/bricks-academy/developer/hooks/filters/bricks-form-response.md,developer,developer/hooks,hook,0,0,ok,
new:developer/hooks/filters/bricks-form-save-submission-form_data,Filter: bricks/form/save-submission/form_data,https://academy.bricksbuilder.io/developer/hooks/filters/bricks-form-save-submission-form_data/,corpus/bricks-academy/developer/hooks/filters/bricks-form-save-submission-form_data.md,developer,developer/hooks,hook,0,0,ok,
new:developer/hooks/filters/bricks-form-submission-table-file_url,Filter: bricks/form/submission-table/file_url,https://academy.bricksbuilder.io/developer/hooks/filters/bricks-form-submission-table-file_url/,corpus/bricks-academy/developer/hooks/filters/bricks-form-submission-table-file_url.md,developer,developer/hooks,hook,0,0,ok,
new:developer/hooks/filters/bricks-form-tinymce_settings,Filter: bricks/form/tinymce_settings,https://academy.bricksbuilder.io/developer/hooks/filters/bricks-form-tinymce_settings/,corpus/bricks-academy/developer/hooks/filters/bricks-form-tinymce_settings.md,developer,developer/hooks,hook,0,0,ok,
new:developer/hooks/filters/bricks-form-validate,Filter: bricks/form/validate,https://academy.bricksbuilder.io/developer/hooks/filters/bricks-form-validate/,corpus/bricks-academy/developer/hooks/filters/bricks-form-validate.md,developer,developer/hooks,hook,0,0,ok,
new:developer/hooks/filters/bricks-frontend-disable_opengraph,Filter: bricks/frontend/disable_opengraph,https://academy.bricksbuilder.io/developer/hooks/filters/bricks-frontend-disable_opengraph/,corpus/bricks-academy/developer/hooks/filters/bricks-frontend-disable_opengraph.md,developer,developer/hooks,hook,0,0,ok,
new:developer/hooks/filters/bricks-frontend-disable_seo,Filter: bricks/frontend/disable_seo,https://academy.bricksbuilder.io/developer/hooks/filters/bricks-frontend-disable_seo/,corpus/bricks-academy/developer/hooks/filters/bricks-frontend-disable_seo.md,developer,developer/hooks,hook,0,0,ok,
new:developer/hooks/filters/bricks-frontend-render_loop,Filter: bricks/frontend/render_loop,https://academy.bricksbuilder.io/developer/hooks/filters/bricks-frontend-render_loop/,corpus/bricks-academy/developer/hooks/filters/bricks-frontend-render_loop.md,developer,developer/hooks,hook,0,0,ok,
new:developer/hooks/filters/bricks-get_builder_edit_link,Filter: bricks/get_builder_edit_link,https://academy.bricksbuilder.io/developer/hooks/filters/bricks-get_builder_edit_link/,corpus/bricks-academy/developer/hooks/filters/bricks-get_builder_edit_link.md,developer,developer/hooks,hook,0,0,ok,
new:developer/hooks/filters/bricks-get_remote_templates_data,Filter: bricks/get_remote_templates_data,https://academy.bricksbuilder.io/developer/hooks/filters/bricks-get_remote_templates_data/,corpus/bricks-academy/developer/hooks/filters/bricks-get_remote_templates_data.md,developer,developer/hooks,hook,0,0,ok,
new:developer/hooks/filters/bricks-get_template_authors,Filter: bricks/get_template_authors,https://academy.bricksbuilder.io/developer/hooks/filters/bricks-get_template_authors/,corpus/bricks-academy/developer/hooks/filters/bricks-get_template_authors.md,developer,developer/hooks,hook,0,0,ok,
new:developer/hooks/filters/bricks-get_template_bundles,Filter: bricks/get_template_bundles,https://academy.bricksbuilder.io/developer/hooks/filters/bricks-get_template_bundles/,corpus/bricks-academy/developer/hooks/filters/bricks-get_template_bundles.md,developer,developer/hooks,hook,0,0,ok,
new:developer/hooks/filters/bricks-get_template_tags,Filter: bricks/get_template_tags,https://academy.bricksbuilder.io/developer/hooks/filters/bricks-get_template_tags/,corpus/bricks-academy/developer/hooks/filters/bricks-get_template_tags.md,developer,developer/hooks,hook,0,0,ok,
new:developer/hooks/filters/bricks-get_templates-query_vars,Filter: bricks/get_templates/query_vars,https://academy.bricksbuilder.io/developer/hooks/filters/bricks-get_templates-query_vars/,corpus/bricks-academy/developer/hooks/filters/bricks-get_templates-query_vars.md,developer,developer/hooks,hook,0,0,ok,
new:developer/hooks/filters/bricks-get_templates,Filter: bricks/get_templates,https://academy.bricksbuilder.io/developer/hooks/filters/bricks-get_templates/,corpus/bricks-academy/developer/hooks/filters/bricks-get_templates.md,developer,developer/hooks,hook,0,0,ok,
new:developer/hooks/filters/bricks-get_templates_query-cache_key,Filter: bricks/get_templates_query/cache_key,https://academy.bricksbuilder.io/developer/hooks/filters/bricks-get_templates_query-cache_key/,corpus/bricks-academy/developer/hooks/filters/bricks-get_templates_query-cache_key.md,developer,developer/hooks,hook,0,0,ok,
new:developer/hooks/filters/bricks-get_terms_options-enable_limit,Filter: bricks/get_terms_options/enable_limit,https://academy.bricksbuilder.io/developer/hooks/filters/bricks-get_terms_options-enable_limit/,corpus/bricks-academy/developer/hooks/filters/bricks-get_terms_options-enable_limit.md,developer,developer/hooks,hook,0,0,ok,
new:developer/hooks/filters/bricks-get_terms_options-excluded_taxonomies,Filter: bricks/get_terms_options/excluded_taxonomies,https://academy.bricksbuilder.io/developer/hooks/filters/bricks-get_terms_options-excluded_taxonomies/,corpus/bricks-academy/developer/hooks/filters/bricks-get_terms_options-excluded_taxonomies.md,developer,developer/hooks,hook,0,0,ok,
new:developer/hooks/filters/bricks-get_the_title,Filter: bricks/get_the_title,https://academy.bricksbuilder.io/developer/hooks/filters/bricks-get_the_title/,corpus/bricks-academy/developer/hooks/filters/bricks-get_the_title.md,developer,developer/hooks,hook,0,0,ok,
new:developer/hooks/filters/bricks-handle_no_results_children_elements,Filter: bricks/handle_no_results_children_elements,https://academy.bricksbuilder.io/developer/hooks/filters/bricks-handle_no_results_children_elements/,corpus/bricks-academy/developer/hooks/filters/bricks-handle_no_results_children_elements.md,developer,developer/hooks,hook,0,0,ok,
new:developer/hooks/filters/bricks-helpers-get_posts_args,Filter: bricks/helpers/get_posts_args,https://academy.bricksbuilder.io/developer/hooks/filters/bricks-helpers-get_posts_args/,corpus/bricks-academy/developer/hooks/filters/bricks-helpers-get_posts_args.md,developer,developer/hooks,hook,0,0,ok,
new:developer/hooks/filters/bricks-media-browser-health-file-status,Filter: bricks/media_browser/health/file_status,https://academy.bricksbuilder.io/developer/hooks/filters/bricks-media-browser-health-file-status/,corpus/bricks-academy/developer/hooks/filters/bricks-media-browser-health-file-status.md,developer,developer/hooks,hook,0,0,ok,
new:developer/hooks/filters/bricks-metabox-checkbox_value,Filter: bricks/metabox/checkbox_value,https://academy.bricksbuilder.io/developer/hooks/filters/bricks-metabox-checkbox_value/,corpus/bricks-academy/developer/hooks/filters/bricks-metabox-checkbox_value.md,developer,developer/hooks,hook,0,0,ok,
new:developer/hooks/filters/bricks-metabox-show_as_map,Filter: bricks/metabox/show_as_map,https://academy.bricksbuilder.io/developer/hooks/filters/bricks-metabox-show_as_map/,corpus/bricks-academy/developer/hooks/filters/bricks-metabox-show_as_map.md,developer,developer/hooks,hook,0,0,ok,
new:developer/hooks/filters/bricks-metabox-taxonomy-show_as_link,Filter: bricks/metabox/taxonomy/show_as_link,https://academy.bricksbuilder.io/developer/hooks/filters/bricks-metabox-taxonomy-show_as_link/,corpus/bricks-academy/developer/hooks/filters/bricks-metabox-taxonomy-show_as_link.md,developer,developer/hooks,hook,0,0,ok,
new:developer/hooks/filters/bricks-object_types-query_vars,Filter: bricks/{object_type}s/query_vars,https://academy.bricksbuilder.io/developer/hooks/filters/bricks-object_types-query_vars/,corpus/bricks-academy/developer/hooks/filters/bricks-object_types-query_vars.md,developer,developer/hooks,hook,0,0,ok,
new:developer/hooks/filters/bricks-paginate_links_args,Filter: bricks/paginate_links_args,https://academy.bricksbuilder.io/developer/hooks/filters/bricks-paginate_links_args/,corpus/bricks-academy/developer/hooks/filters/bricks-paginate_links_args.md,developer,developer/hooks,hook,0,0,ok,
new:developer/hooks/filters/bricks-pagination-current_page,Filter: bricks/pagination/current_page,https://academy.bricksbuilder.io/developer/hooks/filters/bricks-pagination-current_page/,corpus/bricks-academy/developer/hooks/filters/bricks-pagination-current_page.md,developer,developer/hooks,hook,0,0,ok,
new:developer/hooks/filters/bricks-pagination-custom_logic,Filter: bricks/pagination/custom_logic,https://academy.bricksbuilder.io/developer/hooks/filters/bricks-pagination-custom_logic/,corpus/bricks-academy/developer/hooks/filters/bricks-pagination-custom_logic.md,developer,developer/hooks,hook,0,0,ok,
new:developer/hooks/filters/bricks-pagination-total_pages,Filter: bricks/pagination/total_pages,https://academy.bricksbuilder.io/developer/hooks/filters/bricks-pagination-total_pages/,corpus/bricks-academy/developer/hooks/filters/bricks-pagination-total_pages.md,developer,developer/hooks,hook,0,0,ok,
new:developer/hooks/filters/bricks-polylang-builder_ajax_params,Filter: bricks/polylang/builder_ajax_params,https://academy.bricksbuilder.io/developer/hooks/filters/bricks-polylang-builder_ajax_params/,corpus/bricks-academy/developer/hooks/filters/bricks-polylang-builder_ajax_params.md,developer,developer/hooks,hook,0,0,ok,
new:developer/hooks/filters/bricks-polylang-exclude_controls_from_translation,Filter: bricks/polylang/exclude_controls_from_translation,https://academy.bricksbuilder.io/developer/hooks/filters/bricks-polylang-exclude_controls_from_translation/,corpus/bricks-academy/developer/hooks/filters/bricks-polylang-exclude_controls_from_translation.md,developer,developer/hooks,hook,0,0,ok,
new:developer/hooks/filters/bricks-popup-attributes,Filter: bricks/popup/attributes,https://academy.bricksbuilder.io/developer/hooks/filters/bricks-popup-attributes/,corpus/bricks-academy/developer/hooks/filters/bricks-popup-attributes.md,developer,developer/hooks,hook,0,0,ok,
new:developer/hooks/filters/bricks-query-archive_query_arguments,Filter: bricks/query/archive_query_arguments,https://academy.bricksbuilder.io/developer/hooks/filters/bricks-query-archive_query_arguments/,corpus/bricks-academy/developer/hooks/filters/bricks-query-archive_query_arguments.md,developer,developer/hooks,hook,0,0,ok,
new:developer/hooks/filters/bricks-query-archive_query_supported_object_types,Filter: bricks/query/archive_query_supported_object_types,https://academy.bricksbuilder.io/developer/hooks/filters/bricks-query-archive_query_supported_object_types/,corpus/bricks-academy/developer/hooks/filters/bricks-query-archive_query_supported_object_types.md,developer,developer/hooks,hook,0,0,ok,
new:developer/hooks/filters/bricks-query-cache_key,Filter: bricks/query/cache_key,https://academy.bricksbuilder.io/developer/hooks/filters/bricks-query-cache_key/,corpus/bricks-academy/developer/hooks/filters/bricks-query-cache_key.md,developer,developer/hooks,hook,0,0,ok,
new:developer/hooks/filters/bricks-query-fake_result,Filter: bricks/query/fake_result,https://academy.bricksbuilder.io/developer/hooks/filters/bricks-query-fake_result/,corpus/bricks-academy/developer/hooks/filters/bricks-query-fake_result.md,developer,developer/hooks,hook,0,0,ok,
new:developer/hooks/filters/bricks-query-force_is_looping,Filter: bricks/query/force_is_looping,https://academy.bricksbuilder.io/developer/hooks/filters/bricks-query-force_is_looping/,corpus/bricks-academy/developer/hooks/filters/bricks-query-force_is_looping.md,developer,developer/hooks,hook,0,0,ok,
new:developer/hooks/filters/bricks-query-force_loop_index,Filter: bricks/query/force_loop_index,https://academy.bricksbuilder.io/developer/hooks/filters/bricks-query-force_loop_index/,corpus/bricks-academy/developer/hooks/filters/bricks-query-force_loop_index.md,developer,developer/hooks,hook,0,0,ok,
new:developer/hooks/filters/bricks-query-prepare_query_vars_from_settings,Filter: bricks/query/prepare_query_vars_from_settings,https://academy.bricksbuilder.io/developer/hooks/filters/bricks-query-prepare_query_vars_from_settings/,corpus/bricks-academy/developer/hooks/filters/bricks-query-prepare_query_vars_from_settings.md,developer,developer/hooks,hook,0,0,ok,
new:developer/hooks/filters/bricks-query-result_end,Filter: bricks/query/result_end,https://academy.bricksbuilder.io/developer/hooks/filters/bricks-query-result_end/,corpus/bricks-academy/developer/hooks/filters/bricks-query-result_end.md,developer,developer/hooks,hook,0,0,ok,
new:developer/hooks/filters/bricks-query-result_start,Filter: bricks/query/result_start,https://academy.bricksbuilder.io/developer/hooks/filters/bricks-query-result_start/,corpus/bricks-academy/developer/hooks/filters/bricks-query-result_start.md,developer,developer/hooks,hook,0,0,ok,
new:developer/hooks/filters/bricks-query-run_fake,Filter: bricks/query/run_fake,https://academy.bricksbuilder.io/developer/hooks/filters/bricks-query-run_fake/,corpus/bricks-academy/developer/hooks/filters/bricks-query-run_fake.md,developer,developer/hooks,hook,0,0,ok,
new:developer/hooks/filters/bricks-query-supress_render_content,Filter: bricks/query/supress_render_content,https://academy.bricksbuilder.io/developer/hooks/filters/bricks-query-supress_render_content/,corpus/bricks-academy/developer/hooks/filters/bricks-query-supress_render_content.md,developer,developer/hooks,hook,0,0,ok,
new:developer/hooks/filters/bricks-query_api-body,Filter: bricks/query_api/body,https://academy.bricksbuilder.io/developer/hooks/filters/bricks-query_api-body/,corpus/bricks-academy/developer/hooks/filters/bricks-query_api-body.md,developer,developer/hooks,hook,0,0,ok,
new:developer/hooks/filters/bricks-query_api-headers,Filter: bricks/query_api/headers,https://academy.bricksbuilder.io/developer/hooks/filters/bricks-query_api-headers/,corpus/bricks-academy/developer/hooks/filters/bricks-query_api-headers.md,developer,developer/hooks,hook,0,0,ok,
new:developer/hooks/filters/bricks-query_api-request_args,Filter: bricks/query_api/request_args,https://academy.bricksbuilder.io/developer/hooks/filters/bricks-query_api-request_args/,corpus/bricks-academy/developer/hooks/filters/bricks-query_api-request_args.md,developer,developer/hooks,hook,0,0,ok,
new:developer/hooks/filters/bricks-query_api-total_pages,Filter: bricks/query_api/total_pages,https://academy.bricksbuilder.io/developer/hooks/filters/bricks-query_api-total_pages/,corpus/bricks-academy/developer/hooks/filters/bricks-query_api-total_pages.md,developer,developer/hooks,hook,0,0,ok,
new:developer/hooks/filters/bricks-query_filters-custom_field_index_rows,Filter: bricks/query_filters/custom_field_index_rows,https://academy.bricksbuilder.io/developer/hooks/filters/bricks-query_filters-custom_field_index_rows/,corpus/bricks-academy/developer/hooks/filters/bricks-query_filters-custom_field_index_rows.md,developer,developer/hooks,hook,0,0,ok,
new:developer/hooks/filters/bricks-query_filters-custom_field_meta_query,Filter: bricks/query_filters/custom_field_meta_query,https://academy.bricksbuilder.io/developer/hooks/filters/bricks-query_filters-custom_field_meta_query/,corpus/bricks-academy/developer/hooks/filters/bricks-query_filters-custom_field_meta_query.md,developer,developer/hooks,hook,0,0,ok,
new:developer/hooks/filters/bricks-query_filters-datepicker_custom_field_meta_query,Filter: bricks/query_filters/datepicker_custom_field_meta_query,https://academy.bricksbuilder.io/developer/hooks/filters/bricks-query_filters-datepicker_custom_field_meta_query/,corpus/bricks-academy/developer/hooks/filters/bricks-query_filters-datepicker_custom_field_meta_query.md,developer,developer/hooks,hook,0,0,ok,
new:developer/hooks/filters/bricks-query_filters-element_data,Filter: bricks/query_filters/element_data,https://academy.bricksbuilder.io/developer/hooks/filters/bricks-query_filters-element_data/,corpus/bricks-academy/developer/hooks/filters/bricks-query_filters-element_data.md,developer,developer/hooks,hook,0,0,ok,
new:developer/hooks/filters/bricks-query_filters-filter_query_vars,Filter: bricks/query_filters/filter_query_vars,https://academy.bricksbuilder.io/developer/hooks/filters/bricks-query_filters-filter_query_vars/,corpus/bricks-academy/developer/hooks/filters/bricks-query_filters-filter_query_vars.md,developer,developer/hooks,hook,0,0,ok,
new:developer/hooks/filters/bricks-query_filters-get_filter_object_ids,Filter: bricks/query_filters/get_filter_object_ids,https://academy.bricksbuilder.io/developer/hooks/filters/bricks-query_filters-get_filter_object_ids/,corpus/bricks-academy/developer/hooks/filters/bricks-query_filters-get_filter_object_ids.md,developer,developer/hooks,hook,0,0,ok,
new:developer/hooks/filters/bricks-query_filters-index_args,Filter: bricks/query_filters/index_args,https://academy.bricksbuilder.io/developer/hooks/filters/bricks-query_filters-index_args/,corpus/bricks-academy/developer/hooks/filters/bricks-query_filters-index_args.md,developer,developer/hooks,hook,0,0,ok,
new:developer/hooks/filters/bricks-query_filters-index_post-meta_exists,Filter: bricks/query_filters/index_post/meta_exists,https://academy.bricksbuilder.io/developer/hooks/filters/bricks-query_filters-index_post-meta_exists/,corpus/bricks-academy/developer/hooks/filters/bricks-query_filters-index_post-meta_exists.md,developer,developer/hooks,hook,0,0,ok,
new:developer/hooks/filters/bricks-query_filters-index_post-source,Filter: bricks/query_filters/index_post/{source},https://academy.bricksbuilder.io/developer/hooks/filters/bricks-query_filters-index_post-source/,corpus/bricks-academy/developer/hooks/filters/bricks-query_filters-index_post-source.md,developer,developer/hooks,hook,0,0,ok,
new:developer/hooks/filters/bricks-query_filters-index_post-wcfield,Filter: bricks/query_filters/index_post/wcField,https://academy.bricksbuilder.io/developer/hooks/filters/bricks-query_filters-index_post-wcfield/,corpus/bricks-academy/developer/hooks/filters/bricks-query_filters-index_post-wcfield.md,developer,developer/hooks,hook,0,0,ok,
new:developer/hooks/filters/bricks-query_filters-index_user-meta_exists,Filter: bricks/query_filters/index_user/meta_exists,https://academy.bricksbuilder.io/developer/hooks/filters/bricks-query_filters-index_user-meta_exists/,corpus/bricks-academy/developer/hooks/filters/bricks-query_filters-index_user-meta_exists.md,developer,developer/hooks,hook,0,0,ok,
new:developer/hooks/filters/bricks-query_filters-range_custom_field_meta_query,Filter: bricks/query_filters/range_custom_field_meta_query,https://academy.bricksbuilder.io/developer/hooks/filters/bricks-query_filters-range_custom_field_meta_query/,corpus/bricks-academy/developer/hooks/filters/bricks-query_filters-range_custom_field_meta_query.md,developer,developer/hooks,hook,0,0,ok,
new:developer/hooks/filters/bricks-query_filters-sort_query_vars,Filter: bricks/query_filters/sort_query_vars,https://academy.bricksbuilder.io/developer/hooks/filters/bricks-query_filters-sort_query_vars/,corpus/bricks-academy/developer/hooks/filters/bricks-query_filters-sort_query_vars.md,developer,developer/hooks,hook,0,0,ok,
new:developer/hooks/filters/bricks-query_filters_cf_integration-register_providers,Filter: bricks/query_filters_cf_integration/register_providers,https://academy.bricksbuilder.io/developer/hooks/filters/bricks-query_filters_cf_integration-register_providers/,corpus/bricks-academy/developer/hooks/filters/bricks-query_filters_cf_integration-register_providers.md,developer,developer/hooks,hook,0,0,ok,
new:developer/hooks/filters/bricks-query_filters_indexer-post-filter_source,Filter: bricks/query_filters_indexer/post/{filter_source},https://academy.bricksbuilder.io/developer/hooks/filters/bricks-query_filters_indexer-post-filter_source/,corpus/bricks-academy/developer/hooks/filters/bricks-query_filters_indexer-post-filter_source.md,developer,developer/hooks,hook,0,0,ok,
new:developer/hooks/filters/bricks-query_filters_indexer-post-wcfield,Filter: bricks/query_filters_indexer/post/wcField,https://academy.bricksbuilder.io/developer/hooks/filters/bricks-query_filters_indexer-post-wcfield/,corpus/bricks-academy/developer/hooks/filters/bricks-query_filters_indexer-post-wcfield.md,developer,developer/hooks,hook,0,0,ok,
new:developer/hooks/filters/bricks-query_filters_indexer-validate_job_settings,Filter: bricks/query_filters_indexer/validate_job_settings,https://academy.bricksbuilder.io/developer/hooks/filters/bricks-query_filters_indexer-validate_job_settings/,corpus/bricks-academy/developer/hooks/filters/bricks-query_filters_indexer-validate_job_settings.md,developer,developer/hooks,hook,0,0,ok,
new:developer/hooks/filters/bricks-remote_get,Filter: bricks/remote_get,https://academy.bricksbuilder.io/developer/hooks/filters/bricks-remote_get/,corpus/bricks-academy/developer/hooks/filters/bricks-remote_get.md,developer,developer/hooks,hook,0,0,ok,
new:developer/hooks/filters/bricks-remote_post,Filter: bricks/remote_post,https://academy.bricksbuilder.io/developer/hooks/filters/bricks-remote_post/,corpus/bricks-academy/developer/hooks/filters/bricks-remote_post.md,developer,developer/hooks,hook,0,0,ok,
new:developer/hooks/filters/bricks-render_footer,Filter: bricks/render_footer,https://academy.bricksbuilder.io/developer/hooks/filters/bricks-render_footer/,corpus/bricks-academy/developer/hooks/filters/bricks-render_footer.md,developer,developer/hooks,hook,0,0,ok,
new:developer/hooks/filters/bricks-render_header,Filter: bricks/render_header,https://academy.bricksbuilder.io/developer/hooks/filters/bricks-render_header/,corpus/bricks-academy/developer/hooks/filters/bricks-render_header.md,developer,developer/hooks,hook,0,0,ok,
new:developer/hooks/filters/bricks-render_with_bricks,Filter: bricks/render_with_bricks,https://academy.bricksbuilder.io/developer/hooks/filters/bricks-render_with_bricks/,corpus/bricks-academy/developer/hooks/filters/bricks-render_with_bricks.md,developer,developer/hooks,hook,0,0,ok,
new:developer/hooks/filters/bricks-resolve_attachment_id,Filter: bricks/resolve_attachment_id,https://academy.bricksbuilder.io/developer/hooks/filters/bricks-resolve_attachment_id/,corpus/bricks-academy/developer/hooks/filters/bricks-resolve_attachment_id.md,developer,developer/hooks,hook,0,0,ok,
new:developer/hooks/filters/bricks-rtl_languages,Filter: bricks/rtl_languages,https://academy.bricksbuilder.io/developer/hooks/filters/bricks-rtl_languages/,corpus/bricks-academy/developer/hooks/filters/bricks-rtl_languages.md,developer,developer/hooks,hook,0,0,ok,
new:developer/hooks/filters/bricks-security_check_before_save-new_elements,Filter: bricks/security_check_before_save/new_elements,https://academy.bricksbuilder.io/developer/hooks/filters/bricks-security_check_before_save-new_elements/,corpus/bricks-academy/developer/hooks/filters/bricks-security_check_before_save-new_elements.md,developer,developer/hooks,hook,0,0,ok,
new:developer/hooks/filters/bricks-support_masonry_element,Filter: bricks/support_masonry_element,https://academy.bricksbuilder.io/developer/hooks/filters/bricks-support_masonry_element/,corpus/bricks-academy/developer/hooks/filters/bricks-support_masonry_element.md,developer,developer/hooks,hook,0,0,ok,
new:developer/hooks/filters/bricks-svg-allowed_attributes,Filter: bricks/svg/allowed_attributes,https://academy.bricksbuilder.io/developer/hooks/filters/bricks-svg-allowed_attributes/,corpus/bricks-academy/developer/hooks/filters/bricks-svg-allowed_attributes.md,developer,developer/hooks,hook,0,0,ok,
new:developer/hooks/filters/bricks-svg-allowed_tags,Filter: bricks/svg/allowed_tags,https://academy.bricksbuilder.io/developer/hooks/filters/bricks-svg-allowed_tags/,corpus/bricks-academy/developer/hooks/filters/bricks-svg-allowed_tags.md,developer,developer/hooks,hook,0,0,ok,
new:developer/hooks/filters/bricks-svg-bypass_sanitization,Filter: bricks/svg/bypass_sanitization,https://academy.bricksbuilder.io/developer/hooks/filters/bricks-svg-bypass_sanitization/,corpus/bricks-academy/developer/hooks/filters/bricks-svg-bypass_sanitization.md,developer,developer/hooks,hook,0,0,ok,
new:developer/hooks/filters/bricks-template_preview-supported_content_types,Filter: bricks/template_preview/supported_content_types,https://academy.bricksbuilder.io/developer/hooks/filters/bricks-template_preview-supported_content_types/,corpus/bricks-academy/developer/hooks/filters/bricks-template_preview-supported_content_types.md,developer,developer/hooks,hook,0,0,ok,
new:developer/hooks/filters/bricks-theme_style_name,Filter: bricks/theme_style_name,https://academy.bricksbuilder.io/developer/hooks/filters/bricks-theme_style_name/,corpus/bricks-academy/developer/hooks/filters/bricks-theme_style_name.md,developer,developer/hooks,hook,0,0,ok,
new:developer/hooks/filters/bricks-theme_styles-control_groups,Filter: bricks/theme_styles/control_groups,https://academy.bricksbuilder.io/developer/hooks/filters/bricks-theme_styles-control_groups/,corpus/bricks-academy/developer/hooks/filters/bricks-theme_styles-control_groups.md,developer,developer/hooks,hook,0,0,ok,
new:developer/hooks/filters/bricks-theme_styles-controls,Filter: bricks/theme_styles/controls,https://academy.bricksbuilder.io/developer/hooks/filters/bricks-theme_styles-controls/,corpus/bricks-academy/developer/hooks/filters/bricks-theme_styles-controls.md,developer,developer/hooks,hook,0,0,ok,
new:developer/hooks/filters/bricks-theme_styles,Filter: bricks/theme_styles,https://academy.bricksbuilder.io/developer/hooks/filters/bricks-theme_styles/,corpus/bricks-academy/developer/hooks/filters/bricks-theme_styles.md,developer,developer/hooks,hook,0,0,ok,
new:developer/hooks/filters/bricks-user_activation_email-content,Filter: bricks/user_activation_email/content,https://academy.bricksbuilder.io/developer/hooks/filters/bricks-user_activation_email-content/,corpus/bricks-academy/developer/hooks/filters/bricks-user_activation_email-content.md,developer,developer/hooks,hook,0,0,ok,
new:developer/hooks/filters/bricks-user_activation_email-from_name,Filter: bricks/user_activation_email/from_name,https://academy.bricksbuilder.io/developer/hooks/filters/bricks-user_activation_email-from_name/,corpus/bricks-academy/developer/hooks/filters/bricks-user_activation_email-from_name.md,developer,developer/hooks,hook,0,0,ok,
new:developer/hooks/filters/bricks-user_activation_email-subject,Filter: bricks/user_activation_email/subject,https://academy.bricksbuilder.io/developer/hooks/filters/bricks-user_activation_email-subject/,corpus/bricks-academy/developer/hooks/filters/bricks-user_activation_email-subject.md,developer,developer/hooks,hook,0,0,ok,
new:developer/hooks/filters/bricks-webhook-timeout,Filter: bricks/webhook/timeout,https://academy.bricksbuilder.io/developer/hooks/filters/bricks-webhook-timeout/,corpus/bricks-academy/developer/hooks/filters/bricks-webhook-timeout.md,developer,developer/hooks,hook,0,0,ok,
new:developer/hooks/filters/bricks-woo_setup_wizard-register_presets,Filter: bricks/woo_setup_wizard/register_presets,https://academy.bricksbuilder.io/developer/hooks/filters/bricks-woo_setup_wizard-register_presets/,corpus/bricks-academy/developer/hooks/filters/bricks-woo_setup_wizard-register_presets.md,developer,developer/hooks,hook,0,0,ok,
new:developer/hooks/filters/bricks-woocommerce-ajax_render_post_id,Filter: bricks/woocommerce/ajax_render_post_id,https://academy.bricksbuilder.io/developer/hooks/filters/bricks-woocommerce-ajax_render_post_id/,corpus/bricks-academy/developer/hooks/filters/bricks-woocommerce-ajax_render_post_id.md,developer,developer/hooks,hook,0,0,ok,
new:developer/hooks/filters/bricks-woocommerce-cart_proceed_label,Filter: bricks/woocommerce/cart_proceed_label,https://academy.bricksbuilder.io/developer/hooks/filters/bricks-woocommerce-cart_proceed_label/,corpus/bricks-academy/developer/hooks/filters/bricks-woocommerce-cart_proceed_label.md,developer,developer/hooks,hook,0,0,ok,
new:developer/hooks/filters/bricks-woocommerce-dynamic_fragments-fragments,Filter: bricks/woocommerce/dynamic_fragments/fragments,https://academy.bricksbuilder.io/developer/hooks/filters/bricks-woocommerce-dynamic_fragments-fragments/,corpus/bricks-academy/developer/hooks/filters/bricks-woocommerce-dynamic_fragments-fragments.md,developer,developer/hooks,hook,0,0,ok,
new:developer/hooks/filters/bricks-woocommerce-dynamic_fragments-html,Filter: bricks/woocommerce/dynamic_fragments/html,https://academy.bricksbuilder.io/developer/hooks/filters/bricks-woocommerce-dynamic_fragments-html/,corpus/bricks-academy/developer/hooks/filters/bricks-woocommerce-dynamic_fragments-html.md,developer,developer/hooks,hook,0,0,ok,
new:developer/hooks/filters/bricks-woocommerce-dynamic_fragments-targets,Filter: bricks/woocommerce/dynamic_fragments/targets,https://academy.bricksbuilder.io/developer/hooks/filters/bricks-woocommerce-dynamic_fragments-targets/,corpus/bricks-academy/developer/hooks/filters/bricks-woocommerce-dynamic_fragments-targets.md,developer,developer/hooks,hook,0,0,ok,
new:developer/hooks/filters/bricks-woocommerce-predefined_elements-generated_payload,Filter: bricks/woocommerce/predefined_elements/generated_payload,https://academy.bricksbuilder.io/developer/hooks/filters/bricks-woocommerce-predefined_elements-generated_payload/,corpus/bricks-academy/developer/hooks/filters/bricks-woocommerce-predefined_elements-generated_payload.md,developer,developer/hooks,hook,0,0,ok,
new:developer/hooks/filters/bricks-woocommerce-predefined_elements-local_presets,Filter: bricks/woocommerce/predefined_elements/local_presets,https://academy.bricksbuilder.io/developer/hooks/filters/bricks-woocommerce-predefined_elements-local_presets/,corpus/bricks-academy/developer/hooks/filters/bricks-woocommerce-predefined_elements-local_presets.md,developer,developer/hooks,hook,0,0,ok,
new:developer/hooks/filters/bricks-woocommerce-predefined_elements-remote_payload,Filter: bricks/woocommerce/predefined_elements/remote_payload,https://academy.bricksbuilder.io/developer/hooks/filters/bricks-woocommerce-predefined_elements-remote_payload/,corpus/bricks-academy/developer/hooks/filters/bricks-woocommerce-predefined_elements-remote_payload.md,developer,developer/hooks,hook,0,0,ok,
new:developer/hooks/filters/bricks-woocommerce-predefined_elements-remote_url,Filter: bricks/woocommerce/predefined_elements/remote_url,https://academy.bricksbuilder.io/developer/hooks/filters/bricks-woocommerce-predefined_elements-remote_url/,corpus/bricks-academy/developer/hooks/filters/bricks-woocommerce-predefined_elements-remote_url.md,developer,developer/hooks,hook,0,0,ok,
new:developer/hooks/filters/bricks-woocommerce-products_filters-options,Filter: bricks/woocommerce/products_filters/options,https://academy.bricksbuilder.io/developer/hooks/filters/bricks-woocommerce-products_filters-options/,corpus/bricks-academy/developer/hooks/filters/bricks-woocommerce-products_filters-options.md,developer,developer/hooks,hook,0,0,ok,
new:developer/hooks/filters/bricks-woocommerce-products_orderby_options,Filter: bricks/woocommerce/products_orderby_options,https://academy.bricksbuilder.io/developer/hooks/filters/bricks-woocommerce-products_orderby_options/,corpus/bricks-academy/developer/hooks/filters/bricks-woocommerce-products_orderby_options.md,developer,developer/hooks,hook,0,0,ok,
new:developer/hooks/filters/bricks-wpml-exclude_controls_from_translation,Filter: bricks/wpml/exclude_controls_from_translation,https://academy.bricksbuilder.io/developer/hooks/filters/bricks-wpml-exclude_controls_from_translation/,corpus/bricks-academy/developer/hooks/filters/bricks-wpml-exclude_controls_from_translation.md,developer,developer/hooks,hook,0,0,ok,
new:developer/hooks/filters/bricks-wpml-translatable_control_types,Filter: bricks/wpml/translatable_control_types,https://academy.bricksbuilder.io/developer/hooks/filters/bricks-wpml-translatable_control_types/,corpus/bricks-academy/developer/hooks/filters/bricks-wpml-translatable_control_types.md,developer,developer/hooks,hook,0,0,ok,
new:developer/hooks/filters/bricks_query_max_items_in_builder,Filter: bricks_query_max_items_in_builder,https://academy.bricksbuilder.io/developer/hooks/filters/bricks_query_max_items_in_builder/,corpus/bricks-academy/developer/hooks/filters/bricks_query_max_items_in_builder.md,developer,developer/hooks,hook,0,0,ok,
new:developer/hooks/filters/filter-bricks-active_templates,Filter: bricks/active_templates,https://academy.bricksbuilder.io/developer/hooks/filters/filter-bricks-active_templates/,corpus/bricks-academy/developer/hooks/filters/filter-bricks-active_templates.md,developer,developer/hooks,hook,0,0,ok,
new:developer/hooks/filters/filter-bricks-allowed_html_tags,Filter: bricks/allowed_html_tags,https://academy.bricksbuilder.io/developer/hooks/filters/filter-bricks-allowed_html_tags/,corpus/bricks-academy/developer/hooks/filters/filter-bricks-allowed_html_tags.md,developer,developer/hooks,hook,1,0,ok,
new:developer/hooks/filters/filter-bricks-assets-generate_css_from_element,Filter: bricks/assets/generate_css_from_element,https://academy.bricksbuilder.io/developer/hooks/filters/filter-bricks-assets-generate_css_from_element/,corpus/bricks-academy/developer/hooks/filters/filter-bricks-assets-generate_css_from_element.md,developer,developer/hooks,hook,0,0,ok,
new:developer/hooks/filters/filter-bricks-assets-load_webfonts,Filter: bricks//assets/load_webfonts,https://academy.bricksbuilder.io/developer/hooks/filters/filter-bricks-assets-load_webfonts/,corpus/bricks-academy/developer/hooks/filters/filter-bricks-assets-load_webfonts.md,developer,developer/hooks,hook,1,0,ok,
new:developer/hooks/filters/filter-bricks-auth-custom_login_redirect,Filter: bricks/auth/custom_login_redirect,https://academy.bricksbuilder.io/developer/hooks/filters/filter-bricks-auth-custom_login_redirect/,corpus/bricks-academy/developer/hooks/filters/filter-bricks-auth-custom_login_redirect.md,developer,developer/hooks,hook,0,0,ok,
new:developer/hooks/filters/filter-bricks-auth-custom_lost_password_redirect,Filter: bricks/auth/custom_lost_password_redirect,https://academy.bricksbuilder.io/developer/hooks/filters/filter-bricks-auth-custom_lost_password_redirect/,corpus/bricks-academy/developer/hooks/filters/filter-bricks-auth-custom_lost_password_redirect.md,developer,developer/hooks,hook,0,0,ok,
new:developer/hooks/filters/filter-bricks-auth-custom_redirect_url,Filter: bricks/auth/custom_redirect_url,https://academy.bricksbuilder.io/developer/hooks/filters/filter-bricks-auth-custom_redirect_url/,corpus/bricks-academy/developer/hooks/filters/filter-bricks-auth-custom_redirect_url.md,developer,developer/hooks,hook,0,0,ok,
new:developer/hooks/filters/filter-bricks-auth-custom_registration_redirect,Filter: bricks/auth/custom_registration_redirect,https://academy.bricksbuilder.io/developer/hooks/filters/filter-bricks-auth-custom_registration_redirect/,corpus/bricks-academy/developer/hooks/filters/filter-bricks-auth-custom_registration_redirect.md,developer,developer/hooks,hook,0,0,ok,
new:developer/hooks/filters/filter-bricks-auth-custom_reset_password_redirect,Filter: bricks/auth/custom_reset_password_redirect,https://academy.bricksbuilder.io/developer/hooks/filters/filter-bricks-auth-custom_reset_password_redirect/,corpus/bricks-academy/developer/hooks/filters/filter-bricks-auth-custom_reset_password_redirect.md,developer,developer/hooks,hook,0,0,ok,
new:developer/hooks/filters/filter-bricks-body-attributes,Filter: bricks/body/attributes,https://academy.bricksbuilder.io/developer/hooks/filters/filter-bricks-body-attributes/,corpus/bricks-academy/developer/hooks/filters/filter-bricks-body-attributes.md,developer,developer/hooks,hook,0,0,ok,
new:developer/hooks/filters/filter-bricks-builder-codemirror_config,Filter: bricks/builder/codemirror_config,https://academy.bricksbuilder.io/developer/hooks/filters/filter-bricks-builder-codemirror_config/,corpus/bricks-academy/developer/hooks/filters/filter-bricks-builder-codemirror_config.md,developer,developer/hooks,hook,0,0,ok,
new:developer/hooks/filters/filter-bricks-builder-elements,Filter: bricks/builder/elements,https://academy.bricksbuilder.io/developer/hooks/filters/filter-bricks-builder-elements/,corpus/bricks-academy/developer/hooks/filters/filter-bricks-builder-elements.md,developer,developer/hooks,hook,0,0,ok,
new:developer/hooks/filters/filter-bricks-builder-image_size_options,Filter: bricks/builder/image_size_options,https://academy.bricksbuilder.io/developer/hooks/filters/filter-bricks-builder-image_size_options/,corpus/bricks-academy/developer/hooks/filters/filter-bricks-builder-image_size_options.md,developer,developer/hooks,hook,0,0,ok,
new:developer/hooks/filters/filter-bricks-builder-mapstyles,Filter: bricks/builder/map_styles,https://academy.bricksbuilder.io/developer/hooks/filters/filter-bricks-builder-mapstyles/,corpus/bricks-academy/developer/hooks/filters/filter-bricks-builder-mapstyles.md,developer,developer/hooks,hook,0,0,ok,
new:developer/hooks/filters/filter-bricks-code-allow_execution,Filter: bricks/code/allow_execution,https://academy.bricksbuilder.io/developer/hooks/filters/filter-bricks-code-allow_execution/,corpus/bricks-academy/developer/hooks/filters/filter-bricks-code-allow_execution.md,developer,developer/hooks,hook,1,0,ok,
new:developer/hooks/filters/filter-bricks-code-disable_execution,Filter: bricks/code/disable_execution,https://academy.bricksbuilder.io/developer/hooks/filters/filter-bricks-code-disable_execution/,corpus/bricks-academy/developer/hooks/filters/filter-bricks-code-disable_execution.md,developer,developer/hooks,hook,0,0,ok,
new:developer/hooks/filters/filter-bricks-code-disallow_keywords,Filter: bricks/code/disallow_keywords,https://academy.bricksbuilder.io/developer/hooks/filters/filter-bricks-code-disallow_keywords/,corpus/bricks-academy/developer/hooks/filters/filter-bricks-code-disallow_keywords.md,developer,developer/hooks,hook,0,0,ok,
new:developer/hooks/filters/filter-bricks-code-echo_function_names,Filter: bricks/code/echo_function_names,https://academy.bricksbuilder.io/developer/hooks/filters/filter-bricks-code-echo_function_names/,corpus/bricks-academy/developer/hooks/filters/filter-bricks-code-echo_function_names.md,developer,developer/hooks,hook,2,0,ok,
new:developer/hooks/filters/filter-bricks-comments-timestamp,Filter: bricks/comments/timestamp,https://academy.bricksbuilder.io/developer/hooks/filters/filter-bricks-comments-timestamp/,corpus/bricks-academy/developer/hooks/filters/filter-bricks-comments-timestamp.md,developer,developer/hooks,hook,0,0,ok,
new:developer/hooks/filters/filter-bricks-content-attributes,Filter: bricks/content/attributes,https://academy.bricksbuilder.io/developer/hooks/filters/filter-bricks-content-attributes/,corpus/bricks-academy/developer/hooks/filters/filter-bricks-content-attributes.md,developer,developer/hooks,hook,0,0,ok,
new:developer/hooks/filters/filter-bricks-content-html_after_begin,Filter: bricks/content/html_after_begin,https://academy.bricksbuilder.io/developer/hooks/filters/filter-bricks-content-html_after_begin/,corpus/bricks-academy/developer/hooks/filters/filter-bricks-content-html_after_begin.md,developer,developer/hooks,hook,0,0,ok,
new:developer/hooks/filters/filter-bricks-content-html_before_end,Filter: bricks/content/html_before_end,https://academy.bricksbuilder.io/developer/hooks/filters/filter-bricks-content-html_before_end/,corpus/bricks-academy/developer/hooks/filters/filter-bricks-content-html_before_end.md,developer,developer/hooks,hook,0,0,ok,
new:developer/hooks/filters/filter-bricks-content-tag,Filter: bricks/content/tag,https://academy.bricksbuilder.io/developer/hooks/filters/filter-bricks-content-tag/,corpus/bricks-academy/developer/hooks/filters/filter-bricks-content-tag.md,developer,developer/hooks,hook,0,0,ok,
new:developer/hooks/filters/filter-bricks-default_page_title,Filter: bricks/default_page_title,https://academy.bricksbuilder.io/developer/hooks/filters/filter-bricks-default_page_title/,corpus/bricks-academy/developer/hooks/filters/filter-bricks-default_page_title.md,developer,developer/hooks,hook,0,0,ok,
new:developer/hooks/filters/filter-bricks-dynamic_data-exclude_tags,Filter: bricks/dynamic_data/exclude_tags,https://academy.bricksbuilder.io/developer/hooks/filters/filter-bricks-dynamic_data-exclude_tags/,corpus/bricks-academy/developer/hooks/filters/filter-bricks-dynamic_data-exclude_tags.md,developer,developer/hooks,hook,0,0,ok,
new:developer/hooks/filters/filter-bricks-dynamic_data-post_terms_links,Filter: bricks/dynamic_data/post_terms_links,https://academy.bricksbuilder.io/developer/hooks/filters/filter-bricks-dynamic_data-post_terms_links/,corpus/bricks-academy/developer/hooks/filters/filter-bricks-dynamic_data-post_terms_links.md,developer,developer/hooks,hook,0,0,ok,
new:developer/hooks/filters/filter-bricks-dynamic_data-post_terms_separator,Filter: bricks/dynamic_data/post_terms_separator,https://academy.bricksbuilder.io/developer/hooks/filters/filter-bricks-dynamic_data-post_terms_separator/,corpus/bricks-academy/developer/hooks/filters/filter-bricks-dynamic_data-post_terms_separator.md,developer,developer/hooks,hook,0,0,ok,
new:developer/hooks/filters/filter-bricks-dynamic_data-read_more,Filter: bricks/dynamic_data/read_more,https://academy.bricksbuilder.io/developer/hooks/filters/filter-bricks-dynamic_data-read_more/,corpus/bricks-academy/developer/hooks/filters/filter-bricks-dynamic_data-read_more.md,developer,developer/hooks,hook,0,0,ok,
new:developer/hooks/filters/filter-bricks-dynamic_data-replace_nonexistent_tags,Filter: bricks/dynamic_data/replace_nonexistent_tags,https://academy.bricksbuilder.io/developer/hooks/filters/filter-bricks-dynamic_data-replace_nonexistent_tags/,corpus/bricks-academy/developer/hooks/filters/filter-bricks-dynamic_data-replace_nonexistent_tags.md,developer,developer/hooks,hook,0,0,ok,
new:developer/hooks/filters/filter-bricks-element-render,Filter: bricks/element/render,https://academy.bricksbuilder.io/developer/hooks/filters/filter-bricks-element-render/,corpus/bricks-academy/developer/hooks/filters/filter-bricks-element-render.md,developer,developer/hooks,hook,1,0,ok,
new:developer/hooks/filters/filter-bricks-element-render_attributes,Filter: bricks/element/render_attributes,https://academy.bricksbuilder.io/developer/hooks/filters/filter-bricks-element-render_attributes/,corpus/bricks-academy/developer/hooks/filters/filter-bricks-element-render_attributes.md,developer,developer/hooks,hook,0,0,ok,
new:developer/hooks/filters/filter-bricks-element-settings,Filter: bricks/element/settings,https://academy.bricksbuilder.io/developer/hooks/filters/filter-bricks-element-settings/,corpus/bricks-academy/developer/hooks/filters/filter-bricks-element-settings.md,developer,developer/hooks,hook,1,0,ok,
new:developer/hooks/filters/filter-bricks-elements-element_name-control_groups,Filter: bricks/elements/{element_name}/control_groups,https://academy.bricksbuilder.io/developer/hooks/filters/filter-bricks-elements-element_name-control_groups/,corpus/bricks-academy/developer/hooks/filters/filter-bricks-elements-element_name-control_groups.md,developer,developer/hooks,hook,0,0,ok,
new:developer/hooks/filters/filter-bricks-elements-element_name-controls,Filter: bricks/elements/&#123;element_name&#125;/controls,https://academy.bricksbuilder.io/developer/hooks/filters/filter-bricks-elements-element_name-controls/,corpus/bricks-academy/developer/hooks/filters/filter-bricks-elements-element_name-controls.md,developer,developer/hooks,hook,0,0,ok,
new:developer/hooks/filters/filter-bricks-filter_element-populated_options,Filter: bricks/filter_element/populated_options,https://academy.bricksbuilder.io/developer/hooks/filters/filter-bricks-filter_element-populated_options/,corpus/bricks-academy/developer/hooks/filters/filter-bricks-filter_element-populated_options.md,developer,developer/hooks,hook,0,0,ok,
new:developer/hooks/filters/filter-bricks-footer-attributes,Filter: bricks/footer/attributes,https://academy.bricksbuilder.io/developer/hooks/filters/filter-bricks-footer-attributes/,corpus/bricks-academy/developer/hooks/filters/filter-bricks-footer-attributes.md,developer,developer/hooks,hook,0,0,ok,
new:developer/hooks/filters/filter-bricks-form-action-form_action,Filter: bricks/form/action/{form_action},https://academy.bricksbuilder.io/developer/hooks/filters/filter-bricks-form-action-form_action/,corpus/bricks-academy/developer/hooks/filters/filter-bricks-form-action-form_action.md,developer,developer/hooks,hook,0,0,ok,
new:developer/hooks/filters/filter-bricks-form-create_post-meta_value,Filter: bricks/form/create_post/meta_value,https://academy.bricksbuilder.io/developer/hooks/filters/filter-bricks-form-create_post-meta_value/,corpus/bricks-academy/developer/hooks/filters/filter-bricks-form-create_post-meta_value.md,developer,developer/hooks,hook,0,0,ok,
new:developer/hooks/filters/filter-bricks-form-update_post-meta_value,Filter: bricks/form/update_post/meta_value,https://academy.bricksbuilder.io/developer/hooks/filters/filter-bricks-form-update_post-meta_value/,corpus/bricks-academy/developer/hooks/filters/filter-bricks-form-update_post-meta_value.md,developer,developer/hooks,hook,0,0,ok,
new:developer/hooks/filters/filter-bricks-frontend-render_data,Filter: bricks/frontend/render_data,https://academy.bricksbuilder.io/developer/hooks/filters/filter-bricks-frontend-render_data/,corpus/bricks-academy/developer/hooks/filters/filter-bricks-frontend-render_data.md,developer,developer/hooks,hook,0,0,ok,
new:developer/hooks/filters/filter-bricks-frontend-render_element,Filter: bricks/frontend/render_element,https://academy.bricksbuilder.io/developer/hooks/filters/filter-bricks-frontend-render_element/,corpus/bricks-academy/developer/hooks/filters/filter-bricks-frontend-render_element.md,developer,developer/hooks,hook,0,0,ok,
new:developer/hooks/filters/filter-bricks-get_element_data-maybe_from_post_id,Filter: bricks/get_element_data/maybe_from_post_id,https://academy.bricksbuilder.io/developer/hooks/filters/filter-bricks-get_element_data-maybe_from_post_id/,corpus/bricks-academy/developer/hooks/filters/filter-bricks-get_element_data-maybe_from_post_id.md,developer,developer/hooks,hook,0,0,ok,
new:developer/hooks/filters/filter-bricks-header-attributes,Filter: bricks/header/attributes,https://academy.bricksbuilder.io/developer/hooks/filters/filter-bricks-header-attributes/,corpus/bricks-academy/developer/hooks/filters/filter-bricks-header-attributes.md,developer,developer/hooks,hook,0,0,ok,
new:developer/hooks/filters/filter-bricks-i18n,Filter: bricks/builder/i18n,https://academy.bricksbuilder.io/developer/hooks/filters/filter-bricks-i18n/,corpus/bricks-academy/developer/hooks/filters/filter-bricks-i18n.md,developer,developer/hooks,hook,0,0,ok,
new:developer/hooks/filters/filter-bricks-is_layout_element,Filter: bricks/is_layout_element,https://academy.bricksbuilder.io/developer/hooks/filters/filter-bricks-is_layout_element/,corpus/bricks-academy/developer/hooks/filters/filter-bricks-is_layout_element.md,developer,developer/hooks,hook,0,0,ok,
new:developer/hooks/filters/filter-bricks-link_css_selectors,Filter: bricks/link_css_selectors,https://academy.bricksbuilder.io/developer/hooks/filters/filter-bricks-link_css_selectors/,corpus/bricks-academy/developer/hooks/filters/filter-bricks-link_css_selectors.md,developer,developer/hooks,hook,0,0,ok,
new:developer/hooks/filters/filter-bricks-maintenance-should_apply,Filter: bricks/maintenance/should_apply,https://academy.bricksbuilder.io/developer/hooks/filters/filter-bricks-maintenance-should_apply/,corpus/bricks-academy/developer/hooks/filters/filter-bricks-maintenance-should_apply.md,developer,developer/hooks,hook,0,0,ok,
new:developer/hooks/filters/filter-bricks-nav_menu-menu,Filter: bricks/nav_menu/menu,https://academy.bricksbuilder.io/developer/hooks/filters/filter-bricks-nav_menu-menu/,corpus/bricks-academy/developer/hooks/filters/filter-bricks-nav_menu-menu.md,developer,developer/hooks,hook,2,0,ok,
new:developer/hooks/filters/filter-bricks-password_protection-cookie-expires,Filter: bricks/password_protection/cookie_expires,https://academy.bricksbuilder.io/developer/hooks/filters/filter-bricks-password_protection-cookie-expires/,corpus/bricks-academy/developer/hooks/filters/filter-bricks-password_protection-cookie-expires.md,developer,developer/hooks,hook,0,0,ok,
new:developer/hooks/filters/filter-bricks-password_protection-is_active,Filter: bricks/password_protection/is_active,https://academy.bricksbuilder.io/developer/hooks/filters/filter-bricks-password_protection-is_active/,corpus/bricks-academy/developer/hooks/filters/filter-bricks-password_protection-is_active.md,developer,developer/hooks,hook,0,0,ok,
new:developer/hooks/filters/filter-bricks-placeholder_image,Filter: bricks/placeholder_image,https://academy.bricksbuilder.io/developer/hooks/filters/filter-bricks-placeholder_image/,corpus/bricks-academy/developer/hooks/filters/filter-bricks-placeholder_image.md,developer,developer/hooks,hook,0,0,ok,
new:developer/hooks/filters/filter-bricks-posts-merge_query,Filter: bricks/posts/merge_query,https://academy.bricksbuilder.io/developer/hooks/filters/filter-bricks-posts-merge_query/,corpus/bricks-academy/developer/hooks/filters/filter-bricks-posts-merge_query.md,developer,developer/hooks,hook,1,0,ok,
new:developer/hooks/filters/filter-bricks-posts-query_vars,Filter: bricks/posts/query_vars,https://academy.bricksbuilder.io/developer/hooks/filters/filter-bricks-posts-query_vars/,corpus/bricks-academy/developer/hooks/filters/filter-bricks-posts-query_vars.md,developer,developer/hooks,hook,3,0,ok,
new:developer/hooks/filters/filter-bricks-query-force_run,Filter: bricks/query/force_run,https://academy.bricksbuilder.io/developer/hooks/filters/filter-bricks-query-force_run/,corpus/bricks-academy/developer/hooks/filters/filter-bricks-query-force_run.md,developer,developer/hooks,hook,1,0,ok,
new:developer/hooks/filters/filter-bricks-query-init_loop_index,Filter: bricks/query/init_loop_index,https://academy.bricksbuilder.io/developer/hooks/filters/filter-bricks-query-init_loop_index/,corpus/bricks-academy/developer/hooks/filters/filter-bricks-query-init_loop_index.md,developer,developer/hooks,hook,0,0,ok,
new:developer/hooks/filters/filter-bricks-query-loop_object,Filter: bricks/query/loop_object,https://academy.bricksbuilder.io/developer/hooks/filters/filter-bricks-query-loop_object/,corpus/bricks-academy/developer/hooks/filters/filter-bricks-query-loop_object.md,developer,developer/hooks,hook,0,0,ok,
new:developer/hooks/filters/filter-bricks-query-loop_object_id,Filter: bricks/query/loop_object_id,https://academy.bricksbuilder.io/developer/hooks/filters/filter-bricks-query-loop_object_id/,corpus/bricks-academy/developer/hooks/filters/filter-bricks-query-loop_object_id.md,developer,developer/hooks,hook,0,0,ok,
new:developer/hooks/filters/filter-bricks-query-loop_object_type,Filter: bricks/query/loop_object_type,https://academy.bricksbuilder.io/developer/hooks/filters/filter-bricks-query-loop_object_type/,corpus/bricks-academy/developer/hooks/filters/filter-bricks-query-loop_object_type.md,developer,developer/hooks,hook,0,0,ok,
new:developer/hooks/filters/filter-bricks-query-no_results_content,Filter: bricks/query/no_results_content,https://academy.bricksbuilder.io/developer/hooks/filters/filter-bricks-query-no_results_content/,corpus/bricks-academy/developer/hooks/filters/filter-bricks-query-no_results_content.md,developer,developer/hooks,hook,0,0,ok,
new:developer/hooks/filters/filter-bricks-query-result,Filter: bricks/query/result,https://academy.bricksbuilder.io/developer/hooks/filters/filter-bricks-query-result/,corpus/bricks-academy/developer/hooks/filters/filter-bricks-query-result.md,developer,developer/hooks,hook,0,0,ok,
new:developer/hooks/filters/filter-bricks-query-result_count,Filter: bricks/query/result_count,https://academy.bricksbuilder.io/developer/hooks/filters/filter-bricks-query-result_count/,corpus/bricks-academy/developer/hooks/filters/filter-bricks-query-result_count.md,developer,developer/hooks,hook,0,0,ok,
new:developer/hooks/filters/filter-bricks-query-result_max_num_pages,Filter: bricks/query/result_max_num_pages,https://academy.bricksbuilder.io/developer/hooks/filters/filter-bricks-query-result_max_num_pages/,corpus/bricks-academy/developer/hooks/filters/filter-bricks-query-result_max_num_pages.md,developer,developer/hooks,hook,0,0,ok,
new:developer/hooks/filters/filter-bricks-query-run,Filter: bricks/query/run,https://academy.bricksbuilder.io/developer/hooks/filters/filter-bricks-query-run/,corpus/bricks-academy/developer/hooks/filters/filter-bricks-query-run.md,developer,developer/hooks,hook,0,0,ok,
new:developer/hooks/filters/filter-bricks-registered_post_types_args,Filter: bricks/registered_post_types_args,https://academy.bricksbuilder.io/developer/hooks/filters/filter-bricks-registered_post_types_args/,corpus/bricks-academy/developer/hooks/filters/filter-bricks-registered_post_types_args.md,developer,developer/hooks,hook,0,0,ok,
new:developer/hooks/filters/filter-bricks-related_posts-query_vars,Filter: bricks/related_posts/query_vars,https://academy.bricksbuilder.io/developer/hooks/filters/filter-bricks-related_posts-query_vars/,corpus/bricks-academy/developer/hooks/filters/filter-bricks-related_posts-query_vars.md,developer,developer/hooks,hook,0,0,ok,
new:developer/hooks/filters/filter-bricks-render_query_loop_trail,Filter: bricks/render_query_loop_trail,https://academy.bricksbuilder.io/developer/hooks/filters/filter-bricks-render_query_loop_trail/,corpus/bricks-academy/developer/hooks/filters/filter-bricks-render_query_loop_trail.md,developer,developer/hooks,hook,0,0,ok,
new:developer/hooks/filters/filter-bricks-screen_conditions-scores,Filter: bricks/screen_conditions/scores,https://academy.bricksbuilder.io/developer/hooks/filters/filter-bricks-screen_conditions-scores/,corpus/bricks-academy/developer/hooks/filters/filter-bricks-screen_conditions-scores.md,developer,developer/hooks,hook,0,0,ok,
new:developer/hooks/filters/filter-bricks-search_form-home_url,Filter: bricks/search_form/home_url,https://academy.bricksbuilder.io/developer/hooks/filters/filter-bricks-search_form-home_url/,corpus/bricks-academy/developer/hooks/filters/filter-bricks-search_form-home_url.md,developer,developer/hooks,hook,0,0,ok,
new:developer/hooks/filters/filter-bricks-set_root_attributes,Filter: bricks/element/set_root_attributes,https://academy.bricksbuilder.io/developer/hooks/filters/filter-bricks-set_root_attributes/,corpus/bricks-academy/developer/hooks/filters/filter-bricks-set_root_attributes.md,developer,developer/hooks,hook,0,0,ok,
new:developer/hooks/filters/filter-bricks-setup-control_options,Filter: bricks/setup/control_options,https://academy.bricksbuilder.io/developer/hooks/filters/filter-bricks-setup-control_options/,corpus/bricks-academy/developer/hooks/filters/filter-bricks-setup-control_options.md,developer,developer/hooks,hook,0,0,ok,
new:developer/hooks/filters/filter-bricks-terms-query_vars,Filter: bricks/terms/query_vars,https://academy.bricksbuilder.io/developer/hooks/filters/filter-bricks-terms-query_vars/,corpus/bricks-academy/developer/hooks/filters/filter-bricks-terms-query_vars.md,developer,developer/hooks,hook,0,0,ok,
new:developer/hooks/filters/filter-bricks-use_duplicate_content,Filter: bricks/use_duplicate_content,https://academy.bricksbuilder.io/developer/hooks/filters/filter-bricks-use_duplicate_content/,corpus/bricks-academy/developer/hooks/filters/filter-bricks-use_duplicate_content.md,developer,developer/hooks,hook,2,0,ok,
new:developer/hooks/filters/filter-bricks-users-query_vars,Filter: bricks/users/query_vars,https://academy.bricksbuilder.io/developer/hooks/filters/filter-bricks-users-query_vars/,corpus/bricks-academy/developer/hooks/filters/filter-bricks-users-query_vars.md,developer,developer/hooks,hook,0,0,ok,
new:developer/hooks/filters/filter-builder-settings-type-controls_data,Filter: builder/settings/{type}/controls_data,https://academy.bricksbuilder.io/developer/hooks/filters/filter-builder-settings-type-controls_data/,corpus/bricks-academy/developer/hooks/filters/filter-builder-settings-type-controls_data.md,developer,developer/hooks,hook,0,0,ok,
new:developer/hooks/filters/filter-color-palette,Filter: bricks/builder/color_palette,https://academy.bricksbuilder.io/developer/hooks/filters/filter-color-palette/,corpus/bricks-academy/developer/hooks/filters/filter-color-palette.md,developer,developer/hooks,hook,0,0,ok,
new:developer/hooks/filters/filter-save-messages,Filter: bricks/builder/save_messages,https://academy.bricksbuilder.io/developer/hooks/filters/filter-save-messages/,corpus/bricks-academy/developer/hooks/filters/filter-save-messages.md,developer,developer/hooks,hook,0,0,ok,
new:developer/hooks/filters/filter-standard-fonts,Filter: bricks/builder/standard_fonts,https://academy.bricksbuilder.io/developer/hooks/filters/filter-standard-fonts/,corpus/bricks-academy/developer/hooks/filters/filter-standard-fonts.md,developer,developer/hooks,hook,0,0,ok,
new:developer/schema,Bricks Data Model,https://academy.bricksbuilder.io/developer/schema/,corpus/bricks-academy/developer/schema.md,developer,developer/schema,guide,0,0,ok,
new:developer/schema/controls/align-items,Align Items Control Schema,https://academy.bricksbuilder.io/developer/schema/controls/align-items/,corpus/bricks-academy/developer/schema/controls/align-items.md,developer,developer/schema,schema,0,0,ok,
new:developer/schema/controls/audio,Audio Control Schema,https://academy.bricksbuilder.io/developer/schema/controls/audio/,corpus/bricks-academy/developer/schema/controls/audio.md,developer,developer/schema,schema,0,0,ok,
new:developer/schema/controls/background,Background Control Schema,https://academy.bricksbuilder.io/developer/schema/controls/background/,corpus/bricks-academy/developer/schema/controls/background.md,developer,developer/schema,schema,0,0,ok,
new:developer/schema/controls/border,Border Control Schema,https://academy.bricksbuilder.io/developer/schema/controls/border/,corpus/bricks-academy/developer/schema/controls/border.md,developer,developer/schema,schema,0,0,ok,
new:developer/schema/controls/box-shadow,Box Shadow Control Schema,https://academy.bricksbuilder.io/developer/schema/controls/box-shadow/,corpus/bricks-academy/developer/schema/controls/box-shadow.md,developer,developer/schema,schema,0,0,ok,
new:developer/schema/controls/button,Button Control Schema,https://academy.bricksbuilder.io/developer/schema/controls/button/,corpus/bricks-academy/developer/schema/controls/button.md,developer,developer/schema,schema,0,0,ok,
new:developer/schema/controls/checkbox,Checkbox Control Schema,https://academy.bricksbuilder.io/developer/schema/controls/checkbox/,corpus/bricks-academy/developer/schema/controls/checkbox.md,developer,developer/schema,schema,0,0,ok,
new:developer/schema/controls/code,Code Control Schema,https://academy.bricksbuilder.io/developer/schema/controls/code/,corpus/bricks-academy/developer/schema/controls/code.md,developer,developer/schema,schema,0,0,ok,
new:developer/schema/controls/color,Color Control Schema,https://academy.bricksbuilder.io/developer/schema/controls/color/,corpus/bricks-academy/developer/schema/controls/color.md,developer,developer/schema,schema,0,0,ok,
new:developer/schema/controls/datepicker,Datepicker Control Schema,https://academy.bricksbuilder.io/developer/schema/controls/datepicker/,corpus/bricks-academy/developer/schema/controls/datepicker.md,developer,developer/schema,schema,0,0,ok,
new:developer/schema/controls/dimensions,Dimensions Control Schema,https://academy.bricksbuilder.io/developer/schema/controls/dimensions/,corpus/bricks-academy/developer/schema/controls/dimensions.md,developer,developer/schema,schema,0,0,ok,
new:developer/schema/controls/direction,Direction Control Schema,https://academy.bricksbuilder.io/developer/schema/controls/direction/,corpus/bricks-academy/developer/schema/controls/direction.md,developer,developer/schema,schema,0,0,ok,
new:developer/schema/controls/editor,Editor Control Schema,https://academy.bricksbuilder.io/developer/schema/controls/editor/,corpus/bricks-academy/developer/schema/controls/editor.md,developer,developer/schema,schema,0,0,ok,
new:developer/schema/controls/file,File Control Schema,https://academy.bricksbuilder.io/developer/schema/controls/file/,corpus/bricks-academy/developer/schema/controls/file.md,developer,developer/schema,schema,0,0,ok,
new:developer/schema/controls/filters,Filters Control Schema,https://academy.bricksbuilder.io/developer/schema/controls/filters/,corpus/bricks-academy/developer/schema/controls/filters.md,developer,developer/schema,schema,0,0,ok,
new:developer/schema/controls/icon,Icon Control Schema,https://academy.bricksbuilder.io/developer/schema/controls/icon/,corpus/bricks-academy/developer/schema/controls/icon.md,developer,developer/schema,schema,0,0,ok,
new:developer/schema/controls/image-gallery,Image Gallery Control Schema,https://academy.bricksbuilder.io/developer/schema/controls/image-gallery/,corpus/bricks-academy/developer/schema/controls/image-gallery.md,developer,developer/schema,schema,0,0,ok,
new:developer/schema/controls/image,Image Control Schema,https://academy.bricksbuilder.io/developer/schema/controls/image/,corpus/bricks-academy/developer/schema/controls/image.md,developer,developer/schema,schema,0,0,ok,
new:developer/schema/controls/justify-content,Justify Content Control Schema,https://academy.bricksbuilder.io/developer/schema/controls/justify-content/,corpus/bricks-academy/developer/schema/controls/justify-content.md,developer,developer/schema,schema,0,0,ok,
new:developer/schema/controls/link,Link Control Schema,https://academy.bricksbuilder.io/developer/schema/controls/link/,corpus/bricks-academy/developer/schema/controls/link.md,developer,developer/schema,schema,0,0,ok,
new:developer/schema/controls/number,Number Control Schema,https://academy.bricksbuilder.io/developer/schema/controls/number/,corpus/bricks-academy/developer/schema/controls/number.md,developer,developer/schema,schema,0,0,ok,
new:developer/schema/controls/query-list,Query List Control Schema,https://academy.bricksbuilder.io/developer/schema/controls/query-list/,corpus/bricks-academy/developer/schema/controls/query-list.md,developer,developer/schema,schema,0,0,ok,
new:developer/schema/controls/query,Query Control Schema,https://academy.bricksbuilder.io/developer/schema/controls/query/,corpus/bricks-academy/developer/schema/controls/query.md,developer,developer/schema,schema,0,0,ok,
new:developer/schema/controls/radio,Radio Control Schema,https://academy.bricksbuilder.io/developer/schema/controls/radio/,corpus/bricks-academy/developer/schema/controls/radio.md,developer,developer/schema,schema,0,0,ok,
new:developer/schema/controls/repeater,Repeater Control Schema,https://academy.bricksbuilder.io/developer/schema/controls/repeater/,corpus/bricks-academy/developer/schema/controls/repeater.md,developer,developer/schema,schema,0,0,ok,
new:developer/schema/controls/select,Select Control Schema,https://academy.bricksbuilder.io/developer/schema/controls/select/,corpus/bricks-academy/developer/schema/controls/select.md,developer,developer/schema,schema,0,0,ok,
new:developer/schema/controls/spacing,Spacing Control Schema,https://academy.bricksbuilder.io/developer/schema/controls/spacing/,corpus/bricks-academy/developer/schema/controls/spacing.md,developer,developer/schema,schema,0,0,ok,
new:developer/schema/controls/svg,Svg Control Schema,https://academy.bricksbuilder.io/developer/schema/controls/svg/,corpus/bricks-academy/developer/schema/controls/svg.md,developer,developer/schema,schema,0,0,ok,
new:developer/schema/controls/text-align,Text Align Control Schema,https://academy.bricksbuilder.io/developer/schema/controls/text-align/,corpus/bricks-academy/developer/schema/controls/text-align.md,developer,developer/schema,schema,0,0,ok,
new:developer/schema/controls/text-shadow,Text Shadow Control Schema,https://academy.bricksbuilder.io/developer/schema/controls/text-shadow/,corpus/bricks-academy/developer/schema/controls/text-shadow.md,developer,developer/schema,schema,0,0,ok,
new:developer/schema/controls/text,Text Control Schema,https://academy.bricksbuilder.io/developer/schema/controls/text/,corpus/bricks-academy/developer/schema/controls/text.md,developer,developer/schema,schema,0,0,ok,
new:developer/schema/controls/textarea,Textarea Control Schema,https://academy.bricksbuilder.io/developer/schema/controls/textarea/,corpus/bricks-academy/developer/schema/controls/textarea.md,developer,developer/schema,schema,0,0,ok,
new:developer/schema/controls/transform,Transform Control Schema,https://academy.bricksbuilder.io/developer/schema/controls/transform/,corpus/bricks-academy/developer/schema/controls/transform.md,developer,developer/schema,schema,0,0,ok,
new:developer/schema/controls/typography,Typography Control Schema,https://academy.bricksbuilder.io/developer/schema/controls/typography/,corpus/bricks-academy/developer/schema/controls/typography.md,developer,developer/schema,schema,0,0,ok,
new:developer/schema/controls/video,Video Control Schema,https://academy.bricksbuilder.io/developer/schema/controls/video/,corpus/bricks-academy/developer/schema/controls/video.md,developer,developer/schema,schema,0,0,ok,
new:developer/schema/elements/accordion-nested,Accordion (Nestable) Schema,https://academy.bricksbuilder.io/developer/schema/elements/accordion-nested/,corpus/bricks-academy/developer/schema/elements/accordion-nested.md,developer,developer/schema,schema,0,0,ok,
new:developer/schema/elements/accordion,Accordion Schema,https://academy.bricksbuilder.io/developer/schema/elements/accordion/,corpus/bricks-academy/developer/schema/elements/accordion.md,developer,developer/schema,schema,0,0,ok,
new:developer/schema/elements/alert,Alert Schema,https://academy.bricksbuilder.io/developer/schema/elements/alert/,corpus/bricks-academy/developer/schema/elements/alert.md,developer,developer/schema,schema,0,0,ok,
new:developer/schema/elements/animated-typing,Anim. Typing Schema,https://academy.bricksbuilder.io/developer/schema/elements/animated-typing/,corpus/bricks-academy/developer/schema/elements/animated-typing.md,developer,developer/schema,schema,0,0,ok,
new:developer/schema/elements/audio,Audio Schema,https://academy.bricksbuilder.io/developer/schema/elements/audio/,corpus/bricks-academy/developer/schema/elements/audio.md,developer,developer/schema,schema,0,0,ok,
new:developer/schema/elements/back-to-top,Back To Top Schema,https://academy.bricksbuilder.io/developer/schema/elements/back-to-top/,corpus/bricks-academy/developer/schema/elements/back-to-top.md,developer,developer/schema,schema,0,0,ok,
new:developer/schema/elements/block,Block Schema,https://academy.bricksbuilder.io/developer/schema/elements/block/,corpus/bricks-academy/developer/schema/elements/block.md,developer,developer/schema,schema,0,0,ok,
new:developer/schema/elements/breadcrumbs,Breadcrumbs Schema,https://academy.bricksbuilder.io/developer/schema/elements/breadcrumbs/,corpus/bricks-academy/developer/schema/elements/breadcrumbs.md,developer,developer/schema,schema,0,0,ok,
new:developer/schema/elements/button,Button Schema,https://academy.bricksbuilder.io/developer/schema/elements/button/,corpus/bricks-academy/developer/schema/elements/button.md,developer,developer/schema,schema,0,0,ok,
new:developer/schema/elements/carousel,Carousel Schema,https://academy.bricksbuilder.io/developer/schema/elements/carousel/,corpus/bricks-academy/developer/schema/elements/carousel.md,developer,developer/schema,schema,0,0,ok,
new:developer/schema/elements/code,Code Schema,https://academy.bricksbuilder.io/developer/schema/elements/code/,corpus/bricks-academy/developer/schema/elements/code.md,developer,developer/schema,schema,0,0,ok,
new:developer/schema/elements/common/conditions,Element Conditions Schema,https://academy.bricksbuilder.io/developer/schema/elements/common/conditions/,corpus/bricks-academy/developer/schema/elements/common/conditions.md,developer,developer/schema,schema,0,0,ok,
new:developer/schema/elements/common/element,Element Schema,https://academy.bricksbuilder.io/developer/schema/elements/common/element/,corpus/bricks-academy/developer/schema/elements/common/element.md,developer,developer/schema,schema,0,0,ok,
new:developer/schema/elements/common/interactions,Element Interactions Schema,https://academy.bricksbuilder.io/developer/schema/elements/common/interactions/,corpus/bricks-academy/developer/schema/elements/common/interactions.md,developer,developer/schema,schema,0,0,ok,
new:developer/schema/elements/container,Container Schema,https://academy.bricksbuilder.io/developer/schema/elements/container/,corpus/bricks-academy/developer/schema/elements/container.md,developer,developer/schema,schema,0,0,ok,
new:developer/schema/elements/countdown,Countdown Schema,https://academy.bricksbuilder.io/developer/schema/elements/countdown/,corpus/bricks-academy/developer/schema/elements/countdown.md,developer,developer/schema,schema,0,0,ok,
new:developer/schema/elements/counter,Counter Schema,https://academy.bricksbuilder.io/developer/schema/elements/counter/,corpus/bricks-academy/developer/schema/elements/counter.md,developer,developer/schema,schema,0,0,ok,
new:developer/schema/elements/div,Div Schema,https://academy.bricksbuilder.io/developer/schema/elements/div/,corpus/bricks-academy/developer/schema/elements/div.md,developer,developer/schema,schema,0,0,ok,
new:developer/schema/elements/divider,Divider Schema,https://academy.bricksbuilder.io/developer/schema/elements/divider/,corpus/bricks-academy/developer/schema/elements/divider.md,developer,developer/schema,schema,0,0,ok,
new:developer/schema/elements/dropdown,Dropdown Schema,https://academy.bricksbuilder.io/developer/schema/elements/dropdown/,corpus/bricks-academy/developer/schema/elements/dropdown.md,developer,developer/schema,schema,0,0,ok,
new:developer/schema/elements/facebook-page,Facebook Page Schema,https://academy.bricksbuilder.io/developer/schema/elements/facebook-page/,corpus/bricks-academy/developer/schema/elements/facebook-page.md,developer,developer/schema,schema,0,0,ok,
new:developer/schema/elements/file,File Schema,https://academy.bricksbuilder.io/developer/schema/elements/file/,corpus/bricks-academy/developer/schema/elements/file.md,developer,developer/schema,schema,0,0,ok,
new:developer/schema/elements/filter-active-filters,Filter - Active Filters Schema,https://academy.bricksbuilder.io/developer/schema/elements/filter-active-filters/,corpus/bricks-academy/developer/schema/elements/filter-active-filters.md,developer,developer/schema,schema,0,0,ok,
new:developer/schema/elements/filter-checkbox,Filter - Checkbox Schema,https://academy.bricksbuilder.io/developer/schema/elements/filter-checkbox/,corpus/bricks-academy/developer/schema/elements/filter-checkbox.md,developer,developer/schema,schema,0,0,ok,
new:developer/schema/elements/filter-datepicker,Filter - Datepicker Schema,https://academy.bricksbuilder.io/developer/schema/elements/filter-datepicker/,corpus/bricks-academy/developer/schema/elements/filter-datepicker.md,developer,developer/schema,schema,0,0,ok,
new:developer/schema/elements/filter-radio,Filter - Radio Schema,https://academy.bricksbuilder.io/developer/schema/elements/filter-radio/,corpus/bricks-academy/developer/schema/elements/filter-radio.md,developer,developer/schema,schema,0,0,ok,
new:developer/schema/elements/filter-range,Filter - Range Schema,https://academy.bricksbuilder.io/developer/schema/elements/filter-range/,corpus/bricks-academy/developer/schema/elements/filter-range.md,developer,developer/schema,schema,0,0,ok,
new:developer/schema/elements/filter-search,Filter - Search Schema,https://academy.bricksbuilder.io/developer/schema/elements/filter-search/,corpus/bricks-academy/developer/schema/elements/filter-search.md,developer,developer/schema,schema,0,0,ok,
new:developer/schema/elements/filter-select,Filter - Select Schema,https://academy.bricksbuilder.io/developer/schema/elements/filter-select/,corpus/bricks-academy/developer/schema/elements/filter-select.md,developer,developer/schema,schema,0,0,ok,
new:developer/schema/elements/filter-submit,Filter - Submit / Reset Schema,https://academy.bricksbuilder.io/developer/schema/elements/filter-submit/,corpus/bricks-academy/developer/schema/elements/filter-submit.md,developer,developer/schema,schema,0,0,ok,
new:developer/schema/elements/form-checkbox,Form - Checkbox Schema,https://academy.bricksbuilder.io/developer/schema/elements/form-checkbox/,corpus/bricks-academy/developer/schema/elements/form-checkbox.md,developer,developer/schema,schema,0,0,ok,
new:developer/schema/elements/form,Form Schema,https://academy.bricksbuilder.io/developer/schema/elements/form/,corpus/bricks-academy/developer/schema/elements/form.md,developer,developer/schema,schema,0,0,ok,
new:developer/schema/elements/heading,Heading Schema,https://academy.bricksbuilder.io/developer/schema/elements/heading/,corpus/bricks-academy/developer/schema/elements/heading.md,developer,developer/schema,schema,0,0,ok,
new:developer/schema/elements/html,HTML Schema,https://academy.bricksbuilder.io/developer/schema/elements/html/,corpus/bricks-academy/developer/schema/elements/html.md,developer,developer/schema,schema,0,0,ok,
new:developer/schema/elements/icon-box,Icon Box Schema,https://academy.bricksbuilder.io/developer/schema/elements/icon-box/,corpus/bricks-academy/developer/schema/elements/icon-box.md,developer,developer/schema,schema,0,0,ok,
new:developer/schema/elements/icon,Icon Schema,https://academy.bricksbuilder.io/developer/schema/elements/icon/,corpus/bricks-academy/developer/schema/elements/icon.md,developer,developer/schema,schema,0,0,ok,
new:developer/schema/elements/image-gallery,Image Gallery Schema,https://academy.bricksbuilder.io/developer/schema/elements/image-gallery/,corpus/bricks-academy/developer/schema/elements/image-gallery.md,developer,developer/schema,schema,0,0,ok,
new:developer/schema/elements/image,Image Schema,https://academy.bricksbuilder.io/developer/schema/elements/image/,corpus/bricks-academy/developer/schema/elements/image.md,developer,developer/schema,schema,0,0,ok,
new:developer/schema/elements/instagram-feed,Instagram Feed Schema,https://academy.bricksbuilder.io/developer/schema/elements/instagram-feed/,corpus/bricks-academy/developer/schema/elements/instagram-feed.md,developer,developer/schema,schema,0,0,ok,
new:developer/schema/elements/list,List Schema,https://academy.bricksbuilder.io/developer/schema/elements/list/,corpus/bricks-academy/developer/schema/elements/list.md,developer,developer/schema,schema,0,0,ok,
new:developer/schema/elements/logo,Logo Schema,https://academy.bricksbuilder.io/developer/schema/elements/logo/,corpus/bricks-academy/developer/schema/elements/logo.md,developer,developer/schema,schema,0,0,ok,
new:developer/schema/elements/map-connector,Map Connector Schema,https://academy.bricksbuilder.io/developer/schema/elements/map-connector/,corpus/bricks-academy/developer/schema/elements/map-connector.md,developer,developer/schema,schema,0,0,ok,
new:developer/schema/elements/map-leaflet,Map (Leaflet) Schema,https://academy.bricksbuilder.io/developer/schema/elements/map-leaflet/,corpus/bricks-academy/developer/schema/elements/map-leaflet.md,developer,developer/schema,schema,0,0,ok,
new:developer/schema/elements/map,Map (Google) Schema,https://academy.bricksbuilder.io/developer/schema/elements/map/,corpus/bricks-academy/developer/schema/elements/map.md,developer,developer/schema,schema,0,0,ok,
new:developer/schema/elements/nav-menu,Nav Menu Schema,https://academy.bricksbuilder.io/developer/schema/elements/nav-menu/,corpus/bricks-academy/developer/schema/elements/nav-menu.md,developer,developer/schema,schema,0,0,ok,
new:developer/schema/elements/nav-nested,Nav (Nestable) Schema,https://academy.bricksbuilder.io/developer/schema/elements/nav-nested/,corpus/bricks-academy/developer/schema/elements/nav-nested.md,developer,developer/schema,schema,0,0,ok,
new:developer/schema/elements/offcanvas,Offcanvas Schema,https://academy.bricksbuilder.io/developer/schema/elements/offcanvas/,corpus/bricks-academy/developer/schema/elements/offcanvas.md,developer,developer/schema,schema,0,0,ok,
new:developer/schema/elements/pagination,Pagination Schema,https://academy.bricksbuilder.io/developer/schema/elements/pagination/,corpus/bricks-academy/developer/schema/elements/pagination.md,developer,developer/schema,schema,0,0,ok,
new:developer/schema/elements/pie-chart,Pie Chart Schema,https://academy.bricksbuilder.io/developer/schema/elements/pie-chart/,corpus/bricks-academy/developer/schema/elements/pie-chart.md,developer,developer/schema,schema,0,0,ok,
new:developer/schema/elements/post-author,Author Schema,https://academy.bricksbuilder.io/developer/schema/elements/post-author/,corpus/bricks-academy/developer/schema/elements/post-author.md,developer,developer/schema,schema,0,0,ok,
new:developer/schema/elements/post-comments,Comments Schema,https://academy.bricksbuilder.io/developer/schema/elements/post-comments/,corpus/bricks-academy/developer/schema/elements/post-comments.md,developer,developer/schema,schema,0,0,ok,
new:developer/schema/elements/post-content,Post Content Schema,https://academy.bricksbuilder.io/developer/schema/elements/post-content/,corpus/bricks-academy/developer/schema/elements/post-content.md,developer,developer/schema,schema,0,0,ok,
new:developer/schema/elements/post-excerpt,Excerpt Schema,https://academy.bricksbuilder.io/developer/schema/elements/post-excerpt/,corpus/bricks-academy/developer/schema/elements/post-excerpt.md,developer,developer/schema,schema,0,0,ok,
new:developer/schema/elements/post-meta,Meta Data Schema,https://academy.bricksbuilder.io/developer/schema/elements/post-meta/,corpus/bricks-academy/developer/schema/elements/post-meta.md,developer,developer/schema,schema,0,0,ok,
new:developer/schema/elements/post-navigation,Post Navigation Schema,https://academy.bricksbuilder.io/developer/schema/elements/post-navigation/,corpus/bricks-academy/developer/schema/elements/post-navigation.md,developer,developer/schema,schema,0,0,ok,
new:developer/schema/elements/post-reading-progress-bar,Reading Progress Bar Schema,https://academy.bricksbuilder.io/developer/schema/elements/post-reading-progress-bar/,corpus/bricks-academy/developer/schema/elements/post-reading-progress-bar.md,developer,developer/schema,schema,0,0,ok,
new:developer/schema/elements/post-reading-time,Reading Time Schema,https://academy.bricksbuilder.io/developer/schema/elements/post-reading-time/,corpus/bricks-academy/developer/schema/elements/post-reading-time.md,developer,developer/schema,schema,0,0,ok,
new:developer/schema/elements/post-sharing,Social Sharing Schema,https://academy.bricksbuilder.io/developer/schema/elements/post-sharing/,corpus/bricks-academy/developer/schema/elements/post-sharing.md,developer,developer/schema,schema,0,0,ok,
new:developer/schema/elements/post-taxonomy,Taxonomy Schema,https://academy.bricksbuilder.io/developer/schema/elements/post-taxonomy/,corpus/bricks-academy/developer/schema/elements/post-taxonomy.md,developer,developer/schema,schema,0,0,ok,
new:developer/schema/elements/post-title,Post Title Schema,https://academy.bricksbuilder.io/developer/schema/elements/post-title/,corpus/bricks-academy/developer/schema/elements/post-title.md,developer,developer/schema,schema,0,0,ok,
new:developer/schema/elements/post-toc,Table Of Contents Schema,https://academy.bricksbuilder.io/developer/schema/elements/post-toc/,corpus/bricks-academy/developer/schema/elements/post-toc.md,developer,developer/schema,schema,0,0,ok,
new:developer/schema/elements/posts,Posts Schema,https://academy.bricksbuilder.io/developer/schema/elements/posts/,corpus/bricks-academy/developer/schema/elements/posts.md,developer,developer/schema,schema,0,0,ok,
new:developer/schema/elements/pricing-tables,Pricing Tables Schema,https://academy.bricksbuilder.io/developer/schema/elements/pricing-tables/,corpus/bricks-academy/developer/schema/elements/pricing-tables.md,developer,developer/schema,schema,0,0,ok,
new:developer/schema/elements/product-add-to-cart,Add To Cart Schema,https://academy.bricksbuilder.io/developer/schema/elements/product-add-to-cart/,corpus/bricks-academy/developer/schema/elements/product-add-to-cart.md,developer,developer/schema,schema,0,0,ok,
new:developer/schema/elements/product-additional-information,Product Additional Information Schema,https://academy.bricksbuilder.io/developer/schema/elements/product-additional-information/,corpus/bricks-academy/developer/schema/elements/product-additional-information.md,developer,developer/schema,schema,0,0,ok,
new:developer/schema/elements/product-content,Product Content Schema,https://academy.bricksbuilder.io/developer/schema/elements/product-content/,corpus/bricks-academy/developer/schema/elements/product-content.md,developer,developer/schema,schema,0,0,ok,
new:developer/schema/elements/product-gallery,Product Gallery Schema,https://academy.bricksbuilder.io/developer/schema/elements/product-gallery/,corpus/bricks-academy/developer/schema/elements/product-gallery.md,developer,developer/schema,schema,0,0,ok,
new:developer/schema/elements/product-meta,Product Meta Schema,https://academy.bricksbuilder.io/developer/schema/elements/product-meta/,corpus/bricks-academy/developer/schema/elements/product-meta.md,developer,developer/schema,schema,0,0,ok,
new:developer/schema/elements/product-price,Product Price Schema,https://academy.bricksbuilder.io/developer/schema/elements/product-price/,corpus/bricks-academy/developer/schema/elements/product-price.md,developer,developer/schema,schema,0,0,ok,
new:developer/schema/elements/product-rating,Product Rating Schema,https://academy.bricksbuilder.io/developer/schema/elements/product-rating/,corpus/bricks-academy/developer/schema/elements/product-rating.md,developer,developer/schema,schema,0,0,ok,
new:developer/schema/elements/product-related,Related Products Schema,https://academy.bricksbuilder.io/developer/schema/elements/product-related/,corpus/bricks-academy/developer/schema/elements/product-related.md,developer,developer/schema,schema,0,0,ok,
new:developer/schema/elements/product-reviews,Product Reviews Schema,https://academy.bricksbuilder.io/developer/schema/elements/product-reviews/,corpus/bricks-academy/developer/schema/elements/product-reviews.md,developer,developer/schema,schema,0,0,ok,
new:developer/schema/elements/product-short-description,Product Short Description Schema,https://academy.bricksbuilder.io/developer/schema/elements/product-short-description/,corpus/bricks-academy/developer/schema/elements/product-short-description.md,developer,developer/schema,schema,0,0,ok,
new:developer/schema/elements/product-stock,Product Stock Schema,https://academy.bricksbuilder.io/developer/schema/elements/product-stock/,corpus/bricks-academy/developer/schema/elements/product-stock.md,developer,developer/schema,schema,0,0,ok,
new:developer/schema/elements/product-tabs,Product Tabs Schema,https://academy.bricksbuilder.io/developer/schema/elements/product-tabs/,corpus/bricks-academy/developer/schema/elements/product-tabs.md,developer,developer/schema,schema,0,0,ok,
new:developer/schema/elements/product-title,Product Title Schema,https://academy.bricksbuilder.io/developer/schema/elements/product-title/,corpus/bricks-academy/developer/schema/elements/product-title.md,developer,developer/schema,schema,0,0,ok,
new:developer/schema/elements/product-upsells,Product Up/Cross-Sells Schema,https://academy.bricksbuilder.io/developer/schema/elements/product-upsells/,corpus/bricks-academy/developer/schema/elements/product-upsells.md,developer,developer/schema,schema,0,0,ok,
new:developer/schema/elements/progress-bar,Progress Bar Schema,https://academy.bricksbuilder.io/developer/schema/elements/progress-bar/,corpus/bricks-academy/developer/schema/elements/progress-bar.md,developer,developer/schema,schema,0,0,ok,
new:developer/schema/elements/query-results-summary,Query Results Summary Schema,https://academy.bricksbuilder.io/developer/schema/elements/query-results-summary/,corpus/bricks-academy/developer/schema/elements/query-results-summary.md,developer,developer/schema,schema,0,0,ok,
new:developer/schema/elements/rating,Rating Schema,https://academy.bricksbuilder.io/developer/schema/elements/rating/,corpus/bricks-academy/developer/schema/elements/rating.md,developer,developer/schema,schema,0,0,ok,
new:developer/schema/elements/related-posts,Related Posts Schema,https://academy.bricksbuilder.io/developer/schema/elements/related-posts/,corpus/bricks-academy/developer/schema/elements/related-posts.md,developer,developer/schema,schema,0,0,ok,
new:developer/schema/elements/search,Search Schema,https://academy.bricksbuilder.io/developer/schema/elements/search/,corpus/bricks-academy/developer/schema/elements/search.md,developer,developer/schema,schema,0,0,ok,
new:developer/schema/elements/section,Section Schema,https://academy.bricksbuilder.io/developer/schema/elements/section/,corpus/bricks-academy/developer/schema/elements/section.md,developer,developer/schema,schema,0,0,ok,
new:developer/schema/elements/shortcode,Shortcode Schema,https://academy.bricksbuilder.io/developer/schema/elements/shortcode/,corpus/bricks-academy/developer/schema/elements/shortcode.md,developer,developer/schema,schema,0,0,ok,
new:developer/schema/elements/sidebar,Sidebar Schema,https://academy.bricksbuilder.io/developer/schema/elements/sidebar/,corpus/bricks-academy/developer/schema/elements/sidebar.md,developer,developer/schema,schema,0,0,ok,
new:developer/schema/elements/slider-nested,Slidercarousel Elementbricks (Nestable) Schema,https://academy.bricksbuilder.io/developer/schema/elements/slider-nested/,corpus/bricks-academy/developer/schema/elements/slider-nested.md,developer,developer/schema,schema,0,0,ok,
new:developer/schema/elements/slider,Slidercarousel Elementbricks Schema,https://academy.bricksbuilder.io/developer/schema/elements/slider/,corpus/bricks-academy/developer/schema/elements/slider.md,developer,developer/schema,schema,0,0,ok,
new:developer/schema/elements/slot,Slot Schema,https://academy.bricksbuilder.io/developer/schema/elements/slot/,corpus/bricks-academy/developer/schema/elements/slot.md,developer,developer/schema,schema,0,0,ok,
new:developer/schema/elements/social-icons,Icon List Schema,https://academy.bricksbuilder.io/developer/schema/elements/social-icons/,corpus/bricks-academy/developer/schema/elements/social-icons.md,developer,developer/schema,schema,0,0,ok,
new:developer/schema/elements/svg,SVG Schema,https://academy.bricksbuilder.io/developer/schema/elements/svg/,corpus/bricks-academy/developer/schema/elements/svg.md,developer,developer/schema,schema,0,0,ok,
new:developer/schema/elements/tabs-nested,Tabs (Nestable) Schema,https://academy.bricksbuilder.io/developer/schema/elements/tabs-nested/,corpus/bricks-academy/developer/schema/elements/tabs-nested.md,developer,developer/schema,schema,0,0,ok,
new:developer/schema/elements/tabs,Tabs Schema,https://academy.bricksbuilder.io/developer/schema/elements/tabs/,corpus/bricks-academy/developer/schema/elements/tabs.md,developer,developer/schema,schema,0,0,ok,
new:developer/schema/elements/team-members,Team Members Schema,https://academy.bricksbuilder.io/developer/schema/elements/team-members/,corpus/bricks-academy/developer/schema/elements/team-members.md,developer,developer/schema,schema,0,0,ok,
new:developer/schema/elements/template,Template Schema,https://academy.bricksbuilder.io/developer/schema/elements/template/,corpus/bricks-academy/developer/schema/elements/template.md,developer,developer/schema,schema,0,0,ok,
new:developer/schema/elements/testimonials,Testimonials Schema,https://academy.bricksbuilder.io/developer/schema/elements/testimonials/,corpus/bricks-academy/developer/schema/elements/testimonials.md,developer,developer/schema,schema,0,0,ok,
new:developer/schema/elements/text-basic,Basic Text Schema,https://academy.bricksbuilder.io/developer/schema/elements/text-basic/,corpus/bricks-academy/developer/schema/elements/text-basic.md,developer,developer/schema,schema,0,0,ok,
new:developer/schema/elements/text-link,Text Link Schema,https://academy.bricksbuilder.io/developer/schema/elements/text-link/,corpus/bricks-academy/developer/schema/elements/text-link.md,developer,developer/schema,schema,0,0,ok,
new:developer/schema/elements/text,Rich Text Schema,https://academy.bricksbuilder.io/developer/schema/elements/text/,corpus/bricks-academy/developer/schema/elements/text.md,developer,developer/schema,schema,0,0,ok,
new:developer/schema/elements/toggle-mode,Toggle - Mode Schema,https://academy.bricksbuilder.io/developer/schema/elements/toggle-mode/,corpus/bricks-academy/developer/schema/elements/toggle-mode.md,developer,developer/schema,schema,0,0,ok,
new:developer/schema/elements/toggle,Toggle Schema,https://academy.bricksbuilder.io/developer/schema/elements/toggle/,corpus/bricks-academy/developer/schema/elements/toggle.md,developer,developer/schema,schema,0,0,ok,
new:developer/schema/elements/video,Video Schema,https://academy.bricksbuilder.io/developer/schema/elements/video/,corpus/bricks-academy/developer/schema/elements/video.md,developer,developer/schema,schema,0,0,ok,
new:developer/schema/elements/woocommerce-account-add-payment-method,Account - Add Payment Method Schema,https://academy.bricksbuilder.io/developer/schema/elements/woocommerce-account-add-payment-method/,corpus/bricks-academy/developer/schema/elements/woocommerce-account-add-payment-method.md,developer,developer/schema,schema,0,0,ok,
new:developer/schema/elements/woocommerce-account-addresses,Account - Addresses Schema,https://academy.bricksbuilder.io/developer/schema/elements/woocommerce-account-addresses/,corpus/bricks-academy/developer/schema/elements/woocommerce-account-addresses.md,developer,developer/schema,schema,0,0,ok,
new:developer/schema/elements/woocommerce-account-downloads,Account - Downloads Schema,https://academy.bricksbuilder.io/developer/schema/elements/woocommerce-account-downloads/,corpus/bricks-academy/developer/schema/elements/woocommerce-account-downloads.md,developer,developer/schema,schema,0,0,ok,
new:developer/schema/elements/woocommerce-account-edit-account-form,Account Edit Account Form Schema,https://academy.bricksbuilder.io/developer/schema/elements/woocommerce-account-edit-account-form/,corpus/bricks-academy/developer/schema/elements/woocommerce-account-edit-account-form.md,developer,developer/schema,schema,0,0,ok,
new:developer/schema/elements/woocommerce-account-edit-address-form,Account Edit Address Form Schema,https://academy.bricksbuilder.io/developer/schema/elements/woocommerce-account-edit-address-form/,corpus/bricks-academy/developer/schema/elements/woocommerce-account-edit-address-form.md,developer,developer/schema,schema,0,0,ok,
new:developer/schema/elements/woocommerce-account-form-edit-account,Account - Edit Account Schema,https://academy.bricksbuilder.io/developer/schema/elements/woocommerce-account-form-edit-account/,corpus/bricks-academy/developer/schema/elements/woocommerce-account-form-edit-account.md,developer,developer/schema,schema,0,0,ok,
new:developer/schema/elements/woocommerce-account-form-edit-address,Account - Edit Address Schema,https://academy.bricksbuilder.io/developer/schema/elements/woocommerce-account-form-edit-address/,corpus/bricks-academy/developer/schema/elements/woocommerce-account-form-edit-address.md,developer,developer/schema,schema,0,0,ok,
new:developer/schema/elements/woocommerce-account-form-login,Account - Login Form Schema,https://academy.bricksbuilder.io/developer/schema/elements/woocommerce-account-form-login/,corpus/bricks-academy/developer/schema/elements/woocommerce-account-form-login.md,developer,developer/schema,schema,0,0,ok,
new:developer/schema/elements/woocommerce-account-form-lost-password,Account - Lost Password Schema,https://academy.bricksbuilder.io/developer/schema/elements/woocommerce-account-form-lost-password/,corpus/bricks-academy/developer/schema/elements/woocommerce-account-form-lost-password.md,developer,developer/schema,schema,0,0,ok,
new:developer/schema/elements/woocommerce-account-form-register,Account - Register Form Schema,https://academy.bricksbuilder.io/developer/schema/elements/woocommerce-account-form-register/,corpus/bricks-academy/developer/schema/elements/woocommerce-account-form-register.md,developer,developer/schema,schema,0,0,ok,
new:developer/schema/elements/woocommerce-account-form-reset-password,Account - Reset Password Schema,https://academy.bricksbuilder.io/developer/schema/elements/woocommerce-account-form-reset-password/,corpus/bricks-academy/developer/schema/elements/woocommerce-account-form-reset-password.md,developer,developer/schema,schema,0,0,ok,
new:developer/schema/elements/woocommerce-account-login-form,WooCommerce Login Form Schema,https://academy.bricksbuilder.io/developer/schema/elements/woocommerce-account-login-form/,corpus/bricks-academy/developer/schema/elements/woocommerce-account-login-form.md,developer,developer/schema,schema,0,0,ok,
new:developer/schema/elements/woocommerce-account-lost-password-form,Account Lost Password Form Schema,https://academy.bricksbuilder.io/developer/schema/elements/woocommerce-account-lost-password-form/,corpus/bricks-academy/developer/schema/elements/woocommerce-account-lost-password-form.md,developer,developer/schema,schema,0,0,ok,
new:developer/schema/elements/woocommerce-account-order-withdrawal-form,Account Order Withdrawal Form Schema,https://academy.bricksbuilder.io/developer/schema/elements/woocommerce-account-order-withdrawal-form/,corpus/bricks-academy/developer/schema/elements/woocommerce-account-order-withdrawal-form.md,developer,developer/schema,schema,0,0,ok,
new:developer/schema/elements/woocommerce-account-orders-pagination,Account - Orders Pagination Schema,https://academy.bricksbuilder.io/developer/schema/elements/woocommerce-account-orders-pagination/,corpus/bricks-academy/developer/schema/elements/woocommerce-account-orders-pagination.md,developer,developer/schema,schema,0,0,ok,
new:developer/schema/elements/woocommerce-account-orders,Account - Orders Schema,https://academy.bricksbuilder.io/developer/schema/elements/woocommerce-account-orders/,corpus/bricks-academy/developer/schema/elements/woocommerce-account-orders.md,developer,developer/schema,schema,0,0,ok,
new:developer/schema/elements/woocommerce-account-page-v2,Account - Page V2 Schema,https://academy.bricksbuilder.io/developer/schema/elements/woocommerce-account-page-v2/,corpus/bricks-academy/developer/schema/elements/woocommerce-account-page-v2.md,developer,developer/schema,schema,0,0,ok,
new:developer/schema/elements/woocommerce-account-page,Account - Page Schema,https://academy.bricksbuilder.io/developer/schema/elements/woocommerce-account-page/,corpus/bricks-academy/developer/schema/elements/woocommerce-account-page.md,developer,developer/schema,schema,0,0,ok,
new:developer/schema/elements/woocommerce-account-payment-methods,Account - Payment Methods Schema,https://academy.bricksbuilder.io/developer/schema/elements/woocommerce-account-payment-methods/,corpus/bricks-academy/developer/schema/elements/woocommerce-account-payment-methods.md,developer,developer/schema,schema,0,0,ok,
new:developer/schema/elements/woocommerce-account-register-form,Account Register Form Schema,https://academy.bricksbuilder.io/developer/schema/elements/woocommerce-account-register-form/,corpus/bricks-academy/developer/schema/elements/woocommerce-account-register-form.md,developer,developer/schema,schema,0,0,ok,
new:developer/schema/elements/woocommerce-account-reset-password-form,Account Reset Password Form Schema,https://academy.bricksbuilder.io/developer/schema/elements/woocommerce-account-reset-password-form/,corpus/bricks-academy/developer/schema/elements/woocommerce-account-reset-password-form.md,developer,developer/schema,schema,0,0,ok,
new:developer/schema/elements/woocommerce-account-v2-state-add-payment-method,Add Payment Method (StateWooCommerce Template Statebricks) Schema,https://academy.bricksbuilder.io/developer/schema/elements/woocommerce-account-v2-state-add-payment-method/,corpus/bricks-academy/developer/schema/elements/woocommerce-account-v2-state-add-payment-method.md,developer,developer/schema,schema,0,0,ok,
new:developer/schema/elements/woocommerce-account-v2-state-addresses,Addresses (StateWooCommerce Template Statebricks) Schema,https://academy.bricksbuilder.io/developer/schema/elements/woocommerce-account-v2-state-addresses/,corpus/bricks-academy/developer/schema/elements/woocommerce-account-v2-state-addresses.md,developer,developer/schema,schema,0,0,ok,
new:developer/schema/elements/woocommerce-account-v2-state-dashboard,Dashboard (StateWooCommerce Template Statebricks) Schema,https://academy.bricksbuilder.io/developer/schema/elements/woocommerce-account-v2-state-dashboard/,corpus/bricks-academy/developer/schema/elements/woocommerce-account-v2-state-dashboard.md,developer,developer/schema,schema,0,0,ok,
new:developer/schema/elements/woocommerce-account-v2-state-downloads,Downloads (StateWooCommerce Template Statebricks) Schema,https://academy.bricksbuilder.io/developer/schema/elements/woocommerce-account-v2-state-downloads/,corpus/bricks-academy/developer/schema/elements/woocommerce-account-v2-state-downloads.md,developer,developer/schema,schema,0,0,ok,
new:developer/schema/elements/woocommerce-account-v2-state-edit-account,Edit Account (StateWooCommerce Template Statebricks) Schema,https://academy.bricksbuilder.io/developer/schema/elements/woocommerce-account-v2-state-edit-account/,corpus/bricks-academy/developer/schema/elements/woocommerce-account-v2-state-edit-account.md,developer,developer/schema,schema,0,0,ok,
new:developer/schema/elements/woocommerce-account-v2-state-edit-address,Edit Address (StateWooCommerce Template Statebricks) Schema,https://academy.bricksbuilder.io/developer/schema/elements/woocommerce-account-v2-state-edit-address/,corpus/bricks-academy/developer/schema/elements/woocommerce-account-v2-state-edit-address.md,developer,developer/schema,schema,0,0,ok,
new:developer/schema/elements/woocommerce-account-v2-state-login,Login (StateWooCommerce Template Statebricks) Schema,https://academy.bricksbuilder.io/developer/schema/elements/woocommerce-account-v2-state-login/,corpus/bricks-academy/developer/schema/elements/woocommerce-account-v2-state-login.md,developer,developer/schema,schema,0,0,ok,
new:developer/schema/elements/woocommerce-account-v2-state-lost-password-confirmation,Lost Password Confirmation (StateWooCommerce Template Statebricks) Schema,https://academy.bricksbuilder.io/developer/schema/elements/woocommerce-account-v2-state-lost-password-confirmation/,corpus/bricks-academy/developer/schema/elements/woocommerce-account-v2-state-lost-password-confirmation.md,developer,developer/schema,schema,0,0,ok,
new:developer/schema/elements/woocommerce-account-v2-state-lost-password,Lost Password (StateWooCommerce Template Statebricks) Schema,https://academy.bricksbuilder.io/developer/schema/elements/woocommerce-account-v2-state-lost-password/,corpus/bricks-academy/developer/schema/elements/woocommerce-account-v2-state-lost-password.md,developer,developer/schema,schema,0,0,ok,
new:developer/schema/elements/woocommerce-account-v2-state-order-withdrawal,Order Withdrawal (StateWooCommerce Template Statebricks) Schema,https://academy.bricksbuilder.io/developer/schema/elements/woocommerce-account-v2-state-order-withdrawal/,corpus/bricks-academy/developer/schema/elements/woocommerce-account-v2-state-order-withdrawal.md,developer,developer/schema,schema,0,0,ok,
new:developer/schema/elements/woocommerce-account-v2-state-orders,Orders (StateWooCommerce Template Statebricks) Schema,https://academy.bricksbuilder.io/developer/schema/elements/woocommerce-account-v2-state-orders/,corpus/bricks-academy/developer/schema/elements/woocommerce-account-v2-state-orders.md,developer,developer/schema,schema,0,0,ok,
new:developer/schema/elements/woocommerce-account-v2-state-payment-methods,Payment Methods (StateWooCommerce Template Statebricks) Schema,https://academy.bricksbuilder.io/developer/schema/elements/woocommerce-account-v2-state-payment-methods/,corpus/bricks-academy/developer/schema/elements/woocommerce-account-v2-state-payment-methods.md,developer,developer/schema,schema,0,0,ok,
new:developer/schema/elements/woocommerce-account-v2-state-reset-password,Reset Password (StateWooCommerce Template Statebricks) Schema,https://academy.bricksbuilder.io/developer/schema/elements/woocommerce-account-v2-state-reset-password/,corpus/bricks-academy/developer/schema/elements/woocommerce-account-v2-state-reset-password.md,developer,developer/schema,schema,0,0,ok,
new:developer/schema/elements/woocommerce-account-v2-state-view-order,View Order (StateWooCommerce Template Statebricks) Schema,https://academy.bricksbuilder.io/developer/schema/elements/woocommerce-account-v2-state-view-order/,corpus/bricks-academy/developer/schema/elements/woocommerce-account-v2-state-view-order.md,developer,developer/schema,schema,0,0,ok,
new:developer/schema/elements/woocommerce-account-view-order,Account - View Order Schema,https://academy.bricksbuilder.io/developer/schema/elements/woocommerce-account-view-order/,corpus/bricks-academy/developer/schema/elements/woocommerce-account-view-order.md,developer,developer/schema,schema,0,0,ok,
new:developer/schema/elements/woocommerce-breadcrumbs,Breadcrumbs (WooCommerce) Schema,https://academy.bricksbuilder.io/developer/schema/elements/woocommerce-breadcrumbs/,corpus/bricks-academy/developer/schema/elements/woocommerce-breadcrumbs.md,developer,developer/schema,schema,0,0,ok,
new:developer/schema/elements/woocommerce-cart-collaterals,Cart Totals Schema,https://academy.bricksbuilder.io/developer/schema/elements/woocommerce-cart-collaterals/,corpus/bricks-academy/developer/schema/elements/woocommerce-cart-collaterals.md,developer,developer/schema,schema,0,0,ok,
new:developer/schema/elements/woocommerce-cart-coupon,Cart Coupon Schema,https://academy.bricksbuilder.io/developer/schema/elements/woocommerce-cart-coupon/,corpus/bricks-academy/developer/schema/elements/woocommerce-cart-coupon.md,developer,developer/schema,schema,0,0,ok,
new:developer/schema/elements/woocommerce-cart-form,Cart Form Schema,https://academy.bricksbuilder.io/developer/schema/elements/woocommerce-cart-form/,corpus/bricks-academy/developer/schema/elements/woocommerce-cart-form.md,developer,developer/schema,schema,0,0,ok,
new:developer/schema/elements/woocommerce-cart-item-data,Cart Item Data Schema,https://academy.bricksbuilder.io/developer/schema/elements/woocommerce-cart-item-data/,corpus/bricks-academy/developer/schema/elements/woocommerce-cart-item-data.md,developer,developer/schema,schema,0,0,ok,
new:developer/schema/elements/woocommerce-cart-items,Cart Items Schema,https://academy.bricksbuilder.io/developer/schema/elements/woocommerce-cart-items/,corpus/bricks-academy/developer/schema/elements/woocommerce-cart-items.md,developer,developer/schema,schema,0,0,ok,
new:developer/schema/elements/woocommerce-cart-quantity,Cart Quantity Schema,https://academy.bricksbuilder.io/developer/schema/elements/woocommerce-cart-quantity/,corpus/bricks-academy/developer/schema/elements/woocommerce-cart-quantity.md,developer,developer/schema,schema,0,0,ok,
new:developer/schema/elements/woocommerce-cart-v2-state-cart,Filled Cart (StateWooCommerce Template Statebricks) Schema,https://academy.bricksbuilder.io/developer/schema/elements/woocommerce-cart-v2-state-cart/,corpus/bricks-academy/developer/schema/elements/woocommerce-cart-v2-state-cart.md,developer,developer/schema,schema,0,0,ok,
new:developer/schema/elements/woocommerce-cart-v2-state-empty,Empty Cart (StateWooCommerce Template Statebricks) Schema,https://academy.bricksbuilder.io/developer/schema/elements/woocommerce-cart-v2-state-empty/,corpus/bricks-academy/developer/schema/elements/woocommerce-cart-v2-state-empty.md,developer,developer/schema,schema,0,0,ok,
new:developer/schema/elements/woocommerce-cart-v2,Cart (V2) Schema,https://academy.bricksbuilder.io/developer/schema/elements/woocommerce-cart-v2/,corpus/bricks-academy/developer/schema/elements/woocommerce-cart-v2.md,developer,developer/schema,schema,0,0,ok,
new:developer/schema/elements/woocommerce-checkout-account-fields,Checkout Account Fields Schema,https://academy.bricksbuilder.io/developer/schema/elements/woocommerce-checkout-account-fields/,corpus/bricks-academy/developer/schema/elements/woocommerce-checkout-account-fields.md,developer,developer/schema,schema,0,0,ok,
new:developer/schema/elements/woocommerce-checkout-billing-address,Checkout Billing Address Schema,https://academy.bricksbuilder.io/developer/schema/elements/woocommerce-checkout-billing-address/,corpus/bricks-academy/developer/schema/elements/woocommerce-checkout-billing-address.md,developer,developer/schema,schema,0,0,ok,
new:developer/schema/elements/woocommerce-checkout-coupon,Checkout Coupon Schema,https://academy.bricksbuilder.io/developer/schema/elements/woocommerce-checkout-coupon/,corpus/bricks-academy/developer/schema/elements/woocommerce-checkout-coupon.md,developer,developer/schema,schema,0,0,ok,
new:developer/schema/elements/woocommerce-checkout-customer-details,Checkout Customer Details Schema,https://academy.bricksbuilder.io/developer/schema/elements/woocommerce-checkout-customer-details/,corpus/bricks-academy/developer/schema/elements/woocommerce-checkout-customer-details.md,developer,developer/schema,schema,0,0,ok,
new:developer/schema/elements/woocommerce-checkout-login,Checkout Login Schema,https://academy.bricksbuilder.io/developer/schema/elements/woocommerce-checkout-login/,corpus/bricks-academy/developer/schema/elements/woocommerce-checkout-login.md,developer,developer/schema,schema,0,0,ok,
new:developer/schema/elements/woocommerce-checkout-order-payment,Checkout Order Payment Schema,https://academy.bricksbuilder.io/developer/schema/elements/woocommerce-checkout-order-payment/,corpus/bricks-academy/developer/schema/elements/woocommerce-checkout-order-payment.md,developer,developer/schema,schema,0,0,ok,
new:developer/schema/elements/woocommerce-checkout-order-review,Checkout Order Review Schema,https://academy.bricksbuilder.io/developer/schema/elements/woocommerce-checkout-order-review/,corpus/bricks-academy/developer/schema/elements/woocommerce-checkout-order-review.md,developer,developer/schema,schema,0,0,ok,
new:developer/schema/elements/woocommerce-checkout-order-summary,Checkout Order Summary Schema,https://academy.bricksbuilder.io/developer/schema/elements/woocommerce-checkout-order-summary/,corpus/bricks-academy/developer/schema/elements/woocommerce-checkout-order-summary.md,developer,developer/schema,schema,0,0,ok,
new:developer/schema/elements/woocommerce-checkout-order-table,Checkout Order Table Schema,https://academy.bricksbuilder.io/developer/schema/elements/woocommerce-checkout-order-table/,corpus/bricks-academy/developer/schema/elements/woocommerce-checkout-order-table.md,developer,developer/schema,schema,0,0,ok,
new:developer/schema/elements/woocommerce-checkout-place-order,Checkout Place Order Schema,https://academy.bricksbuilder.io/developer/schema/elements/woocommerce-checkout-place-order/,corpus/bricks-academy/developer/schema/elements/woocommerce-checkout-place-order.md,developer,developer/schema,schema,0,0,ok,
new:developer/schema/elements/woocommerce-checkout-shipping-address,Checkout Shipping Address Schema,https://academy.bricksbuilder.io/developer/schema/elements/woocommerce-checkout-shipping-address/,corpus/bricks-academy/developer/schema/elements/woocommerce-checkout-shipping-address.md,developer,developer/schema,schema,0,0,ok,
new:developer/schema/elements/woocommerce-checkout-step-nav-item,Checkout Step Nav Item Schema,https://academy.bricksbuilder.io/developer/schema/elements/woocommerce-checkout-step-nav-item/,corpus/bricks-academy/developer/schema/elements/woocommerce-checkout-step-nav-item.md,developer,developer/schema,schema,0,0,ok,
new:developer/schema/elements/woocommerce-checkout-step,Checkout Step Schema,https://academy.bricksbuilder.io/developer/schema/elements/woocommerce-checkout-step/,corpus/bricks-academy/developer/schema/elements/woocommerce-checkout-step.md,developer,developer/schema,schema,0,0,ok,
new:developer/schema/elements/woocommerce-checkout-steps-nav,Checkout Steps Navigation Schema,https://academy.bricksbuilder.io/developer/schema/elements/woocommerce-checkout-steps-nav/,corpus/bricks-academy/developer/schema/elements/woocommerce-checkout-steps-nav.md,developer,developer/schema,schema,0,0,ok,
new:developer/schema/elements/woocommerce-checkout-thankyou,Checkout Thank You Schema,https://academy.bricksbuilder.io/developer/schema/elements/woocommerce-checkout-thankyou/,corpus/bricks-academy/developer/schema/elements/woocommerce-checkout-thankyou.md,developer,developer/schema,schema,0,0,ok,
new:developer/schema/elements/woocommerce-checkout-v2-state-checkout,Checkout (StateWooCommerce Template Statebricks) Schema,https://academy.bricksbuilder.io/developer/schema/elements/woocommerce-checkout-v2-state-checkout/,corpus/bricks-academy/developer/schema/elements/woocommerce-checkout-v2-state-checkout.md,developer,developer/schema,schema,0,0,ok,
new:developer/schema/elements/woocommerce-checkout-v2-state-login,Login Required (StateWooCommerce Template Statebricks) Schema,https://academy.bricksbuilder.io/developer/schema/elements/woocommerce-checkout-v2-state-login/,corpus/bricks-academy/developer/schema/elements/woocommerce-checkout-v2-state-login.md,developer,developer/schema,schema,0,0,ok,
new:developer/schema/elements/woocommerce-checkout-v2-state-pay,Pay (StateWooCommerce Template Statebricks) Schema,https://academy.bricksbuilder.io/developer/schema/elements/woocommerce-checkout-v2-state-pay/,corpus/bricks-academy/developer/schema/elements/woocommerce-checkout-v2-state-pay.md,developer,developer/schema,schema,0,0,ok,
new:developer/schema/elements/woocommerce-checkout-v2-state-receipt,Order Receipt (StateWooCommerce Template Statebricks) Schema,https://academy.bricksbuilder.io/developer/schema/elements/woocommerce-checkout-v2-state-receipt/,corpus/bricks-academy/developer/schema/elements/woocommerce-checkout-v2-state-receipt.md,developer,developer/schema,schema,0,0,ok,
new:developer/schema/elements/woocommerce-checkout-v2-state-thankyou,Thank You (StateWooCommerce Template Statebricks) Schema,https://academy.bricksbuilder.io/developer/schema/elements/woocommerce-checkout-v2-state-thankyou/,corpus/bricks-academy/developer/schema/elements/woocommerce-checkout-v2-state-thankyou.md,developer,developer/schema,schema,0,0,ok,
new:developer/schema/elements/woocommerce-checkout-v2,Checkout (V2) Schema,https://academy.bricksbuilder.io/developer/schema/elements/woocommerce-checkout-v2/,corpus/bricks-academy/developer/schema/elements/woocommerce-checkout-v2.md,developer,developer/schema,schema,0,0,ok,
new:developer/schema/elements/woocommerce-dynamic-fragment,Dynamic Fragment Schema,https://academy.bricksbuilder.io/developer/schema/elements/woocommerce-dynamic-fragment/,corpus/bricks-academy/developer/schema/elements/woocommerce-dynamic-fragment.md,developer,developer/schema,schema,0,0,ok,
new:developer/schema/elements/woocommerce-form-field,WooCommerce Form Field Schema,https://academy.bricksbuilder.io/developer/schema/elements/woocommerce-form-field/,corpus/bricks-academy/developer/schema/elements/woocommerce-form-field.md,developer,developer/schema,schema,0,0,ok,
new:developer/schema/elements/woocommerce-form-submit,WooCommerce Form Submit Schema,https://academy.bricksbuilder.io/developer/schema/elements/woocommerce-form-submit/,corpus/bricks-academy/developer/schema/elements/woocommerce-form-submit.md,developer,developer/schema,schema,0,0,ok,
new:developer/schema/elements/woocommerce-item-data,Woocommerce Item Data Schema,https://academy.bricksbuilder.io/developer/schema/elements/woocommerce-item-data/,corpus/bricks-academy/developer/schema/elements/woocommerce-item-data.md,developer,developer/schema,schema,0,0,ok,
new:developer/schema/elements/woocommerce-mini-cart,Mini Cart Schema,https://academy.bricksbuilder.io/developer/schema/elements/woocommerce-mini-cart/,corpus/bricks-academy/developer/schema/elements/woocommerce-mini-cart.md,developer,developer/schema,schema,0,0,ok,
new:developer/schema/elements/woocommerce-notice,Notice Schema,https://academy.bricksbuilder.io/developer/schema/elements/woocommerce-notice/,corpus/bricks-academy/developer/schema/elements/woocommerce-notice.md,developer,developer/schema,schema,0,0,ok,
new:developer/schema/elements/woocommerce-order-item-data,Order Item Data Schema,https://academy.bricksbuilder.io/developer/schema/elements/woocommerce-order-item-data/,corpus/bricks-academy/developer/schema/elements/woocommerce-order-item-data.md,developer,developer/schema,schema,0,0,ok,
new:developer/schema/elements/woocommerce-payment-options,Payment Options Schema,https://academy.bricksbuilder.io/developer/schema/elements/woocommerce-payment-options/,corpus/bricks-academy/developer/schema/elements/woocommerce-payment-options.md,developer,developer/schema,schema,0,0,ok,
new:developer/schema/elements/woocommerce-products-archive-description,Products Archive Description Schema,https://academy.bricksbuilder.io/developer/schema/elements/woocommerce-products-archive-description/,corpus/bricks-academy/developer/schema/elements/woocommerce-products-archive-description.md,developer,developer/schema,schema,0,0,ok,
new:developer/schema/elements/woocommerce-products-filter,Products Filter Schema,https://academy.bricksbuilder.io/developer/schema/elements/woocommerce-products-filter/,corpus/bricks-academy/developer/schema/elements/woocommerce-products-filter.md,developer,developer/schema,schema,0,0,ok,
new:developer/schema/elements/woocommerce-products-orderby,Products Orderby Schema,https://academy.bricksbuilder.io/developer/schema/elements/woocommerce-products-orderby/,corpus/bricks-academy/developer/schema/elements/woocommerce-products-orderby.md,developer,developer/schema,schema,0,0,ok,
new:developer/schema/elements/woocommerce-products-pagination,Products Pagination Schema,https://academy.bricksbuilder.io/developer/schema/elements/woocommerce-products-pagination/,corpus/bricks-academy/developer/schema/elements/woocommerce-products-pagination.md,developer,developer/schema,schema,0,0,ok,
new:developer/schema/elements/woocommerce-products-total-results,Products Total Results Schema,https://academy.bricksbuilder.io/developer/schema/elements/woocommerce-products-total-results/,corpus/bricks-academy/developer/schema/elements/woocommerce-products-total-results.md,developer,developer/schema,schema,0,0,ok,
new:developer/schema/elements/woocommerce-products,Products Schema,https://academy.bricksbuilder.io/developer/schema/elements/woocommerce-products/,corpus/bricks-academy/developer/schema/elements/woocommerce-products.md,developer,developer/schema,schema,0,0,ok,
new:developer/schema/elements/woocommerce-shipping-options,Shipping Options Schema,https://academy.bricksbuilder.io/developer/schema/elements/woocommerce-shipping-options/,corpus/bricks-academy/developer/schema/elements/woocommerce-shipping-options.md,developer,developer/schema,schema,0,0,ok,
new:developer/schema/elements/woocommerce-template-hook,WooCommerce Template Hook Schema,https://academy.bricksbuilder.io/developer/schema/elements/woocommerce-template-hook/,corpus/bricks-academy/developer/schema/elements/woocommerce-template-hook.md,developer,developer/schema,schema,0,0,ok,
new:developer/schema/elements/wordpress,WordPress Schema,https://academy.bricksbuilder.io/developer/schema/elements/wordpress/,corpus/bricks-academy/developer/schema/elements/wordpress.md,developer,developer/schema,schema,0,0,ok,
new:developer/schema/general/content-area,Content Area Schema,https://academy.bricksbuilder.io/developer/schema/general/content-area/,corpus/bricks-academy/developer/schema/general/content-area.md,developer,developer/schema,schema,0,0,ok,
new:developer/schema/global/breakpoints,Breakpoints Schema,https://academy.bricksbuilder.io/developer/schema/global/breakpoints/,corpus/bricks-academy/developer/schema/global/breakpoints.md,developer,developer/schema,schema,0,0,ok,
new:developer/schema/global/color-palettes,Color Palettes Schema,https://academy.bricksbuilder.io/developer/schema/global/color-palettes/,corpus/bricks-academy/developer/schema/global/color-palettes.md,developer,developer/schema,schema,0,0,ok,
new:developer/schema/global/components,Components Schema,https://academy.bricksbuilder.io/developer/schema/global/components/,corpus/bricks-academy/developer/schema/global/components.md,developer,developer/schema,schema,0,0,ok,
new:developer/schema/global/global-classes,Global Classes Schema,https://academy.bricksbuilder.io/developer/schema/global/global-classes/,corpus/bricks-academy/developer/schema/global/global-classes.md,developer,developer/schema,schema,0,0,ok,
new:developer/schema/global/global-variables,Global Variables Schema,https://academy.bricksbuilder.io/developer/schema/global/global-variables/,corpus/bricks-academy/developer/schema/global/global-variables.md,developer,developer/schema,schema,0,0,ok,
new:developer/schema/global/pseudo-classes,Pseudo-Classes Schema,https://academy.bricksbuilder.io/developer/schema/global/pseudo-classes/,corpus/bricks-academy/developer/schema/global/pseudo-classes.md,developer,developer/schema,schema,0,0,ok,
new:developer/schema/global/theme-styles,Theme Styles Schema,https://academy.bricksbuilder.io/developer/schema/global/theme-styles/,corpus/bricks-academy/developer/schema/global/theme-styles.md,developer,developer/schema,schema,0,0,ok,
new:developer/schema/settings/page,Page Settings Schema,https://academy.bricksbuilder.io/developer/schema/settings/page/,corpus/bricks-academy/developer/schema/settings/page.md,developer,developer/schema,schema,0,0,ok,
new:developer/schema/settings/template,Template Settings Schema,https://academy.bricksbuilder.io/developer/schema/settings/template/,corpus/bricks-academy/developer/schema/settings/template.md,developer,developer/schema,schema,0,0,ok,
new:getting-started,Getting Started,https://academy.bricksbuilder.io/getting-started/,corpus/bricks-academy/getting-started.md,getting-started,getting-started,guide,0,2,ok,external embeds preserved as links
new:getting-started/blog-post-template,Blog post template,https://academy.bricksbuilder.io/getting-started/blog-post-template/,corpus/bricks-academy/getting-started/blog-post-template.md,getting-started,getting-started/blog-post-template,guide,0,1,ok,external embeds preserved as links
new:getting-started/building-your-first-page,Start your first page,https://academy.bricksbuilder.io/getting-started/building-your-first-page/,corpus/bricks-academy/getting-started/building-your-first-page.md,getting-started,getting-started/building-your-first-page,guide,5,1,ok,external embeds preserved as links
new:getting-started/global-classes,Global classes,https://academy.bricksbuilder.io/getting-started/global-classes/,corpus/bricks-academy/getting-started/global-classes.md,getting-started,getting-started/global-classes,guide,1,1,ok,external embeds preserved as links
new:getting-started/header-template,Building a header template,https://academy.bricksbuilder.io/getting-started/header-template/,corpus/bricks-academy/getting-started/header-template.md,getting-started,getting-started/header-template,guide,1,1,ok,external embeds preserved as links
new:getting-started/installation-setup,Installation and setup,https://academy.bricksbuilder.io/getting-started/installation-setup/,corpus/bricks-academy/getting-started/installation-setup.md,getting-started,getting-started/installation-setup,guide,4,1,ok,external embeds preserved as links
new:getting-started/interface-tour,Interface tour,https://academy.bricksbuilder.io/getting-started/interface-tour/,corpus/bricks-academy/getting-started/interface-tour.md,getting-started,getting-started/interface-tour,guide,3,1,ok,external embeds preserved as links
new:getting-started/next-steps,Next steps,https://academy.bricksbuilder.io/getting-started/next-steps/,corpus/bricks-academy/getting-started/next-steps.md,getting-started,getting-started/next-steps,guide,0,2,ok,external embeds preserved as links
new:getting-started/query-loops-dynamic-data,Query loops and dynamic data,https://academy.bricksbuilder.io/getting-started/query-loops-dynamic-data/,corpus/bricks-academy/getting-started/query-loops-dynamic-data.md,getting-started,getting-started/query-loops-dynamic-data,guide,3,1,ok,external embeds preserved as links
new:getting-started/responsive-basics,Responsive basics,https://academy.bricksbuilder.io/getting-started/responsive-basics/,corpus/bricks-academy/getting-started/responsive-basics.md,getting-started,getting-started/responsive-basics,guide,0,1,ok,external embeds preserved as links
new:getting-started/settings-defaults,Settings and defaults,https://academy.bricksbuilder.io/getting-started/settings-defaults/,corpus/bricks-academy/getting-started/settings-defaults.md,getting-started,getting-started/settings-defaults,guide,0,1,ok,external embeds preserved as links
new:getting-started/templates-intro,An intro to templates,https://academy.bricksbuilder.io/getting-started/templates-intro/,corpus/bricks-academy/getting-started/templates-intro.md,getting-started,getting-started/templates-intro,guide,1,1,ok,external embeds preserved as links
new:getting-started/theme-styles,Theme styles,https://academy.bricksbuilder.io/getting-started/theme-styles/,corpus/bricks-academy/getting-started/theme-styles.md,getting-started,getting-started/theme-styles,guide,3,1,ok,external embeds preserved as links
new:integrations,Integrations,https://academy.bricksbuilder.io/integrations/,corpus/bricks-academy/integrations.md,integrations,integrations,guide,0,0,ok,
new:integrations/gutenberg,Gutenberg,https://academy.bricksbuilder.io/integrations/gutenberg/,corpus/bricks-academy/integrations/gutenberg.md,integrations,integrations/gutenberg,integration,2,0,ok,
new:integrations/gutenberg/components-as-blocks,Bricks components as blocks,https://academy.bricksbuilder.io/integrations/gutenberg/components-as-blocks/,corpus/bricks-academy/integrations/gutenberg/components-as-blocks.md,integrations,integrations/gutenberg,integration,0,1,ok,external embeds preserved as links
new:integrations/how-to-set-up-your-google-maps-api-key,How to set up your Google Maps API key,https://academy.bricksbuilder.io/integrations/how-to-set-up-your-google-maps-api-key/,corpus/bricks-academy/integrations/how-to-set-up-your-google-maps-api-key.md,integrations,integrations/how-to-set-up-your-google-maps-api-key,integration,4,0,ok,
new:integrations/how-to-use-wpml-with-bricks,How to use WPML with Bricks,https://academy.bricksbuilder.io/integrations/how-to-use-wpml-with-bricks/,corpus/bricks-academy/integrations/how-to-use-wpml-with-bricks.md,integrations,integrations/how-to-use-wpml-with-bricks,integration,21,0,ok,
new:integrations/instagram-access-token,How to get your Instagram Access Token,https://academy.bricksbuilder.io/integrations/instagram-access-token/,corpus/bricks-academy/integrations/instagram-access-token.md,integrations,integrations/instagram-access-token,integration,2,0,ok,
new:integrations/map-leaflet,Map (Leaflet),https://academy.bricksbuilder.io/integrations/map-leaflet/,corpus/bricks-academy/integrations/map-leaflet.md,integrations,integrations/map-leaflet,integration,0,0,ok,
new:integrations/polylang,How to use Polylang with Bricks,https://academy.bricksbuilder.io/integrations/polylang/,corpus/bricks-academy/integrations/polylang.md,integrations,integrations/polylang,integration,6,0,ok,
new:integrations/unsplash,Unsplash Integration,https://academy.bricksbuilder.io/integrations/unsplash/,corpus/bricks-academy/integrations/unsplash.md,integrations,integrations/unsplash,integration,0,1,ok,external embeds preserved as links
new:integrations/woocommerce,WooCommerce,https://academy.bricksbuilder.io/integrations/woocommerce/,corpus/bricks-academy/integrations/woocommerce.md,integrations,integrations/woocommerce,integration,0,0,ok,
new:integrations/woocommerce/advanced-modular-elements,WooCommerce advanced modular elements,https://academy.bricksbuilder.io/integrations/woocommerce/advanced-modular-elements/,corpus/bricks-academy/integrations/woocommerce/advanced-modular-elements.md,integrations,integrations/woocommerce,integration,5,0,ok,
new:integrations/woocommerce/cart,Cart (WooCommerce),https://academy.bricksbuilder.io/integrations/woocommerce/cart/,corpus/bricks-academy/integrations/woocommerce/cart.md,integrations,integrations/woocommerce,integration,11,0,ok,
new:integrations/woocommerce/checkout,Checkout (WooCommerce),https://academy.bricksbuilder.io/integrations/woocommerce/checkout/,corpus/bricks-academy/integrations/woocommerce/checkout.md,integrations,integrations/woocommerce,integration,8,0,ok,
new:integrations/woocommerce/create-custom-mini-cart-dynamic-fragment,Create a custom mini cart with Dynamic fragment,https://academy.bricksbuilder.io/integrations/woocommerce/create-custom-mini-cart-dynamic-fragment/,corpus/bricks-academy/integrations/woocommerce/create-custom-mini-cart-dynamic-fragment.md,integrations,integrations/woocommerce,integration,7,0,ok,
new:integrations/woocommerce/creating-dynamic-woocommerce-archive-pages,Creating dynamic WooCommerce archive pages,https://academy.bricksbuilder.io/integrations/woocommerce/creating-dynamic-woocommerce-archive-pages/,corpus/bricks-academy/integrations/woocommerce/creating-dynamic-woocommerce-archive-pages.md,integrations,integrations/woocommerce,integration,15,0,ok,
new:integrations/woocommerce/element-checkout-coupon,Element: Checkout Coupon,https://academy.bricksbuilder.io/integrations/woocommerce/element-checkout-coupon/,corpus/bricks-academy/integrations/woocommerce/element-checkout-coupon.md,integrations,integrations/woocommerce,integration,3,0,ok,
new:integrations/woocommerce/element-checkout-login,Element: Checkout Login,https://academy.bricksbuilder.io/integrations/woocommerce/element-checkout-login/,corpus/bricks-academy/integrations/woocommerce/element-checkout-login.md,integrations,integrations/woocommerce,integration,4,0,ok,
new:integrations/woocommerce/how-to-create-product-quick-view-with-bricks,How to Create Product Quick View with Bricks,https://academy.bricksbuilder.io/integrations/woocommerce/how-to-create-product-quick-view-with-bricks/,corpus/bricks-academy/integrations/woocommerce/how-to-create-product-quick-view-with-bricks.md,integrations,integrations/woocommerce,integration,6,0,ok,
new:integrations/woocommerce/multistep-checkout-v2,Checkout v2 multistep checkout,https://academy.bricksbuilder.io/integrations/woocommerce/multistep-checkout-v2/,corpus/bricks-academy/integrations/woocommerce/multistep-checkout-v2.md,integrations,integrations/woocommerce,integration,4,0,ok,
new:integrations/woocommerce/product-archive-woocommerce,Product Archive (WooCommerce),https://academy.bricksbuilder.io/integrations/woocommerce/product-archive-woocommerce/,corpus/bricks-academy/integrations/woocommerce/product-archive-woocommerce.md,integrations,integrations/woocommerce,integration,2,0,ok,
new:integrations/woocommerce/product-variation-swatches,Product Variation Swatches (WooCommerce),https://academy.bricksbuilder.io/integrations/woocommerce/product-variation-swatches/,corpus/bricks-academy/integrations/woocommerce/product-variation-swatches.md,integrations,integrations/woocommerce,integration,9,0,ok,
new:integrations/woocommerce/single-product,Single Product (WooCommerce),https://academy.bricksbuilder.io/integrations/woocommerce/single-product/,corpus/bricks-academy/integrations/woocommerce/single-product.md,integrations,integrations/woocommerce,integration,3,0,ok,
new:integrations/woocommerce/woo-setup-wizard,Woo Setup Wizard,https://academy.bricksbuilder.io/integrations/woocommerce/woo-setup-wizard/,corpus/bricks-academy/integrations/woocommerce/woo-setup-wizard.md,integrations,integrations/woocommerce,integration,4,0,ok,
new:integrations/woocommerce/woocommerce-account-builder,WooCommerce Account Builder,https://academy.bricksbuilder.io/integrations/woocommerce/woocommerce-account-builder/,corpus/bricks-academy/integrations/woocommerce/woocommerce-account-builder.md,integrations,integrations/woocommerce,integration,5,0,ok,
new:integrations/woocommerce/woocommerce-builder,WooCommerce Builder,https://academy.bricksbuilder.io/integrations/woocommerce/woocommerce-builder/,corpus/bricks-academy/integrations/woocommerce/woocommerce-builder.md,integrations,integrations/woocommerce,integration,5,0,ok,
new:integrations/woocommerce/woocommerce-notices,WooCommerce Notices,https://academy.bricksbuilder.io/integrations/woocommerce/woocommerce-notices/,corpus/bricks-academy/integrations/woocommerce/woocommerce-notices.md,integrations,integrations/woocommerce,integration,3,0,ok,
new:integrations/woocommerce/woocommerce-template-hooks,WooCommerce Template Hooks,https://academy.bricksbuilder.io/integrations/woocommerce/woocommerce-template-hooks/,corpus/bricks-academy/integrations/woocommerce/woocommerce-template-hooks.md,integrations,integrations/woocommerce,integration,6,0,ok,
new:integrations/woocommerce/woocommerce-v2-query-loops-dynamic-tags,WooCommerce v2 query loops and dynamic tags,https://academy.bricksbuilder.io/integrations/woocommerce/woocommerce-v2-query-loops-dynamic-tags/,corpus/bricks-academy/integrations/woocommerce/woocommerce-v2-query-loops-dynamic-tags.md,integrations,integrations/woocommerce,integration,2,0,ok,
new:privacy,Privacy,https://academy.bricksbuilder.io/privacy/,corpus/bricks-academy/privacy.md,privacy,privacy,guide,0,0,ok,
